\BOOKMARK [0][-]{chapter.1}{\376\377\0000\0001\000-\127\372\170\100\000/\0000\0001\000-\145\160\133\146\213\355\212\000\116\016\220\073\217\221\000.\000m\000d}{}% 1
\BOOKMARK [1][-]{section.1.1}{\376\377\173\054\0001\172\340\377\032\220\073\217\221\127\372\170\100}{chapter.1}% 2
\BOOKMARK [2][-]{subsection.1.1.1}{\376\377\0002\000.\0001\000\040\124\175\230\230\220\073\217\221}{section.1.1}% 3
\BOOKMARK [2][-]{subsection.1.1.2}{\376\377\0002\000.\0002\000\040\214\023\213\315\220\073\217\221}{section.1.1}% 4
\BOOKMARK [2][-]{subsection.1.1.3}{\376\377\0002\000.\0003\000\040\126\333\171\315\124\175\230\230}{section.1.1}% 5
\BOOKMARK [2][-]{subsection.1.1.4}{\376\377\0002\000.\0004\000\040\121\105\122\006\147\141\116\366\116\016\137\305\211\201\147\141\116\366}{section.1.1}% 6
\BOOKMARK [2][-]{subsection.1.1.5}{\376\377\0002\000.\0005\000\040\121\150\171\360\124\175\230\230\116\016\133\130\127\050\124\175\230\230}{section.1.1}% 7
\BOOKMARK [2][-]{subsection.1.1.6}{\376\377\0002\000.\0006\000\040\213\301\146\016\145\271\154\325}{section.1.1}% 8
\BOOKMARK [2][-]{subsection.1.1.7}{\376\377\147\054\172\340\134\125\147\033}{section.1.1}% 9
\BOOKMARK [0][-]{chapter.2}{\376\377\0000\0001\000-\127\372\170\100\000/\0000\0002\000-\145\160\133\146\173\046\123\367\116\016\145\160\133\146\213\355\212\000\000.\000m\000d}{}% 10
\BOOKMARK [1][-]{section.2.1}{\376\377\173\054\0002\172\340\377\032\145\160\133\146\173\046\123\367\116\016\145\160\133\146\213\355\212\000}{chapter.2}% 11
\BOOKMARK [2][-]{subsection.2.1.1}{\376\377\0001\000.\0001\000\040\220\073\217\221\173\046\123\367}{section.2.1}% 12
\BOOKMARK [2][-]{subsection.2.1.2}{\376\377\0001\000.\0002\000\040\226\306\124\010\173\046\123\367}{section.2.1}% 13
\BOOKMARK [2][-]{subsection.2.1.3}{\376\377\0001\000.\0003\000\040\145\160\174\373\173\046\123\367}{section.2.1}% 14
\BOOKMARK [2][-]{subsection.2.1.4}{\376\377\0001\000.\0004\000\040\121\163\174\373\116\016\136\217\173\046\123\367}{section.2.1}% 15
\BOOKMARK [2][-]{subsection.2.1.5}{\376\377\0001\000.\0005\000\040\217\320\173\227\173\046\123\367}{section.2.1}% 16
\BOOKMARK [2][-]{subsection.2.1.6}{\376\377\0001\000.\0006\000\040\121\375\145\160\116\016\122\006\147\220\173\046\123\367}{section.2.1}% 17
\BOOKMARK [2][-]{subsection.2.1.7}{\376\377\0001\000.\0007\000\040\116\011\211\322\121\375\145\160\173\046\123\367}{section.2.1}% 18
\BOOKMARK [2][-]{subsection.2.1.8}{\376\377\0001\000.\0008\000\040\121\340\117\125\173\046\123\367}{section.2.1}% 19
\BOOKMARK [2][-]{subsection.2.1.9}{\376\377\0001\000.\0009\000\040\136\014\201\112\133\127\153\315\210\150}{section.2.1}% 20
\BOOKMARK [2][-]{subsection.2.1.10}{\376\377\0001\000.\0001\0000\000\040\213\301\146\016\116\055\166\204\136\070\165\050\173\046\123\367}{section.2.1}% 21
\BOOKMARK [2][-]{subsection.2.1.11}{\376\377\147\054\172\340\134\125\147\033}{section.2.1}% 22
\BOOKMARK [0][-]{chapter.3}{\376\377\0000\0001\000-\127\372\170\100\000/\0000\0003\000-\145\160\213\272\127\372\170\100\000.\000m\000d}{}% 23
\BOOKMARK [1][-]{section.3.1}{\376\377\173\054\0001\0009\172\340\377\032\145\164\226\144}{chapter.3}% 24
\BOOKMARK [1][-]{section.3.2}{\376\377\173\054\0002\0000\172\340\377\032\147\000\131\047\121\154\176\246\145\160\116\016\147\000\134\017\121\154\120\015\145\160}{chapter.3}% 25
\BOOKMARK [1][-]{section.3.3}{\376\377\173\054\0002\0001\172\340\377\032\175\040\145\160}{chapter.3}% 26
\BOOKMARK [1][-]{section.3.4}{\376\377\173\054\0002\0002\172\340\377\032\124\014\117\131}{chapter.3}% 27
\BOOKMARK [2][-]{subsection.3.4.1}{\376\377\147\054\172\340\134\125\147\033}{section.3.4}% 28
\BOOKMARK [0][-]{chapter.4}{\376\377\0000\0001\000-\127\372\170\100\000/\0000\0004\000-\121\154\164\006\123\026\116\016\127\372\170\100\124\362\133\146\000.\000m\000d}{}% 29
\BOOKMARK [1][-]{section.4.1}{\376\377\173\054\0002\0003\172\340\377\032\121\154\164\006\123\026\145\271\154\325\166\204\157\024\217\333}{chapter.4}% 30
\BOOKMARK [2][-]{subsection.4.1.1}{\376\377\0001\0007\0002\000.\0001\000\040\000E\000u\000c\000l\000i\000d\000\040\166\204\121\154\164\006\123\026\117\123\174\373}{section.4.1}% 31
\BOOKMARK [2][-]{subsection.4.1.2}{\376\377\0001\0007\0002\000.\0002\000\040\227\136\153\047\121\340\117\125\377\032\136\163\210\114\121\154\213\276\162\354\172\313\140\047\166\204\213\301\146\016}{section.4.1}% 32
\BOOKMARK [2][-]{subsection.4.1.3}{\376\377\0001\0007\0002\000.\0003\000\040\000H\000i\000l\000b\000e\000r\000t\000\040\166\204\121\154\164\006\123\026\176\262\230\206}{section.4.1}% 33
\BOOKMARK [2][-]{subsection.4.1.4}{\376\377\0001\0007\0002\000.\0004\000\040\000B\000o\000u\000r\000b\000a\000k\000i\000\040\166\204\176\323\147\204\116\073\116\111}{section.4.1}% 34
\BOOKMARK [1][-]{section.4.2}{\376\377\173\054\0002\0004\172\340\377\032\226\306\124\010\213\272\116\016\145\160\133\146\127\372\170\100\123\161\147\072}{chapter.4}% 35
\BOOKMARK [2][-]{subsection.4.2.1}{\376\377\0001\0007\0003\000.\0001\000\040\000C\000a\000n\000t\000o\000r\000\040\226\306\124\010\213\272\116\016\133\371\211\322\176\277\213\272\213\301}{section.4.2}% 36
\BOOKMARK [2][-]{subsection.4.2.2}{\376\377\0001\0007\0003\000.\0002\000\040\000R\000u\000s\000s\000e\000l\000l\000\040\140\226\213\272\116\016\174\173\127\213\213\272}{section.4.2}% 37
\BOOKMARK [2][-]{subsection.4.2.3}{\376\377\0001\0007\0003\000.\0003\000\040\000Z\000F\000C\000\040\121\154\164\006\123\026\226\306\124\010\213\272}{section.4.2}% 38
\BOOKMARK [1][-]{section.4.3}{\376\377\173\054\0002\0005\172\340\377\032\145\160\133\146\124\362\133\146\040\024\040\024\133\236\127\050\213\272\116\016\123\315\133\236\127\050\213\272}{chapter.4}% 39
\BOOKMARK [2][-]{subsection.4.3.1}{\376\377\0001\0007\0004\000.\0001\000\040\147\317\142\311\126\376\116\073\116\111\377\010\145\160\133\146\133\236\127\050\213\272\377\011}{section.4.3}% 40
\BOOKMARK [2][-]{subsection.4.3.2}{\376\377\0001\0007\0004\000.\0002\000\040\137\142\137\017\116\073\116\111}{section.4.3}% 41
\BOOKMARK [2][-]{subsection.4.3.3}{\376\377\0001\0007\0004\000.\0003\000\040\220\073\217\221\116\073\116\111}{section.4.3}% 42
\BOOKMARK [2][-]{subsection.4.3.4}{\376\377\0001\0007\0004\000.\0004\000\040\166\364\211\311\116\073\116\111\377\010\147\204\220\040\116\073\116\111\377\011}{section.4.3}% 43
\BOOKMARK [2][-]{subsection.4.3.5}{\376\377\0001\0007\0004\000.\0005\000\040\176\323\147\204\116\073\116\111\116\016\203\003\165\164\213\272\127\372\170\100}{section.4.3}% 44
\BOOKMARK [1][-]{section.4.4}{\376\377\173\054\0002\0006\172\340\377\032\145\160\133\146\127\372\170\100\166\204\213\244\213\306\213\272\225\356\230\230}{chapter.4}% 45
\BOOKMARK [2][-]{subsection.4.4.1}{\376\377\0001\0007\0005\000.\0001\000\040\220\011\142\351\121\154\164\006\166\204\116\211\213\272}{section.4.4}% 46
\BOOKMARK [2][-]{subsection.4.4.2}{\376\377\0001\0007\0005\000.\0002\000\040\213\241\173\227\147\072\213\301\146\016\166\204\213\244\213\306\213\272}{section.4.4}% 47
\BOOKMARK [2][-]{subsection.4.4.3}{\376\377\0001\0007\0005\000.\0003\000\040\145\160\133\146\127\372\170\100\166\204\131\032\121\103\140\047}{section.4.4}% 48
\BOOKMARK [2][-]{subsection.4.4.4}{\376\377\000P\000o\000l\000i\000s\000h\172\172\225\364}{section.4.4}% 49
\BOOKMARK [2][-]{subsection.4.4.5}{\376\377\000B\000o\000r\000e\000l\134\102\176\247}{section.4.4}% 50
\BOOKMARK [2][-]{subsection.4.4.6}{\376\377\134\004\137\161\134\102\176\247}{section.4.4}% 51
\BOOKMARK [2][-]{subsection.4.4.7}{\376\377\147\320\116\233\155\361\134\102\200\124\174\373}{section.4.4}% 52
\BOOKMARK [0][-]{chapter.5}{\376\377\0000\0001\000-\127\372\170\100\000/\0000\0002\000-\226\306\124\010\116\016\145\160\174\373\000/\0000\0001\000-\226\306\124\010\213\272\000.\000m\000d}{}% 53
\BOOKMARK [1][-]{section.5.1}{\376\377\173\054\0003\172\340\377\032\226\306\124\010\166\204\127\372\147\054\151\202\137\365}{chapter.5}% 54
\BOOKMARK [1][-]{section.5.2}{\376\377\173\054\0004\172\340\377\032\226\306\124\010\166\204\217\320\173\227}{chapter.5}% 55
\BOOKMARK [1][-]{section.5.3}{\376\377\173\054\0005\172\340\377\032\121\163\174\373}{chapter.5}% 56
\BOOKMARK [1][-]{section.5.4}{\376\377\173\054\0006\172\340\377\032\121\375\145\160}{chapter.5}% 57
\BOOKMARK [1][-]{section.5.5}{\376\377\173\054\0007\172\340\377\032\000Z\000F\000C\121\154\164\006\174\373\176\337\173\200\116\313}{chapter.5}% 58
\BOOKMARK [1][-]{section.5.6}{\376\377\173\054\0008\172\340\377\032\127\372\145\160\173\200\116\313}{chapter.5}% 59
\BOOKMARK [2][-]{subsection.5.6.1}{\376\377\147\054\172\340\134\125\147\033}{section.5.6}% 60
\BOOKMARK [0][-]{chapter.6}{\376\377\0000\0001\000-\127\372\170\100\000/\0000\0002\000-\226\306\124\010\116\016\145\160\174\373\000/\0000\0002\000-\145\160\174\373\147\204\220\040\000.\000m\000d}{}% 61
\BOOKMARK [1][-]{section.6.1}{\376\377\173\054\0009\172\340\377\032\201\352\161\066\145\160\377\010\166\256\116\232\213\372\121\154\164\006\377\011}{chapter.6}% 62
\BOOKMARK [1][-]{section.6.2}{\376\377\173\054\0001\0000\172\340\377\032\145\164\145\160}{chapter.6}% 63
\BOOKMARK [1][-]{section.6.3}{\376\377\173\054\0001\0001\172\340\377\032\147\011\164\006\145\160}{chapter.6}% 64
\BOOKMARK [1][-]{section.6.4}{\376\377\173\054\0001\0002\172\340\377\032\133\236\145\160}{chapter.6}% 65
\BOOKMARK [1][-]{section.6.5}{\376\377\173\054\0001\0003\172\340\377\032\131\015\145\160}{chapter.6}% 66
\BOOKMARK [2][-]{subsection.6.5.1}{\376\377\147\054\172\340\134\125\147\033}{section.6.5}% 67
\BOOKMARK [0][-]{chapter.7}{\376\377\0000\0001\000-\127\372\170\100\000/\0000\0002\000-\226\306\124\010\116\016\145\160\174\373\000/\0000\0004\000-\150\074\213\272\116\016\136\217\176\323\147\204\000.\000m\000d}{}% 68
\BOOKMARK [0][-]{chapter.8}{\376\377\150\074\213\272\116\016\136\217\176\323\147\204}{}% 69
\BOOKMARK [1][-]{section.8.1}{\376\377\173\054\0001\0004\172\340\377\032\120\117\136\217\226\306\116\016\150\074}{chapter.8}% 70
\BOOKMARK [2][-]{subsection.8.1.1}{\376\377\0008\0008\000.\0001\000\040\120\117\136\217\226\306\166\204\127\372\147\054\151\202\137\365}{section.8.1}% 71
\BOOKMARK [2][-]{subsection.8.1.2}{\376\377\0008\0008\000.\0002\000\040\150\074\166\204\133\232\116\111\116\016\127\372\147\054\140\047\215\050}{section.8.1}% 72
\BOOKMARK [2][-]{subsection.8.1.3}{\376\377\0008\0008\000.\0003\000\040\133\214\131\007\150\074\116\016\116\015\122\250\160\271\133\232\164\006}{section.8.1}% 73
\BOOKMARK [2][-]{subsection.8.1.4}{\376\377\0008\0008\000.\0004\000\040\000B\000o\000o\000l\116\343\145\160}{section.8.1}% 74
\BOOKMARK [2][-]{subsection.8.1.5}{\376\377\0008\0008\000.\0005\000\040\000H\000e\000y\000t\000i\000n\000g\116\343\145\160\116\016\166\364\211\311\116\073\116\111\220\073\217\221}{section.8.1}% 75
\BOOKMARK [1][-]{section.8.2}{\376\377\173\054\0001\0005\172\340\377\032\127\337\164\006\213\272\116\016\217\336\176\355\150\074}{chapter.8}% 76
\BOOKMARK [2][-]{subsection.8.2.1}{\376\377\0008\0009\000.\0001\000\040\133\232\124\021\133\214\131\007\120\117\136\217\116\016\000S\000c\000o\000t\000t\142\323\142\121}{section.8.2}% 77
\BOOKMARK [2][-]{subsection.8.2.2}{\376\377\0008\0009\000.\0002\000\040\217\336\176\355\150\074\116\016\000S\000c\000o\000t\000t\127\337}{section.8.2}% 78
\BOOKMARK [2][-]{subsection.8.2.3}{\376\377\0008\0009\000.\0003\000\040\150\074\127\050\164\006\213\272\213\241\173\227\147\072\171\321\133\146\116\055\166\204\136\224\165\050}{section.8.2}% 79
\BOOKMARK [0][-]{chapter.9}{\376\377\0000\0001\000-\127\372\170\100\000/\0000\0002\000-\226\306\124\010\116\016\145\160\174\373\000/\0000\0005\000-\227\136\150\007\121\306\122\006\147\220\000.\000m\000d}{}% 80
\BOOKMARK [0][-]{chapter.10}{\376\377\227\136\150\007\121\306\122\006\147\220}{}% 81
\BOOKMARK [1][-]{section.10.1}{\376\377\173\054\0001\0006\172\340\377\032\215\205\136\102\147\204\220\040\116\016\215\205\133\236\145\160}{chapter.10}% 82
\BOOKMARK [2][-]{subsection.10.1.1}{\376\377\000x\000.\0001\000\040\215\205\156\344\133\120\116\016\215\205\171\357}{section.10.1}% 83
\BOOKMARK [2][-]{subsection.10.1.2}{\376\377\000x\000.\0002\000\040\215\205\133\236\145\160\127\337\000\040\000\136\003\002\000*\000\134\000m\000a\000t\000h\000b\000b\000\173\000R\000\175}{section.10.1}% 84
\BOOKMARK [2][-]{subsection.10.1.3}{\376\377\000x\000.\0003\000\040\231\161\124\214\140\047\123\237\164\006}{section.10.1}% 85
\BOOKMARK [1][-]{section.10.2}{\376\377\173\054\0001\0007\172\340\377\032\227\136\150\007\121\306\137\256\171\357\122\006}{chapter.10}% 86
\BOOKMARK [2][-]{subsection.10.2.1}{\376\377\000x\000+\0001\000.\0001\000\040\150\007\121\306\220\350\122\006\146\040\134\004}{section.10.2}% 87
\BOOKMARK [2][-]{subsection.10.2.2}{\376\377\000x\000+\0001\000.\0002\000\040\217\336\176\355\140\047\166\204\227\136\150\007\121\306\122\073\165\073}{section.10.2}% 88
\BOOKMARK [2][-]{subsection.10.2.3}{\376\377\000x\000+\0001\000.\0003\000\040\137\256\122\006\166\204\227\136\150\007\121\306\133\232\116\111}{section.10.2}% 89
\BOOKMARK [2][-]{subsection.10.2.4}{\376\377\000x\000+\0001\000.\0004\000\040\000R\000i\000e\000m\000a\000n\000n\171\357\122\006\166\204\227\136\150\007\121\306\133\232\116\111}{section.10.2}% 90
\BOOKMARK [1][-]{section.10.3}{\376\377\173\054\0001\0008\172\340\377\032\227\136\150\007\121\306\154\333\121\375\122\006\147\220\116\016\136\224\165\050}{chapter.10}% 91
\BOOKMARK [2][-]{subsection.10.3.1}{\376\377\000x\000+\0002\000.\0001\000\040\227\136\150\007\121\306\000H\000i\000l\000b\000e\000r\000t\172\172\225\364}{section.10.3}% 92
\BOOKMARK [2][-]{subsection.10.3.2}{\376\377\000x\000+\0002\000.\0002\000\040\000L\000o\000e\000b\155\113\136\246}{section.10.3}% 93
\BOOKMARK [2][-]{subsection.10.3.3}{\376\377\000x\000+\0002\000.\0003\000\040\000B\000e\000r\000n\000s\000t\000e\000i\000n\000-\000R\000o\000b\000i\000n\000s\000o\000n\116\015\123\330\133\120\172\172\225\364\133\232\164\006}{section.10.3}% 94
\BOOKMARK [2][-]{subsection.10.3.4}{\376\377\000x\000+\0002\000.\0004\000\040\000N\000e\000l\000s\000o\000n\157\300\217\333\155\113\136\246\213\272}{section.10.3}% 95
\BOOKMARK [2][-]{subsection.10.3.5}{\376\377\000x\000+\0002\000.\0005\000\040\227\136\150\007\121\306\145\271\154\325\127\050\176\317\155\116\133\146\124\214\145\160\164\006\221\321\207\215\116\055\166\204\136\224\165\050}{section.10.3}% 96
\BOOKMARK [0][-]{chapter.11}{\376\377\0000\0001\000-\127\372\170\100\000/\0000\0005\000-\122\035\173\111\116\343\145\160\000/\0000\0001\000-\116\343\145\160\217\320\173\227\000.\000m\000d}{}% 97
\BOOKMARK [1][-]{section.11.1}{\376\377\173\054\0002\0007\172\340\377\032\116\343\145\160\217\320\173\227\116\016\217\320\173\227\137\213}{chapter.11}% 98
\BOOKMARK [2][-]{subsection.11.1.1}{\376\377\0006\000.\0001\000\040\116\214\121\103\217\320\173\227\116\016\116\343\145\160\176\323\147\204}{section.11.1}% 99
\BOOKMARK [2][-]{subsection.11.1.2}{\376\377\0006\000.\0002\000\040\201\352\161\066\145\160\217\320\173\227\137\213}{section.11.1}% 100
\BOOKMARK [2][-]{subsection.11.1.3}{\376\377\0006\000.\0003\000\040\145\164\145\160\217\320\173\227\137\213}{section.11.1}% 101
\BOOKMARK [2][-]{subsection.11.1.4}{\376\377\0006\000.\0004\000\040\133\236\145\160\217\320\173\227\137\213\377\010\127\337\121\154\164\006\377\011}{section.11.1}% 102
\BOOKMARK [2][-]{subsection.11.1.5}{\376\377\0006\000.\0005\000\040\143\007\145\160\217\320\173\227\137\213}{section.11.1}% 103
\BOOKMARK [0][-]{chapter.12}{\376\377\0000\0001\000-\127\372\170\100\000/\0000\0005\000-\122\035\173\111\116\343\145\160\000/\0000\0003\000-\145\271\172\013\116\016\116\015\173\111\137\017\000.\000m\000d}{}% 104
\BOOKMARK [1][-]{section.12.1}{\376\377\173\054\0002\0008\172\340\377\032\145\271\172\013\116\016\145\271\172\013\176\304}{chapter.12}% 105
\BOOKMARK [2][-]{subsection.12.1.1}{\376\377\0008\000.\0001\000\040\145\271\172\013\166\204\127\372\147\054\151\202\137\365}{section.12.1}% 106
\BOOKMARK [2][-]{subsection.12.1.2}{\376\377\0008\000.\0002\000\040\116\000\121\103\116\000\153\041\145\271\172\013}{section.12.1}% 107
\BOOKMARK [2][-]{subsection.12.1.3}{\376\377\0008\000.\0003\000\040\116\214\121\103\116\000\153\041\145\271\172\013\176\304}{section.12.1}% 108
\BOOKMARK [2][-]{subsection.12.1.4}{\376\377\0008\000.\0004\000\040\116\000\121\103\116\214\153\041\145\271\172\013}{section.12.1}% 109
\BOOKMARK [2][-]{subsection.12.1.5}{\376\377\0008\000.\0005\000\040\122\006\137\017\145\271\172\013\116\016\145\340\164\006\145\271\172\013}{section.12.1}% 110
\BOOKMARK [2][-]{subsection.12.1.6}{\376\377\0008\000.\0006\000\040\232\330\153\041\145\271\172\013\173\200\116\313}{section.12.1}% 111
\BOOKMARK [1][-]{section.12.2}{\376\377\173\054\0002\0009\172\340\377\032\116\015\173\111\137\017}{chapter.12}% 112
\BOOKMARK [2][-]{subsection.12.2.1}{\376\377\0009\000.\0001\000\040\127\372\147\054\140\047\215\050}{section.12.2}% 113
\BOOKMARK [2][-]{subsection.12.2.2}{\376\377\0009\000.\0002\000\040\116\000\121\103\116\000\153\041\116\015\173\111\137\017\176\304}{section.12.2}% 114
\BOOKMARK [2][-]{subsection.12.2.3}{\376\377\0009\000.\0003\000\040\116\000\121\103\116\214\153\041\116\015\173\111\137\017}{section.12.2}% 115
\BOOKMARK [2][-]{subsection.12.2.4}{\376\377\0009\000.\0004\000\040\176\335\133\371\120\074\116\015\173\111\137\017}{section.12.2}% 116
\BOOKMARK [2][-]{subsection.12.2.5}{\376\377\0009\000.\0005\000\040\127\107\120\074\116\015\173\111\137\017}{section.12.2}% 117
\BOOKMARK [2][-]{subsection.12.2.6}{\376\377\0009\000.\0006\000\040\147\357\211\177\000-\145\275\164\346\203\050\116\015\173\111\137\017}{section.12.2}% 118
\BOOKMARK [0][-]{chapter.13}{\376\377\0000\0001\000-\127\372\170\100\000/\0000\0005\000-\122\035\173\111\116\343\145\160\000/\0000\0004\000-\220\073\217\221\116\016\176\277\140\047\211\304\122\022\000.\000m\000d}{}% 119
\BOOKMARK [1][-]{section.13.1}{\376\377\173\054\0003\0000\172\340\377\032\220\073\217\221}{chapter.13}% 120
\BOOKMARK [2][-]{subsection.13.1.1}{\376\377\0004\000.\0001\000\040\124\175\230\230\220\073\217\221}{section.13.1}% 121
\BOOKMARK [2][-]{subsection.13.1.2}{\376\377\0004\000.\0002\000\040\203\003\137\017\116\016\220\073\217\221\121\375\145\160\166\204\133\214\131\007\140\047}{section.13.1}% 122
\BOOKMARK [2][-]{subsection.13.1.3}{\376\377\0004\000.\0003\000\040\214\023\213\315\220\073\217\221\116\016\221\317\213\315}{section.13.1}% 123
\BOOKMARK [2][-]{subsection.13.1.4}{\376\377\0004\000.\0004\000\040\136\003\134\024\116\343\145\160}{section.13.1}% 124
\BOOKMARK [1][-]{section.13.2}{\376\377\173\054\0003\0001\172\340\377\032\176\277\140\047\211\304\122\022}{chapter.13}% 125
\BOOKMARK [2][-]{subsection.13.2.1}{\376\377\0005\000.\0001\000\040\176\277\140\047\211\304\122\022\166\204\150\007\121\306\137\142\137\017\116\016\127\372\147\054\151\202\137\365}{section.13.2}% 126
\BOOKMARK [2][-]{subsection.13.2.2}{\376\377\0005\000.\0002\000\040\123\125\176\257\137\142\154\325}{section.13.2}% 127
\BOOKMARK [2][-]{subsection.13.2.3}{\376\377\0005\000.\0003\000\040\133\371\120\166\164\006\213\272\116\016\124\016\147\000\117\030\122\006\147\220}{section.13.2}% 128
\BOOKMARK [0][-]{chapter.14}{\376\377\0000\0002\000-\121\340\117\125\000/\0000\0001\000-\153\047\154\017\121\340\117\125\000/\0000\0001\000-\136\163\227\142\121\340\117\125\000.\000m\000d}{}% 129
\BOOKMARK [1][-]{section.14.1}{\376\377\173\054\0003\0002\172\340\377\032\153\047\154\017\121\340\117\125\166\204\121\154\164\006\117\123\174\373}{chapter.14}% 130
\BOOKMARK [2][-]{subsection.14.1.1}{\376\377\0001\0002\000.\0002\000\040\230\172\136\217\121\154\164\006}{section.14.1}% 131
\BOOKMARK [2][-]{subsection.14.1.2}{\376\377\0001\0002\000.\0003\000\040\124\010\124\014\121\154\164\006}{section.14.1}% 132
\BOOKMARK [2][-]{subsection.14.1.3}{\376\377\0001\0002\000.\0004\000\040\136\163\210\114\121\154\164\006}{section.14.1}% 133
\BOOKMARK [2][-]{subsection.14.1.4}{\376\377\0001\0002\000.\0005\000\040\217\336\176\355\121\154\164\006}{section.14.1}% 134
\BOOKMARK [1][-]{section.14.2}{\376\377\173\054\0003\0003\172\340\377\032\116\316\121\154\164\006\143\250\133\374\133\232\164\006}{chapter.14}% 135
\BOOKMARK [2][-]{subsection.14.2.1}{\376\377\0001\0002\000.\0007\000\040\121\154\164\006\174\373\176\337\166\204\166\370\133\271\140\047\116\016\162\354\172\313\140\047}{section.14.2}% 136
\BOOKMARK [0][-]{chapter.15}{\376\377\0000\0002\000-\121\340\117\125\000/\0000\0001\000-\153\047\154\017\121\340\117\125\000/\0000\0002\000-\116\011\211\322\137\142\116\016\127\006\000.\000m\000d}{}% 137
\BOOKMARK [1][-]{section.15.1}{\376\377\173\054\0003\0004\172\340\377\032\116\011\211\322\137\142}{chapter.15}% 138
\BOOKMARK [1][-]{section.15.2}{\376\377\173\054\0003\0005\172\340\377\032\126\333\217\271\137\142}{chapter.15}% 139
\BOOKMARK [1][-]{section.15.3}{\376\377\173\054\0003\0006\172\340\377\032\166\370\117\074}{chapter.15}% 140
\BOOKMARK [1][-]{section.15.4}{\376\377\173\054\0003\0007\172\340\377\032\127\006}{chapter.15}% 141
\BOOKMARK [1][-]{section.15.5}{\376\377\173\054\0003\0008\172\340\377\032\227\142\171\357}{chapter.15}% 142
\BOOKMARK [1][-]{section.15.6}{\376\377\173\054\0003\0009\172\340\377\032\225\020\211\322\116\011\211\322\121\375\145\160}{chapter.15}% 143
\BOOKMARK [0][-]{chapter.16}{\376\377\0000\0002\000-\121\340\117\125\000/\0000\0002\000-\172\313\117\123\121\340\117\125\116\016\124\021\221\317\000/\0000\0001\000-\172\313\117\123\121\340\117\125\000.\000m\000d}{}% 144
\BOOKMARK [1][-]{section.16.1}{\376\377\173\054\0004\0000\172\340\377\032\172\313\117\123\121\340\117\125}{chapter.16}% 145
\BOOKMARK [0][-]{chapter.17}{\376\377\0000\0002\000-\121\340\117\125\000/\0000\0002\000-\172\313\117\123\121\340\117\125\116\016\124\021\221\317\000/\0000\0002\000-\124\021\221\317\116\016\121\340\117\125\127\372\170\100\000.\000m\000d}{}% 146
\BOOKMARK [1][-]{section.17.1}{\376\377\173\054\0004\0001\172\340\377\032\124\021\221\317}{chapter.17}% 147
\BOOKMARK [2][-]{subsection.17.1.1}{\376\377\0001\0005\000.\0002\000\040\172\172\225\364\124\021\221\317}{section.17.1}% 148
\BOOKMARK [2][-]{subsection.17.1.2}{\376\377\0001\0005\000.\0003\000\040\124\021\221\317\154\325\211\343\172\313\117\123\121\340\117\125}{section.17.1}% 149
\BOOKMARK [2][-]{subsection.17.1.3}{\376\377\0001\0005\000.\0004\000\040\124\021\221\317\154\325\213\301\146\016\121\340\117\125\133\232\164\006}{section.17.1}% 150
\BOOKMARK [0][-]{chapter.18}{\376\377\0000\0002\000-\121\340\117\125\000/\0000\0002\000-\172\313\117\123\121\340\117\125\116\016\124\021\221\317\000/\0000\0003\000-\121\340\117\125\127\372\170\100\116\016\121\154\164\006\117\123\174\373\000.\000m\000d}{}% 151
\BOOKMARK [1][-]{section.18.1}{\376\377\173\054\0004\0002\172\340\377\032\121\340\117\125\127\372\170\100\116\016\121\154\164\006\117\123\174\373}{chapter.18}% 152
\BOOKMARK [2][-]{subsection.18.1.1}{\376\377\0002\0004\000.\0001\000\040\000E\000u\000c\000l\000i\000d\000\040\121\154\164\006\117\123\174\373\166\204\126\336\230\176\116\016\000\040\000H\000i\000l\000b\000e\000r\000t\000\040\166\204\122\250\147\072}{section.18.1}% 153
\BOOKMARK [2][-]{subsection.18.1.2}{\376\377\0002\0004\000.\0002\000\040\000H\000i\000l\000b\000e\000r\000t\000\040\121\154\164\006\117\123\174\373\166\204\133\214\145\164\122\027\121\372}{section.18.1}% 154
\BOOKMARK [2][-]{subsection.18.1.3}{\376\377\0002\0004\000.\0003\000\040\227\136\153\047\121\340\117\125\166\204\121\154\164\006\135\356\137\002}{section.18.1}% 155
\BOOKMARK [2][-]{subsection.18.1.4}{\376\377\0002\0004\000.\0004\000\040\121\154\164\006\166\204\162\354\172\313\140\047\116\016\000\040\000H\000i\000l\000b\000e\000r\000t\000\040\166\204\121\103\145\160\133\146\176\262\230\206}{section.18.1}% 156
\BOOKMARK [2][-]{subsection.18.1.5}{\376\377\0002\0004\000.\0005\000\040\000G\000o\000d\000e\000l\000\040\116\015\133\214\131\007\140\047\133\232\164\006\133\371\000\040\000H\000i\000l\000b\000e\000r\000t\000\040\176\262\230\206\166\204\137\161\124\315}{section.18.1}% 157
\BOOKMARK [0][-]{chapter.19}{\376\377\0000\0003\000-\121\375\145\160\116\016\137\256\171\357\122\006\000/\0000\0001\000-\121\375\145\160\116\016\122\035\173\111\121\375\145\160\000/\0000\0001\000-\127\120\150\007\174\373\116\016\121\375\145\160\000.\000m\000d}{}% 158
\BOOKMARK [1][-]{section.19.1}{\376\377\173\054\0004\0003\172\340\377\032\127\120\150\007\174\373\116\016\121\375\145\160\151\202\137\365}{chapter.19}% 159
\BOOKMARK [2][-]{subsection.19.1.1}{\376\377\0001\0006\000.\0006\000\040\123\302\145\160\145\271\172\013\116\016\147\201\127\120\150\007\173\200\116\313}{section.19.1}% 160
\BOOKMARK [0][-]{chapter.20}{\376\377\0000\0003\000-\121\375\145\160\116\016\137\256\171\357\122\006\000/\0000\0001\000-\121\375\145\160\116\016\122\035\173\111\121\375\145\160\000/\0000\0002\000-\127\372\147\054\122\035\173\111\121\375\145\160\000.\000m\000d}{}% 161
\BOOKMARK [1][-]{section.20.1}{\376\377\173\054\0004\0004\172\340\377\032\127\372\147\054\122\035\173\111\121\375\145\160}{chapter.20}% 162
\BOOKMARK [0][-]{chapter.21}{\376\377\0000\0003\000-\121\375\145\160\116\016\137\256\171\357\122\006\000/\0000\0001\000-\121\375\145\160\116\016\122\035\173\111\121\375\145\160\000/\0000\0003\000-\116\011\211\322\121\375\145\160\000.\000m\000d}{}% 163
\BOOKMARK [1][-]{section.21.1}{\376\377\173\054\0004\0005\172\340\377\032\116\011\211\322\121\375\145\160}{chapter.21}% 164
\BOOKMARK [0][-]{chapter.22}{\376\377\0000\0003\000-\121\375\145\160\116\016\137\256\171\357\122\006\000/\0000\0001\000-\121\375\145\160\116\016\122\035\173\111\121\375\145\160\000/\0000\0004\000-\145\160\122\027\000.\000m\000d}{}% 165
\BOOKMARK [1][-]{section.22.1}{\376\377\173\054\0004\0006\172\340\377\032\173\111\135\356\145\160\122\027\116\016\173\111\153\324\145\160\122\027}{chapter.22}% 166
\BOOKMARK [1][-]{section.22.2}{\376\377\173\054\0004\0007\172\340\377\032\220\022\143\250\145\160\122\027\116\016\145\160\133\146\137\122\176\263\154\325}{chapter.22}% 167
\BOOKMARK [2][-]{subsection.22.2.1}{\376\377\0002\0001\000.\0006\000\040\145\160\133\146\137\122\176\263\154\325}{section.22.2}% 168
\BOOKMARK [1][-]{section.22.3}{\376\377\173\054\0004\0008\172\340\377\032\145\160\122\027\147\201\226\120}{chapter.22}% 169
\BOOKMARK [2][-]{subsection.22.3.1}{\376\377\0002\0001\000.\0008\000\040\145\160\122\027\147\201\226\120\166\204\000\040\000\134\000v\000a\000r\000e\000p\000s\000i\000l\000o\000n\000-\000N\000\040\213\272\213\301\142\200\135\347}{section.22.3}% 170
\BOOKMARK [1][-]{section.22.4}{\376\377\173\054\0004\0009\172\340\377\032\220\022\143\250\145\160\122\027\116\016\147\201\226\120\155\361\123\026}{chapter.22}% 171
\BOOKMARK [2][-]{subsection.22.4.1}{\376\377\0002\0001\000.\0001\0000\000\040\145\160\122\027\166\204\147\201\226\120\133\130\127\050\140\047\166\204\217\333\116\000\153\145\122\044\133\232}{section.22.4}% 172
\BOOKMARK [2][-]{subsection.22.4.2}{\376\377\0002\0001\000.\0001\0001\000\040\145\160\133\146\137\122\176\263\154\325\166\204\121\170\127\213\136\224\165\050}{section.22.4}% 173
\BOOKMARK [0][-]{chapter.23}{\376\377\0000\0003\000-\121\375\145\160\116\016\137\256\171\357\122\006\000/\0000\0001\000-\121\375\145\160\116\016\122\035\173\111\121\375\145\160\000/\0000\0005\000-\143\007\145\160\121\375\145\160\116\016\133\371\145\160\121\375\145\160\000.\000m\000d}{}% 174
\BOOKMARK [1][-]{section.23.1}{\376\377\173\054\0005\0000\172\340\377\032\143\007\145\160\121\375\145\160\116\016\133\371\145\160\121\375\145\160}{chapter.23}% 175
\BOOKMARK [2][-]{subsection.23.1.1}{\376\377\0001\0008\000.\0001\000\040\133\236\145\160\143\007\145\160\166\204\116\045\150\074\133\232\116\111}{section.23.1}% 176
\BOOKMARK [2][-]{subsection.23.1.2}{\376\377\0001\0008\000.\0002\000\040\143\007\145\160\121\375\145\160}{section.23.1}% 177
\BOOKMARK [2][-]{subsection.23.1.3}{\376\377\0001\0008\000.\0003\000\040\133\371\145\160\121\375\145\160}{section.23.1}% 178
\BOOKMARK [2][-]{subsection.23.1.4}{\376\377\0001\0008\000.\0004\000\040\121\375\145\160\226\366\160\271\116\016\116\214\122\006\154\325}{section.23.1}% 179
\BOOKMARK [2][-]{subsection.23.1.5}{\376\377\0001\0008\000.\0005\000\040\143\007\145\160\145\271\172\013\116\016\133\371\145\160\145\271\172\013}{section.23.1}% 180
\BOOKMARK [2][-]{subsection.23.1.6}{\376\377\0001\0008\000.\0006\000\040\143\007\145\160\121\375\145\160\116\016\133\371\145\160\121\375\145\160\166\204\126\376\120\317\121\163\174\373}{section.23.1}% 181
\BOOKMARK [2][-]{subsection.23.1.7}{\376\377\0001\0008\000.\0007\000\040\136\102\143\007\121\375\145\160}{section.23.1}% 182
\BOOKMARK [2][-]{subsection.23.1.8}{\376\377\0001\0008\000.\0008\000\040\143\007\145\160\121\375\145\160\116\016\133\371\145\160\121\375\145\160\166\204\136\224\165\050\152\041\127\213}{section.23.1}% 183
\BOOKMARK [2][-]{subsection.23.1.9}{\376\377\0001\0008\000.\0009\000\040\133\371\145\160\116\015\173\111\137\017}{section.23.1}% 184
\BOOKMARK [0][-]{chapter.24}{\376\377\0000\0003\000-\121\375\145\160\116\016\137\256\171\357\122\006\000/\0000\0001\000-\121\375\145\160\116\016\122\035\173\111\121\375\145\160\000/\0000\0006\000-\116\011\211\322\140\122\173\111\123\330\143\142\116\016\123\315\116\011\211\322\121\375\145\160\000.\000m\000d}{}% 185
\BOOKMARK [1][-]{section.24.1}{\376\377\173\054\0005\0001\172\340\377\032\116\011\211\322\140\122\173\111\123\330\143\142\116\016\123\315\116\011\211\322\121\375\145\160}{chapter.24}% 186
\BOOKMARK [2][-]{subsection.24.1.1}{\376\377\0002\0000\000.\0009\000\040\116\011\211\322\137\142\227\142\171\357\121\154\137\017}{section.24.1}% 187
\BOOKMARK [2][-]{subsection.24.1.2}{\376\377\0002\0000\000.\0001\0000\000\040\123\315\116\011\211\322\121\375\145\160\166\204\176\374\124\010\140\047\215\050}{section.24.1}% 188
\BOOKMARK [2][-]{subsection.24.1.3}{\376\377\0002\0000\000.\0001\0001\000\040\116\011\211\322\121\375\145\160\166\204\176\247\145\160\210\150\171\072\377\010\230\204\131\007\167\345\213\306\377\011}{section.24.1}% 189
\BOOKMARK [0][-]{chapter.25}{\376\377\0000\0003\000-\121\375\145\160\116\016\137\256\171\357\122\006\000/\0000\0002\000-\211\343\147\220\121\340\117\125\000/\0000\0001\000-\166\364\176\277\116\016\127\006\000.\000m\000d}{}% 190
\BOOKMARK [1][-]{section.25.1}{\376\377\173\054\0005\0002\172\340\377\032\166\364\176\277}{chapter.25}% 191
\BOOKMARK [2][-]{subsection.25.1.1}{\376\377\0002\0005\000.\0001\000.\0001\000\040\166\364\176\277\145\271\172\013\166\204\136\372\172\313}{section.25.1}% 192
\BOOKMARK [2][-]{subsection.25.1.2}{\376\377\0002\0005\000.\0001\000.\0002\000\040\166\364\176\277\166\204\120\076\145\234\211\322}{section.25.1}% 193
\BOOKMARK [2][-]{subsection.25.1.3}{\376\377\0002\0005\000.\0002\000\040\116\044\166\364\176\277\166\204\117\115\177\156\121\163\174\373}{section.25.1}% 194
\BOOKMARK [2][-]{subsection.25.1.4}{\376\377\0002\0005\000.\0002\000.\0001\000\040\136\163\210\114\116\016\127\202\166\364\166\204\122\044\133\232}{section.25.1}% 195
\BOOKMARK [2][-]{subsection.25.1.5}{\376\377\0002\0005\000.\0002\000.\0002\000\040\116\044\166\364\176\277\166\204\116\244\160\271}{section.25.1}% 196
\BOOKMARK [2][-]{subsection.25.1.6}{\376\377\0002\0005\000.\0002\000.\0003\000\040\116\044\166\364\176\277\166\204\131\071\211\322}{section.25.1}% 197
\BOOKMARK [2][-]{subsection.25.1.7}{\376\377\0002\0005\000.\0003\000\040\215\335\171\273\121\154\137\017}{section.25.1}% 198
\BOOKMARK [2][-]{subsection.25.1.8}{\376\377\0002\0005\000.\0003\000.\0001\000\040\160\271\122\060\166\364\176\277\166\204\215\335\171\273}{section.25.1}% 199
\BOOKMARK [1][-]{section.25.2}{\376\377\173\054\0005\0003\172\340\377\032\127\006\166\204\145\271\172\013}{chapter.25}% 200
\BOOKMARK [2][-]{subsection.25.2.1}{\376\377\0002\0005\000.\0004\000.\0001\000\040\127\006\166\204\150\007\121\306\145\271\172\013}{section.25.2}% 201
\BOOKMARK [2][-]{subsection.25.2.2}{\376\377\0002\0005\000.\0004\000.\0002\000\040\127\006\166\204\116\000\202\054\145\271\172\013}{section.25.2}% 202
\BOOKMARK [2][-]{subsection.25.2.3}{\376\377\0002\0005\000.\0004\000.\0003\000\040\127\006\166\204\122\007\176\277\145\271\172\013}{section.25.2}% 203
\BOOKMARK [1][-]{section.25.3}{\376\377\0002\0005\000.\0005\000\040\166\364\176\277\116\016\127\006\166\204\117\115\177\156\121\163\174\373}{chapter.25}% 204
\BOOKMARK [1][-]{section.25.4}{\376\377\173\054\0005\0004\172\340\377\032\166\364\176\277\116\016\127\006\166\204\121\163\174\373}{chapter.25}% 205
\BOOKMARK [2][-]{subsection.25.4.1}{\376\377\0002\0005\000.\0005\000.\0002\000\040\137\046\225\177\121\154\137\017}{section.25.4}% 206
\BOOKMARK [2][-]{subsection.25.4.2}{\376\377\0002\0005\000.\0005\000.\0003\000\040\116\044\127\006\166\204\117\115\177\156\121\163\174\373}{section.25.4}% 207
\BOOKMARK [2][-]{subsection.25.4.3}{\376\377\0002\0005\000.\0005\000.\0004\000\040\127\006\136\102\133\232\164\006\166\204\211\343\147\220\213\301\146\016}{section.25.4}% 208
\BOOKMARK [2][-]{subsection.25.4.4}{\376\377\0002\0005\000.\0005\000.\0005\000\040\150\071\217\164}{section.25.4}% 209
\BOOKMARK [2][-]{subsection.25.4.5}{\376\377\0002\0005\000.\0006\000\040\127\006\166\204\122\007\176\277\116\016\133\374\145\160}{section.25.4}% 210
\BOOKMARK [2][-]{subsection.25.4.6}{\376\377\0002\0005\000.\0006\000.\0001\000\040\165\050\133\374\145\160\154\102\122\007\176\277\145\271\172\013}{section.25.4}% 211
\BOOKMARK [2][-]{subsection.25.4.7}{\376\377\0002\0005\000.\0006\000.\0002\000\040\122\007\176\277\166\204\133\130\127\050\140\047}{section.25.4}% 212
\BOOKMARK [0][-]{chapter.26}{\376\377\0000\0003\000-\121\375\145\160\116\016\137\256\171\357\122\006\000/\0000\0002\000-\211\343\147\220\121\340\117\125\000/\0000\0002\000-\127\006\225\045\146\362\176\277\000.\000m\000d}{}% 213
\BOOKMARK [1][-]{section.26.1}{\376\377\173\054\0005\0005\172\340\377\032\127\006\225\045\146\362\176\277\166\204\176\337\116\000\133\232\116\111}{chapter.26}% 214
\BOOKMARK [2][-]{subsection.26.1.1}{\376\377\0002\0006\000.\0001\000.\0001\000\040\127\006\225\045\142\052\176\277}{section.26.1}% 215
\BOOKMARK [2][-]{subsection.26.1.2}{\376\377\0002\0006\000.\0001\000.\0002\000\040\161\046\121\306\215\335}{section.26.1}% 216
\BOOKMARK [1][-]{section.26.2}{\376\377\173\054\0005\0006\172\340\377\032\151\055\127\006}{chapter.26}% 217
\BOOKMARK [2][-]{subsection.26.2.1}{\376\377\0002\0006\000.\0002\000.\0001\000\040\151\055\127\006\166\204\133\232\116\111}{section.26.2}% 218
\BOOKMARK [2][-]{subsection.26.2.2}{\376\377\0002\0006\000.\0002\000.\0002\000\040\151\055\127\006\166\204\150\007\121\306\145\271\172\013}{section.26.2}% 219
\BOOKMARK [2][-]{subsection.26.2.3}{\376\377\0002\0006\000.\0002\000.\0003\000\040\151\055\127\006\166\204\127\372\147\054\140\047\215\050}{section.26.2}% 220
\BOOKMARK [2][-]{subsection.26.2.4}{\376\377\0002\0006\000.\0002\000.\0004\000\040\161\046\160\271\215\335\171\273\121\154\137\017}{section.26.2}% 221
\BOOKMARK [2][-]{subsection.26.2.5}{\376\377\0002\0006\000.\0002\000.\0005\000\040\151\055\127\006\166\204\121\306\176\277}{section.26.2}% 222
\BOOKMARK [2][-]{subsection.26.2.6}{\376\377\0002\0006\000.\0002\000.\0006\000\040\151\055\127\006\116\016\127\006\166\204\121\163\174\373}{section.26.2}% 223
\BOOKMARK [2][-]{subsection.26.2.7}{\376\377\0002\0006\000.\0002\000.\0007\000\040\151\055\127\006\166\204\122\007\176\277\145\271\172\013}{section.26.2}% 224
\BOOKMARK [1][-]{section.26.3}{\376\377\173\054\0005\0007\172\340\377\032\123\314\146\362\176\277}{chapter.26}% 225
\BOOKMARK [2][-]{subsection.26.3.1}{\376\377\0002\0006\000.\0003\000.\0001\000\040\123\314\146\362\176\277\166\204\133\232\116\111}{section.26.3}% 226
\BOOKMARK [2][-]{subsection.26.3.2}{\376\377\0002\0006\000.\0003\000.\0002\000\040\123\314\146\362\176\277\166\204\150\007\121\306\145\271\172\013}{section.26.3}% 227
\BOOKMARK [2][-]{subsection.26.3.3}{\376\377\0002\0006\000.\0003\000.\0003\000\040\123\314\146\362\176\277\166\204\127\372\147\054\140\047\215\050}{section.26.3}% 228
\BOOKMARK [2][-]{subsection.26.3.4}{\376\377\0002\0006\000.\0003\000.\0004\000\040\123\314\146\362\176\277\166\204\161\046\160\271\215\335\171\273\121\154\137\017}{section.26.3}% 229
\BOOKMARK [2][-]{subsection.26.3.5}{\376\377\0002\0006\000.\0003\000.\0005\000\040\123\314\146\362\176\277\166\204\121\306\176\277}{section.26.3}% 230
\BOOKMARK [2][-]{subsection.26.3.6}{\376\377\0002\0006\000.\0003\000.\0006\000\040\173\111\217\164\123\314\146\362\176\277}{section.26.3}% 231
\BOOKMARK [2][-]{subsection.26.3.7}{\376\377\0002\0006\000.\0003\000.\0007\000\040\123\314\146\362\176\277\166\204\122\007\176\277\145\271\172\013}{section.26.3}% 232
\BOOKMARK [1][-]{section.26.4}{\376\377\173\054\0005\0008\172\340\377\032\142\233\162\151\176\277}{chapter.26}% 233
\BOOKMARK [2][-]{subsection.26.4.1}{\376\377\0002\0006\000.\0004\000.\0001\000\040\142\233\162\151\176\277\166\204\133\232\116\111}{section.26.4}% 234
\BOOKMARK [2][-]{subsection.26.4.2}{\376\377\0002\0006\000.\0004\000.\0002\000\040\142\233\162\151\176\277\166\204\150\007\121\306\145\271\172\013}{section.26.4}% 235
\BOOKMARK [2][-]{subsection.26.4.3}{\376\377\0002\0006\000.\0004\000.\0003\000\040\142\233\162\151\176\277\166\204\127\372\147\054\140\047\215\050}{section.26.4}% 236
\BOOKMARK [2][-]{subsection.26.4.4}{\376\377\0002\0006\000.\0004\000.\0004\000\040\142\233\162\151\176\277\166\204\161\046\123\112\137\204}{section.26.4}% 237
\BOOKMARK [2][-]{subsection.26.4.5}{\376\377\0002\0006\000.\0004\000.\0005\000\040\142\233\162\151\176\277\166\204\161\046\160\271\137\046}{section.26.4}% 238
\BOOKMARK [1][-]{section.26.5}{\376\377\173\054\0005\0009\172\340\377\032\127\006\225\045\146\362\176\277\166\204\176\337\116\000\140\047\215\050}{chapter.26}% 239
\BOOKMARK [2][-]{subsection.26.5.1}{\376\377\0002\0006\000.\0005\000.\0001\000\040\171\273\137\303\163\207\166\204\176\337\116\000\211\322\202\162}{section.26.5}% 240
\BOOKMARK [2][-]{subsection.26.5.2}{\376\377\0002\0006\000.\0005\000.\0002\000\040\161\046\160\271\137\046\225\177\166\204\176\337\116\000\121\154\137\017}{section.26.5}% 241
\BOOKMARK [2][-]{subsection.26.5.3}{\376\377\0002\0006\000.\0005\000.\0003\000\040\116\011\171\315\127\006\225\045\146\362\176\277\166\204\133\371\153\324}{section.26.5}% 242
\BOOKMARK [2][-]{subsection.26.5.4}{\376\377\0002\0006\000.\0005\000.\0004\000\040\151\055\127\006\166\204\121\111\133\146\140\047\215\050}{section.26.5}% 243
\BOOKMARK [2][-]{subsection.26.5.5}{\376\377\0002\0006\000.\0005\000.\0005\000\040\142\233\162\151\176\277\166\204\121\111\133\146\140\047\215\050}{section.26.5}% 244
\BOOKMARK [0][-]{chapter.27}{\376\377\0000\0003\000-\121\375\145\160\116\016\137\256\171\357\122\006\000/\0000\0002\000-\211\343\147\220\121\340\117\125\000/\0000\0003\000-\123\302\145\160\116\016\147\201\127\120\150\007\000.\000m\000d}{}% 245
\BOOKMARK [1][-]{section.27.1}{\376\377\173\054\0006\0000\172\340\377\032\123\302\145\160\145\271\172\013\116\016\147\201\127\120\150\007\145\271\172\013}{chapter.27}% 246
\BOOKMARK [2][-]{subsection.27.1.1}{\376\377\0002\0007\000.\0001\000\040\123\302\145\160\145\271\172\013}{section.27.1}% 247
\BOOKMARK [2][-]{subsection.27.1.2}{\376\377\0002\0007\000.\0001\000.\0001\000\040\123\302\145\160\145\271\172\013\166\204\151\202\137\365}{section.27.1}% 248
\BOOKMARK [2][-]{subsection.27.1.3}{\376\377\0002\0007\000.\0001\000.\0002\000\040\166\364\176\277\166\204\123\302\145\160\145\271\172\013}{section.27.1}% 249
\BOOKMARK [2][-]{subsection.27.1.4}{\376\377\0002\0007\000.\0001\000.\0003\000\040\127\006\166\204\123\302\145\160\145\271\172\013}{section.27.1}% 250
\BOOKMARK [2][-]{subsection.27.1.5}{\376\377\0002\0007\000.\0001\000.\0004\000\040\151\055\127\006\166\204\123\302\145\160\145\271\172\013}{section.27.1}% 251
\BOOKMARK [2][-]{subsection.27.1.6}{\376\377\0002\0007\000.\0001\000.\0005\000\040\123\314\146\362\176\277\166\204\123\302\145\160\145\271\172\013}{section.27.1}% 252
\BOOKMARK [2][-]{subsection.27.1.7}{\376\377\0002\0007\000.\0002\000\040\147\201\127\120\150\007\174\373}{section.27.1}% 253
\BOOKMARK [2][-]{subsection.27.1.8}{\376\377\0002\0007\000.\0002\000.\0001\000\040\147\201\127\120\150\007\174\373\166\204\133\232\116\111}{section.27.1}% 254
\BOOKMARK [2][-]{subsection.27.1.9}{\376\377\0002\0007\000.\0002\000.\0002\000\040\147\201\127\120\150\007\116\016\166\364\211\322\127\120\150\007\166\204\116\222\123\026}{section.27.1}% 255
\BOOKMARK [2][-]{subsection.27.1.10}{\376\377\0002\0007\000.\0003\000\040\136\070\211\301\146\362\176\277\166\204\147\201\127\120\150\007\145\271\172\013}{section.27.1}% 256
\BOOKMARK [2][-]{subsection.27.1.11}{\376\377\0002\0007\000.\0003\000.\0001\000\040\217\307\147\201\160\271\166\204\166\364\176\277}{section.27.1}% 257
\BOOKMARK [2][-]{subsection.27.1.12}{\376\377\0002\0007\000.\0003\000.\0002\000\040\127\006\166\204\147\201\127\120\150\007\145\271\172\013}{section.27.1}% 258
\BOOKMARK [2][-]{subsection.27.1.13}{\376\377\0002\0007\000.\0003\000.\0003\000\040\137\303\137\142\176\277}{section.27.1}% 259
\BOOKMARK [2][-]{subsection.27.1.14}{\376\377\0002\0007\000.\0003\000.\0004\000\040\163\253\164\160\176\277}{section.27.1}% 260
\BOOKMARK [2][-]{subsection.27.1.15}{\376\377\0002\0007\000.\0003\000.\0005\000\040\226\077\127\372\174\163\137\267\207\272\145\313\176\277}{section.27.1}% 261
\BOOKMARK [2][-]{subsection.27.1.16}{\376\377\0002\0007\000.\0004\000\040\127\006\225\045\146\362\176\277\166\204\176\337\116\000\147\201\127\120\150\007\145\271\172\013}{section.27.1}% 262
\BOOKMARK [2][-]{subsection.27.1.17}{\376\377\0002\0007\000.\0004\000.\0001\000\040\176\337\116\000\147\201\127\120\150\007\145\271\172\013\166\204\143\250\133\374}{section.27.1}% 263
\BOOKMARK [2][-]{subsection.27.1.18}{\376\377\0002\0007\000.\0004\000.\0002\000\040\116\016\150\007\121\306\145\271\172\013\166\204\121\163\174\373}{section.27.1}% 264
\BOOKMARK [2][-]{subsection.27.1.19}{\376\377\0002\0007\000.\0004\000.\0003\000\040\161\046\160\271\137\046\225\177\166\204\176\337\116\000\121\154\137\017}{section.27.1}% 265
\BOOKMARK [2][-]{subsection.27.1.20}{\376\377\0002\0007\000.\0005\000\040\147\201\127\120\150\007\145\271\172\013\166\204\136\224\165\050}{section.27.1}% 266
\BOOKMARK [2][-]{subsection.27.1.21}{\376\377\0002\0007\000.\0005\000.\0001\000\040\147\201\127\120\150\007\116\013\166\204\227\142\171\357\121\154\137\017}{section.27.1}% 267
\BOOKMARK [2][-]{subsection.27.1.22}{\376\377\0002\0007\000.\0005\000.\0002\000\040\147\201\127\120\150\007\116\013\146\362\176\277\166\204\122\007\176\277}{section.27.1}% 268
\BOOKMARK [2][-]{subsection.27.1.23}{\376\377\0002\0007\000.\0006\000\040\116\011\171\315\145\271\172\013\166\204\133\371\153\324\116\016\220\011\142\351}{section.27.1}% 269
\BOOKMARK [2][-]{subsection.27.1.24}{\376\377\0002\0007\000.\0006\000.\0001\000\040\145\271\172\013\137\142\137\017\166\204\133\371\153\324}{section.27.1}% 270
\BOOKMARK [2][-]{subsection.27.1.25}{\376\377\0002\0007\000.\0006\000.\0002\000\040\217\154\143\142\173\126\165\145}{section.27.1}% 271
\BOOKMARK [2][-]{subsection.27.1.26}{\376\377\0002\0007\000.\0006\000.\0003\000\040\145\271\172\013\217\154\143\142\166\204\145\160\133\146\127\372\170\100}{section.27.1}% 272
\BOOKMARK [2][-]{subsection.27.1.27}{\376\377\0002\0007\000.\0006\000.\0004\000\040\146\362\176\277\174\373\116\016\123\302\145\160}{section.27.1}% 273
\BOOKMARK [2][-]{subsection.27.1.28}{\376\377\0002\0007\000.\0006\000.\0005\000\040\147\201\127\120\150\007\116\013\146\362\176\277\166\204\133\371\171\360\140\047\122\044\122\053}{section.27.1}% 274
\BOOKMARK [0][-]{chapter.28}{\376\377\0000\0003\000-\121\375\145\160\116\016\137\256\171\357\122\006\000/\0000\0002\000-\211\343\147\220\121\340\117\125\000/\0000\0006\000-\162\171\153\212\121\375\145\160\213\272\000.\000m\000d}{}% 275
\BOOKMARK [0][-]{chapter.29}{\376\377\162\171\153\212\121\375\145\160\213\272}{}% 276
\BOOKMARK [1][-]{section.29.1}{\376\377\173\054\0006\0001\172\340\377\032\000G\000a\000m\000m\000a\121\375\145\160\116\016\166\370\121\163\121\375\145\160}{chapter.29}% 277
\BOOKMARK [2][-]{subsection.29.1.1}{\376\377\0001\0003\0006\000.\0001\000\040\000G\000a\000m\000m\000a\121\375\145\160\166\204\133\232\116\111\116\016\127\372\147\054\140\047\215\050}{section.29.1}% 278
\BOOKMARK [2][-]{subsection.29.1.2}{\376\377\0001\0003\0006\000.\0002\000\040\000B\000e\000t\000a\121\375\145\160\123\312\121\166\116\016\000G\000a\000m\000m\000a\121\375\145\160\166\204\121\163\174\373}{section.29.1}% 279
\BOOKMARK [2][-]{subsection.29.1.3}{\376\377\0001\0003\0006\000.\0003\000\040\121\375\145\160\145\271\172\013\116\016\000S\000t\000i\000r\000l\000i\000n\000g\121\154\137\017}{section.29.1}% 280
\BOOKMARK [2][-]{subsection.29.1.4}{\376\377\0001\0003\0006\000.\0004\000\040\131\032\117\075\163\233\121\375\145\160\116\016\000B\000a\000r\000n\000e\000s\000\040\000G\000-\121\375\145\160}{section.29.1}% 281
\BOOKMARK [2][-]{subsection.29.1.5}{\376\377\0001\0003\0006\000.\0005\000\040\000G\000a\000m\000m\000a\121\375\145\160\127\050\151\202\163\207\116\016\145\160\213\272\116\055\166\204\136\224\165\050}{section.29.1}% 282
\BOOKMARK [1][-]{section.29.2}{\376\377\173\054\0006\0002\172\340\377\032\215\205\121\340\117\125\121\375\145\160\116\016\153\143\116\244\131\032\230\171\137\017}{chapter.29}% 283
\BOOKMARK [2][-]{subsection.29.2.1}{\376\377\0001\0003\0007\000.\0001\000\040\215\205\121\340\117\125\176\247\145\160\116\016\000G\000a\000u\000s\000s\215\205\121\340\117\125\121\375\145\160}{section.29.2}% 284
\BOOKMARK [2][-]{subsection.29.2.2}{\376\377\0001\0003\0007\000.\0002\000\040\124\010\155\101\215\205\121\340\117\125\121\375\145\160\116\016\000B\000e\000s\000s\000e\000l\121\375\145\160}{section.29.2}% 285
\BOOKMARK [2][-]{subsection.29.2.3}{\376\377\0001\0003\0007\000.\0003\000\040\153\143\116\244\131\032\230\171\137\017\166\204\116\000\202\054\164\006\213\272}{section.29.2}% 286
\BOOKMARK [2][-]{subsection.29.2.4}{\376\377\0001\0003\0007\000.\0004\000\040\176\317\121\170\153\143\116\244\131\032\230\171\137\017\145\317}{section.29.2}% 287
\BOOKMARK [2][-]{subsection.29.2.5}{\376\377\0001\0003\0007\000.\0005\000\040\151\055\127\006\121\375\145\160\122\035\153\145}{section.29.2}% 288
\BOOKMARK [2][-]{subsection.29.2.6}{\376\377\0001\0003\0007\000.\0006\000\040\000T\000h\000e\000t\000a\121\375\145\160\116\016\152\041\123\330\143\142}{section.29.2}% 289
\BOOKMARK [1][-]{section.29.3}{\376\377\173\054\0006\0003\172\340\377\032\162\171\153\212\121\375\145\160\127\050\145\160\133\146\162\151\164\006\116\055\166\204\136\224\165\050}{chapter.29}% 290
\BOOKMARK [0][-]{chapter.30}{\376\377\0000\0003\000-\121\375\145\160\116\016\137\256\171\357\122\006\000/\0000\0003\000-\137\256\171\357\122\006\122\035\153\145\000/\0000\0001\000-\147\201\226\120\116\016\217\336\176\355\000.\000m\000d}{}% 291
\BOOKMARK [1][-]{section.30.1}{\376\377\173\054\0006\0004\172\340\377\032\145\160\122\027\147\201\226\120}{chapter.30}% 292
\BOOKMARK [1][-]{section.30.2}{\376\377\173\054\0006\0005\172\340\377\032\121\375\145\160\147\201\226\120}{chapter.30}% 293
\BOOKMARK [1][-]{section.30.3}{\376\377\173\054\0006\0006\172\340\377\032\217\336\176\355\121\375\145\160}{chapter.30}% 294
\BOOKMARK [1][-]{section.30.4}{\376\377\173\054\0006\0007\172\340\377\032\121\375\145\160\147\201\226\120\166\204\217\333\116\000\153\145\213\250\213\272}{chapter.30}% 295
\BOOKMARK [1][-]{section.30.5}{\376\377\173\054\0006\0008\172\340\377\032\116\000\201\364\217\336\176\355\140\047}{chapter.30}% 296
\BOOKMARK [1][-]{section.30.6}{\376\377\173\054\0006\0009\172\340\377\032\121\375\145\160\147\201\226\120\116\016\145\160\122\027\147\201\226\120\166\204\121\163\174\373}{chapter.30}% 297
\BOOKMARK [1][-]{section.30.7}{\376\377\173\054\0007\0000\172\340\377\032\133\236\145\160\133\214\131\007\140\047\166\204\173\111\116\367\210\150\217\360}{chapter.30}% 298
\BOOKMARK [0][-]{chapter.31}{\376\377\0000\0003\000-\121\375\145\160\116\016\137\256\171\357\122\006\000/\0000\0003\000-\137\256\171\357\122\006\122\035\153\145\000/\0000\0002\000-\133\374\145\160\116\016\137\256\122\006\000.\000m\000d}{}% 299
\BOOKMARK [1][-]{section.31.1}{\376\377\173\054\0007\0001\172\340\377\032\133\374\145\160\127\372\170\100}{chapter.31}% 300
\BOOKMARK [2][-]{subsection.31.1.1}{\376\377\0002\0003\000.\0002\000\040\127\372\147\054\122\035\173\111\121\375\145\160\166\204\133\374\145\160}{section.31.1}% 301
\BOOKMARK [2][-]{subsection.31.1.2}{\376\377\0002\0003\000.\0003\000\040\154\102\133\374\154\325\122\031}{section.31.1}% 302
\BOOKMARK [1][-]{section.31.2}{\376\377\173\054\0007\0002\172\340\377\032\116\055\120\074\133\232\164\006\116\016\155\033\137\305\217\276\154\325\122\031}{chapter.31}% 303
\BOOKMARK [2][-]{subsection.31.2.1}{\376\377\0002\0003\000.\0005\000\040\155\033\137\305\217\276\154\325\122\031}{section.31.2}% 304
\BOOKMARK [1][-]{section.31.3}{\376\377\173\054\0007\0003\172\340\377\032\133\374\145\160\166\204\136\224\165\050}{chapter.31}% 305
\BOOKMARK [2][-]{subsection.31.3.1}{\376\377\0002\0003\000.\0007\000\040\137\256\122\006}{section.31.3}% 306
\BOOKMARK [2][-]{subsection.31.3.2}{\376\377\0002\0003\000.\0008\000\040\232\330\226\066\133\374\145\160}{section.31.3}% 307
\BOOKMARK [2][-]{subsection.31.3.3}{\376\377\0002\0003\000.\0009\000\040\154\360\122\322\134\125\137\000\377\010\122\035\153\145\377\011}{section.31.3}% 308
\BOOKMARK [1][-]{section.31.4}{\376\377\173\054\0007\0004\172\340\377\032\137\256\122\006\154\325\116\016\116\055\120\074\133\232\164\006\155\361\123\026}{chapter.31}% 309
\BOOKMARK [2][-]{subsection.31.4.1}{\376\377\0002\0003\000.\0001\0001\000\040\123\302\145\160\145\271\172\013\154\102\133\374}{section.31.4}% 310
\BOOKMARK [2][-]{subsection.31.4.2}{\376\377\0002\0003\000.\0001\0002\000\040\121\375\145\160\166\204\121\371\121\370\140\047}{section.31.4}% 311
\BOOKMARK [2][-]{subsection.31.4.3}{\376\377\0002\0003\000.\0001\0003\000\040\137\256\122\006\116\055\120\074\133\232\164\006\166\204\217\333\116\000\153\145\136\224\165\050}{section.31.4}% 312
\BOOKMARK [0][-]{chapter.32}{\376\377\0000\0003\000-\121\375\145\160\116\016\137\256\171\357\122\006\000/\0000\0003\000-\137\256\171\357\122\006\122\035\153\145\000/\0000\0003\000-\171\357\122\006\122\035\153\145\000.\000m\000d}{}% 313
\BOOKMARK [1][-]{section.32.1}{\376\377\173\054\0007\0005\172\340\377\032\133\232\171\357\122\006\116\016\162\133\230\177\000-\203\261\136\003\134\074\203\050\121\154\137\017}{chapter.32}% 314
\BOOKMARK [2][-]{subsection.32.1.1}{\376\377\0002\0004\000.\0002\000\040\162\133\230\177\000-\203\261\136\003\134\074\203\050\121\154\137\017}{section.32.1}% 315
\BOOKMARK [1][-]{section.32.2}{\376\377\173\054\0007\0006\172\340\377\032\171\357\122\006\145\271\154\325}{chapter.32}% 316
\BOOKMARK [2][-]{subsection.32.2.1}{\376\377\0002\0004\000.\0004\000\040\143\142\121\103\171\357\122\006\154\325}{section.32.2}% 317
\BOOKMARK [2][-]{subsection.32.2.2}{\376\377\0002\0004\000.\0005\000\040\122\006\220\350\171\357\122\006\154\325}{section.32.2}% 318
\BOOKMARK [1][-]{section.32.3}{\376\377\173\054\0007\0007\172\340\377\032\137\256\171\357\122\006\127\372\147\054\133\232\164\006\116\016\171\357\122\006\136\224\165\050}{chapter.32}% 319
\BOOKMARK [2][-]{subsection.32.3.1}{\376\377\0002\0004\000.\0007\000\040\133\232\171\357\122\006\166\204\217\333\116\000\153\145\136\224\165\050}{section.32.3}% 320
\BOOKMARK [1][-]{section.32.4}{\376\377\173\054\0007\0008\172\340\377\032\123\315\136\070\171\357\122\006\116\016\171\357\122\006\155\361\123\026}{chapter.32}% 321
\BOOKMARK [2][-]{subsection.32.4.1}{\376\377\0002\0004\000.\0009\000\040\171\357\122\006\116\016\137\256\122\006\166\204\133\371\120\166\121\163\174\373}{section.32.4}% 322
\BOOKMARK [2][-]{subsection.32.4.2}{\376\377\0002\0004\000.\0001\0000\000\040\133\232\171\357\122\006\166\204\217\321\117\074\213\241\173\227}{section.32.4}% 323
\BOOKMARK [2][-]{subsection.32.4.3}{\376\377\0002\0004\000.\0001\0001\000\040\137\256\171\357\122\006\166\204\176\337\116\000\211\306\211\322}{section.32.4}% 324
\BOOKMARK [2][-]{subsection.32.4.4}{\376\377\0002\0004\000.\0001\0002\000\040\171\357\122\006\116\015\173\111\137\017}{section.32.4}% 325
\BOOKMARK [2][-]{subsection.32.4.5}{\376\377\0002\0004\000.\0001\0003\000\040\137\256\171\357\122\006\127\372\147\054\140\035\140\363\126\336\230\176}{section.32.4}% 326
\BOOKMARK [0][-]{chapter.33}{\376\377\0000\0004\000-\171\273\145\143\145\160\133\146\000/\0000\0001\000-\176\304\124\010\145\160\133\146\000/\0000\0001\000-\213\241\145\160\116\016\220\022\143\250\000.\000m\000d}{}% 327
\BOOKMARK [1][-]{section.33.1}{\376\377\173\054\0007\0009\172\340\377\032\213\241\145\160\127\372\147\054\123\237\164\006}{chapter.33}% 328
\BOOKMARK [2][-]{subsection.33.1.1}{\376\377\0002\0008\000.\0001\000\040\122\240\154\325\123\237\164\006\116\016\116\130\154\325\123\237\164\006}{section.33.1}% 329
\BOOKMARK [2][-]{subsection.33.1.2}{\376\377\0002\0008\000.\0002\000\040\143\222\122\027}{section.33.1}% 330
\BOOKMARK [2][-]{subsection.33.1.3}{\376\377\0002\0008\000.\0003\000\040\176\304\124\010}{section.33.1}% 331
\BOOKMARK [2][-]{subsection.33.1.4}{\376\377\0002\0008\000.\0004\000\040\116\214\230\171\137\017\133\232\164\006}{section.33.1}% 332
\BOOKMARK [2][-]{subsection.33.1.5}{\376\377\0002\0008\000.\0005\000\040\133\271\145\245\123\237\164\006}{section.33.1}% 333
\BOOKMARK [1][-]{section.33.2}{\376\377\173\054\0008\0000\172\340\377\032\220\022\143\250\116\016\232\330\176\247\213\241\145\160\145\271\154\325}{chapter.33}% 334
\BOOKMARK [2][-]{subsection.33.2.1}{\376\377\0002\0008\000.\0007\000\040\236\075\135\342\123\237\164\006}{section.33.2}% 335
\BOOKMARK [2][-]{subsection.33.2.2}{\376\377\0002\0008\000.\0008\000\040\225\031\117\115\143\222\122\027\116\016\127\006\143\222\122\027}{section.33.2}% 336
\BOOKMARK [2][-]{subsection.33.2.3}{\376\377\0002\0008\000.\0009\000\040\165\037\142\020\121\375\145\160}{section.33.2}% 337
\BOOKMARK [2][-]{subsection.33.2.4}{\376\377\0002\0008\000.\0001\0000\000\040\162\171\153\212\213\241\145\160\136\217\122\027}{section.33.2}% 338
\BOOKMARK [2][-]{subsection.33.2.5}{\376\377\0002\0008\000.\0001\0001\000\040\000B\000u\000r\000n\000s\000i\000d\000e\000\040\137\025\164\006\116\016\000\040\000P\000o\000l\000y\000a\000\040\213\241\145\160}{section.33.2}% 339
\BOOKMARK [0][-]{chapter.34}{\376\377\0000\0004\000-\171\273\145\143\145\160\133\146\000/\0000\0001\000-\176\304\124\010\145\160\133\146\000/\0000\0002\000-\165\037\142\020\121\375\145\160\116\016\126\376\213\272\000.\000m\000d}{}% 340
\BOOKMARK [1][-]{section.34.1}{\376\377\173\054\0008\0001\172\340\377\032\165\037\142\020\121\375\145\160}{chapter.34}% 341
\BOOKMARK [2][-]{subsection.34.1.1}{\376\377\0003\0007\000.\0001\000\040\146\156\220\032\165\037\142\020\121\375\145\160}{section.34.1}% 342
\BOOKMARK [2][-]{subsection.34.1.2}{\376\377\0003\0007\000.\0002\000\040\143\007\145\160\165\037\142\020\121\375\145\160}{section.34.1}% 343
\BOOKMARK [2][-]{subsection.34.1.3}{\376\377\0003\0007\000.\0003\000\040\176\277\140\047\220\022\143\250\166\204\165\037\142\020\121\375\145\160\211\343\154\325}{section.34.1}% 344
\BOOKMARK [2][-]{subsection.34.1.4}{\376\377\0003\0007\000.\0004\000\040\000C\000a\000t\000a\000l\000a\000n\000\040\145\160\166\204\165\037\142\020\121\375\145\160}{section.34.1}% 345
\BOOKMARK [2][-]{subsection.34.1.5}{\376\377\0003\0007\000.\0005\000\040\122\006\142\306\145\160\166\204\165\037\142\020\121\375\145\160}{section.34.1}% 346
\BOOKMARK [2][-]{subsection.34.1.6}{\376\377\0003\0007\000.\0006\000\040\000D\000i\000r\000i\000c\000h\000l\000e\000t\165\037\142\020\121\375\145\160\116\016\000D\000i\000r\000i\000c\000h\000l\000e\000t\123\167\171\357}{section.34.1}% 347
\BOOKMARK [1][-]{section.34.2}{\376\377\173\054\0008\0002\172\340\377\032\000P\000\363\000l\000y\000a\000\040\213\241\145\160\116\016\126\376\131\032\230\171\137\017}{chapter.34}% 348
\BOOKMARK [2][-]{subsection.34.2.1}{\376\377\0003\0008\000.\0001\000\040\000P\000\363\000l\000y\000a\000\040\213\241\145\160\133\232\164\006}{section.34.2}% 349
\BOOKMARK [2][-]{subsection.34.2.2}{\376\377\0003\0008\000.\0002\000\040\126\376\131\032\230\171\137\017}{section.34.2}% 350
\BOOKMARK [1][-]{section.34.3}{\376\377\173\054\0008\0003\172\340\377\032\126\376\213\272\127\372\170\100}{chapter.34}% 351
\BOOKMARK [2][-]{subsection.34.3.1}{\376\377\0003\0009\000.\0001\000\040\126\376\166\204\153\143\137\017\133\232\116\111\116\016\167\351\226\065\210\150\171\072}{section.34.3}% 352
\BOOKMARK [2][-]{subsection.34.3.2}{\376\377\0003\0009\000.\0002\000\040\217\336\220\032\140\047\116\016\000\040\000M\000e\000n\000g\000e\000r\000\040\133\232\164\006}{section.34.3}% 353
\BOOKMARK [2][-]{subsection.34.3.3}{\376\377\0003\0009\000.\0003\000\040\126\376\167\100\202\162\116\016\000\040\000B\000r\000o\000o\000k\000s\000\040\133\232\164\006}{section.34.3}% 354
\BOOKMARK [2][-]{subsection.34.3.4}{\376\377\0003\0009\000.\0004\000\040\136\163\227\142\126\376\116\016\000\040\000K\000u\000r\000a\000t\000o\000w\000s\000k\000i\000\040\133\232\164\006}{section.34.3}% 355
\BOOKMARK [2][-]{subsection.34.3.5}{\376\377\0003\0009\000.\0005\000\040\000R\000a\000m\000s\000e\000y\000\040\164\006\213\272}{section.34.3}% 356
\BOOKMARK [0][-]{chapter.35}{\376\377\0000\0004\000-\171\273\145\143\145\160\133\146\000/\0000\0001\000-\176\304\124\010\145\160\133\146\000/\0000\0003\000-\123\071\221\115\116\016\147\201\120\074\000.\000m\000d}{}% 357
\BOOKMARK [1][-]{section.35.1}{\376\377\173\054\0008\0004\172\340\377\032\147\201\120\074\226\306\124\010\213\272\377\010\000E\000x\000t\000r\000e\000m\000a\000l\000\040\000S\000e\000t\000\040\000T\000h\000e\000o\000r\000y\377\011}{chapter.35}% 358
\BOOKMARK [2][-]{subsection.35.1.1}{\376\377\127\372\147\054\133\232\116\111}{section.35.1}% 359
\BOOKMARK [2][-]{subsection.35.1.2}{\376\377\000S\000p\000e\000r\000n\000e\000r\000\040\133\232\164\006}{section.35.1}% 360
\BOOKMARK [2][-]{subsection.35.1.3}{\376\377\000E\000r\000d\001\121\000s\000-\000K\000o\000-\000R\000a\000d\000o\000\040\133\232\164\006}{section.35.1}% 361
\BOOKMARK [2][-]{subsection.35.1.4}{\376\377\000K\000r\000u\000s\000k\000a\000l\000-\000K\000a\000t\000o\000n\000a\000\040\133\232\164\006}{section.35.1}% 362
\BOOKMARK [2][-]{subsection.35.1.5}{\376\377\000F\000r\000a\000n\000k\000l\000-\000W\000i\000l\000s\000o\000n\000\040\133\232\164\006\116\016\116\343\145\160\145\271\154\325}{section.35.1}% 363
\BOOKMARK [1][-]{section.35.2}{\376\377\173\054\0008\0005\172\340\377\032\123\071\221\115\164\006\213\272\155\361\123\026}{chapter.35}% 364
\BOOKMARK [2][-]{subsection.35.2.1}{\376\377\0003\0009\000.\0001\000\040\000H\000a\000l\000l\000\040\133\232\164\006\166\204\155\361\121\145\226\020\217\360}{section.35.2}% 365
\BOOKMARK [2][-]{subsection.35.2.2}{\376\377\0003\0009\000.\0002\000\040\000T\000u\000t\000t\000e\000\040\133\232\164\006\116\016\116\000\202\054\126\376\123\071\221\115}{section.35.2}% 366
\BOOKMARK [2][-]{subsection.35.2.3}{\376\377\0003\0009\000.\0003\000\040\126\340\133\120\116\064\165\114\126\376\116\016\000\040\000G\000a\000l\000l\000a\000i\000-\000E\000d\000m\000o\000n\000d\000s\000\040\122\006\211\343}{section.35.2}% 367
\BOOKMARK [2][-]{subsection.35.2.4}{\376\377\0003\0009\000.\0004\000\040\147\201\120\074\126\376\213\272}{section.35.2}% 368
\BOOKMARK [0][-]{chapter.36}{\376\377\0000\0004\000-\171\273\145\143\145\160\133\146\000/\0000\0001\000-\176\304\124\010\145\160\133\146\000/\0000\0004\000-\176\304\124\010\213\276\213\241\116\016\142\337\226\065\000.\000m\000d}{}% 369
\BOOKMARK [1][-]{section.36.1}{\376\377\173\054\0008\0006\172\340\377\032\176\304\124\010\213\276\213\241\164\006\213\272}{chapter.36}% 370
\BOOKMARK [2][-]{subsection.36.1.1}{\376\377\0004\0000\000.\0001\000\040\176\304\124\010\213\276\213\241\166\204\127\372\147\054\151\202\137\365}{section.36.1}% 371
\BOOKMARK [2][-]{subsection.36.1.2}{\376\377\0004\0000\000.\0002\000\040\153\143\116\244\142\311\116\001\145\271\116\016\147\011\226\120\127\337\147\204\220\040}{section.36.1}% 372
\BOOKMARK [2][-]{subsection.36.1.3}{\376\377\0004\0000\000.\0003\000\040\000S\000t\000e\000i\000n\000e\000r\000\040\116\011\121\103\174\373}{section.36.1}% 373
\BOOKMARK [2][-]{subsection.36.1.4}{\376\377\0004\0000\000.\0004\000\040\142\337\226\065\213\272\155\361\123\026}{section.36.1}% 374
\BOOKMARK [2][-]{subsection.36.1.5}{\376\377\0004\0001\000.\000A\000\040\176\304\124\010\213\276\213\241\210\145\121\105}{section.36.1}% 375
\BOOKMARK [2][-]{subsection.36.1.6}{\376\377\117\341\140\157\213\272\116\055\166\204\210\145\121\105\116\073\230\230}{section.36.1}% 376
\BOOKMARK [1][-]{section.36.2}{\376\377\173\054\0008\0007\172\340\377\032\176\304\124\010\213\276\213\241}{chapter.36}% 377
\BOOKMARK [2][-]{subsection.36.2.1}{\376\377\0001\0003\0001\000.\0001\000\040\123\072\176\304\213\276\213\241}{section.36.2}% 378
\BOOKMARK [2][-]{subsection.36.2.2}{\376\377\0001\0003\0001\000.\0002\000\040\153\143\116\244\142\311\116\001\145\271}{section.36.2}% 379
\BOOKMARK [2][-]{subsection.36.2.3}{\376\377\0001\0003\0001\000.\0003\000\040\000S\000t\000e\000i\000n\000e\000r\000\040\174\373\116\016\000\040\000t\000-\213\276\213\241}{section.36.2}% 380
\BOOKMARK [2][-]{subsection.36.2.4}{\376\377\0001\0003\0001\000.\0004\000\040\147\011\226\120\127\337\116\016\176\304\124\010\213\276\213\241}{section.36.2}% 381
\BOOKMARK [2][-]{subsection.36.2.5}{\376\377\176\304\124\010\213\276\213\241\166\204\122\115\154\277\116\016\147\052\211\343\225\356\230\230}{section.36.2}% 382
\BOOKMARK [2][-]{subsection.36.2.6}{\376\377\122\240\154\325\176\304\124\010\133\146}{section.36.2}% 383
\BOOKMARK [2][-]{subsection.36.2.7}{\376\377\124\214\226\306\116\016\135\356\226\306}{section.36.2}% 384
\BOOKMARK [2][-]{subsection.36.2.8}{\376\377\000R\000u\000z\000s\000a\000\040\116\011\211\322\116\015\173\111\137\017}{section.36.2}% 385
\BOOKMARK [2][-]{subsection.36.2.9}{\376\377\000P\000l\000\374\000n\000n\000e\000c\000k\000e\000\040\116\015\173\111\137\017}{section.36.2}% 386
\BOOKMARK [2][-]{subsection.36.2.10}{\376\377\000F\000r\000e\000i\000m\000a\000n\000\040\133\232\164\006}{section.36.2}% 387
\BOOKMARK [2][-]{subsection.36.2.11}{\376\377\000S\000z\000e\000m\000e\000r\000\351\000d\000i\000\040\133\232\164\006}{section.36.2}% 388
\BOOKMARK [2][-]{subsection.36.2.12}{\376\377\000G\000r\000e\000e\000n\000-\000T\000a\000o\000\040\133\232\164\006}{section.36.2}% 389
\BOOKMARK [2][-]{subsection.36.2.13}{\376\377\000B\000o\000u\000r\000g\000a\000i\000n\000-\000K\000a\000t\000z\000-\000T\000a\000o\000\040\000S\000u\000m\000-\000P\000r\000o\000d\000u\000c\000t\000\040\133\232\164\006}{section.36.2}% 390
\BOOKMARK [2][-]{subsection.36.2.14}{\376\377\000B\000a\000l\000o\000g\000-\000S\000z\000e\000m\000e\000r\000\351\000d\000i\000-\000G\000o\000w\000e\000r\000s\000\040\133\232\164\006}{section.36.2}% 391
\BOOKMARK [2][-]{subsection.36.2.15}{\376\377\176\304\124\010\162\151\171\315\164\006\213\272}{section.36.2}% 392
\BOOKMARK [2][-]{subsection.36.2.16}{\376\377\203\003\165\164\213\272\133\232\116\111}{section.36.2}% 393
\BOOKMARK [2][-]{subsection.36.2.17}{\376\377\127\372\147\054\162\151\171\315}{section.36.2}% 394
\BOOKMARK [2][-]{subsection.36.2.18}{\376\377\162\151\171\315\217\320\173\227}{section.36.2}% 395
\BOOKMARK [2][-]{subsection.36.2.19}{\376\377\122\006\133\120\162\151\171\315\116\016\122\006\211\343\133\232\164\006}{section.36.2}% 396
\BOOKMARK [2][-]{subsection.36.2.20}{\376\377\206\132\162\151\171\315\163\257}{section.36.2}% 397
\BOOKMARK [2][-]{subsection.36.2.21}{\376\377\137\252\163\257\143\007\150\007\176\247\145\160\116\016\000\040\000P\000\363\000l\000y\000a\000\040\213\241\145\160}{section.36.2}% 398
\BOOKMARK [0][-]{chapter.37}{\376\377\0000\0004\000-\171\273\145\143\145\160\133\146\000/\0000\0001\000-\176\304\124\010\145\160\133\146\000/\0000\0005\000-\116\343\145\160\176\304\124\010\133\146\000.\000m\000d}{}% 399
\BOOKMARK [1][-]{section.37.1}{\376\377\173\054\0008\0008\172\340\377\032\000S\000h\000a\000n\000n\000o\000n\000\040\161\265\116\016\117\341\140\157\136\246\221\317}{chapter.37}% 400
\BOOKMARK [2][-]{subsection.37.1.1}{\376\377\0001\0004\0002\000.\0001\000\040\161\265\166\204\133\232\116\111\116\016\121\154\164\006\123\026}{section.37.1}% 401
\BOOKMARK [2][-]{subsection.37.1.2}{\376\377\0001\0004\0002\000.\0002\000\040\200\124\124\010\161\265\060\001\147\141\116\366\161\265\116\016\116\222\117\341\140\157}{section.37.1}% 402
\BOOKMARK [2][-]{subsection.37.1.3}{\376\377\0001\0004\0002\000.\0003\000\040\166\370\133\371\161\265\116\016\116\244\123\311\161\265}{section.37.1}% 403
\BOOKMARK [2][-]{subsection.37.1.4}{\376\377\0001\0004\0002\000.\0004\000\040\137\256\122\006\161\265\116\016\217\336\176\355\226\217\147\072\123\330\221\317}{section.37.1}% 404
\BOOKMARK [1][-]{section.37.2}{\376\377\173\054\0008\0009\172\340\377\032\117\341\220\123\133\271\221\317\116\016\177\026\170\001\133\232\164\006}{chapter.37}% 405
\BOOKMARK [2][-]{subsection.37.2.1}{\376\377\0001\0004\0003\000.\0001\000\040\117\341\156\220\177\026\170\001\133\232\164\006}{section.37.2}% 406
\BOOKMARK [2][-]{subsection.37.2.2}{\376\377\0001\0004\0003\000.\0002\000\040\117\341\220\123\133\271\221\317}{section.37.2}% 407
\BOOKMARK [2][-]{subsection.37.2.3}{\376\377\0001\0004\0003\000.\0003\000\040\117\341\220\123\177\026\170\001\133\232\164\006}{section.37.2}% 408
\BOOKMARK [2][-]{subsection.37.2.4}{\376\377\0001\0004\0003\000.\0004\000\040\163\207\131\061\167\037\164\006\213\272}{section.37.2}% 409
\BOOKMARK [2][-]{subsection.37.2.5}{\376\377\000q\000-\145\164\145\160\116\016\127\372\147\054\133\232\116\111}{section.37.2}% 410
\BOOKMARK [2][-]{subsection.37.2.6}{\376\377\000q\000-\116\214\230\171\137\017\174\373\145\160\166\204\176\304\124\010\211\343\221\312}{section.37.2}% 411
\BOOKMARK [2][-]{subsection.37.2.7}{\376\377\000q\000-\116\214\230\171\137\017\133\232\164\006}{section.37.2}% 412
\BOOKMARK [2][-]{subsection.37.2.8}{\376\377\000E\000u\000l\000e\000r\000\040\116\224\217\271\137\142\145\160\133\232\164\006}{section.37.2}% 413
\BOOKMARK [2][-]{subsection.37.2.9}{\376\377\000R\000o\000g\000e\000r\000s\000-\000R\000a\000m\000a\000n\000u\000j\000a\000n\000\040\140\122\173\111\137\017}{section.37.2}% 414
\BOOKMARK [2][-]{subsection.37.2.10}{\376\377\000H\000e\000i\000n\000e\000\040\123\330\143\142\121\154\137\017}{section.37.2}% 415
\BOOKMARK [0][-]{chapter.38}{\376\377\0000\0004\000-\171\273\145\143\145\160\133\146\000/\0000\0001\000-\176\304\124\010\145\160\133\146\000/\0000\0006\000-\126\376\213\272\000.\000m\000d}{}% 416
\BOOKMARK [0][-]{chapter.39}{\376\377\126\376\213\272}{}% 417
\BOOKMARK [1][-]{section.39.1}{\376\377\173\054\0009\0000\172\340\377\032\126\376\213\272\127\372\147\054\151\202\137\365\116\016\150\021}{chapter.39}% 418
\BOOKMARK [2][-]{subsection.39.1.1}{\376\377\126\376\166\204\127\372\147\054\133\232\116\111}{section.39.1}% 419
\BOOKMARK [2][-]{subsection.39.1.2}{\376\377\126\376\166\204\217\336\220\032\140\047}{section.39.1}% 420
\BOOKMARK [2][-]{subsection.39.1.3}{\376\377\150\021\116\016\150\356\147\227}{section.39.1}% 421
\BOOKMARK [2][-]{subsection.39.1.4}{\376\377\147\000\134\017\165\037\142\020\150\021}{section.39.1}% 422
\BOOKMARK [2][-]{subsection.39.1.5}{\376\377\126\376\166\204\167\351\226\065\210\150\171\072}{section.39.1}% 423
\BOOKMARK [2][-]{subsection.39.1.6}{\376\377\0001\0002\0008\000.\0001\000\040\126\376\166\204\127\372\147\054\151\202\137\365}{section.39.1}% 424
\BOOKMARK [2][-]{subsection.39.1.7}{\376\377\0001\0002\0008\000.\0002\000\040\150\021\116\016\165\037\142\020\150\021}{section.39.1}% 425
\BOOKMARK [2][-]{subsection.39.1.8}{\376\377\0001\0002\0008\000.\0003\000\040\217\336\220\032\140\047\116\016\000\040\000M\000e\000n\000g\000e\000r\000\040\133\232\164\006}{section.39.1}% 426
\BOOKMARK [2][-]{subsection.39.1.9}{\376\377\0001\0002\0008\000.\0004\000\040\000E\000u\000l\000e\000r\000\040\126\336\215\357\116\016\000\040\000H\000a\000m\000i\000l\000t\000o\000n\000\040\126\336\215\357}{section.39.1}% 427
\BOOKMARK [2][-]{subsection.39.1.10}{\376\377\0001\0002\0008\000.\0005\000\040\136\163\227\142\126\376}{section.39.1}% 428
\BOOKMARK [2][-]{subsection.39.1.11}{\376\377\0001\0002\0008\000.\0006\000\040\147\011\124\021\126\376\116\016\172\336\215\133\126\376}{section.39.1}% 429
\BOOKMARK [1][-]{section.39.2}{\376\377\173\054\0009\0001\172\340\377\032\126\376\166\204\147\323\202\162\116\016\136\163\227\142\140\047}{chapter.39}% 430
\BOOKMARK [2][-]{subsection.39.2.1}{\376\377\160\271\147\323\202\162\116\016\202\162\145\160}{section.39.2}% 431
\BOOKMARK [2][-]{subsection.39.2.2}{\376\377\217\271\147\323\202\162\116\016\000V\000i\000z\000i\000n\000g\133\232\164\006}{section.39.2}% 432
\BOOKMARK [2][-]{subsection.39.2.3}{\376\377\136\163\227\142\126\376\116\016\000E\000u\000l\000e\000r\121\154\137\017}{section.39.2}% 433
\BOOKMARK [2][-]{subsection.39.2.4}{\376\377\126\333\202\162\133\232\164\006}{section.39.2}% 434
\BOOKMARK [2][-]{subsection.39.2.5}{\376\377\133\214\177\216\126\376\116\016\137\072\133\214\177\216\126\376\133\232\164\006}{section.39.2}% 435
\BOOKMARK [0][-]{chapter.40}{\376\377\0000\0004\000-\171\273\145\143\145\160\133\146\000/\0000\0001\000-\176\304\124\010\145\160\133\146\000/\0000\0007\000-\126\376\213\272\232\330\176\247\000.\000m\000d}{}% 436
\BOOKMARK [1][-]{section.40.1}{\376\377\173\054\0009\0002\172\340\377\032\116\343\145\160\126\376\213\272\116\016\214\061\126\376\213\272}{chapter.40}% 437
\BOOKMARK [2][-]{subsection.40.1.1}{\376\377\126\376\166\204\220\273\143\245\167\351\226\065\214\061}{section.40.1}% 438
\BOOKMARK [2][-]{subsection.40.1.2}{\376\377\126\376\214\061\116\016\126\376\166\204\142\151\137\040\140\047\215\050}{section.40.1}% 439
\BOOKMARK [2][-]{subsection.40.1.3}{\376\377\126\376\214\061\116\016\226\217\147\072\156\070\215\160}{section.40.1}% 440
\BOOKMARK [2][-]{subsection.40.1.4}{\376\377\126\376\166\204\124\014\147\204\116\016\201\352\124\014\147\204\177\244}{section.40.1}% 441
\BOOKMARK [1][-]{section.40.2}{\376\377\173\054\0009\0003\172\340\377\032\226\217\147\072\126\376\116\016\147\201\120\074\126\376\213\272}{chapter.40}% 442
\BOOKMARK [2][-]{subsection.40.2.1}{\376\377\000E\000r\000d\001\121\000s\040\023\000R\000\351\000n\000y\000i\226\217\147\072\126\376\152\041\127\213}{section.40.2}% 443
\BOOKMARK [2][-]{subsection.40.2.2}{\376\377\147\201\120\074\126\376\213\272\150\070\137\303\133\232\164\006}{section.40.2}% 444
\BOOKMARK [2][-]{subsection.40.2.3}{\376\377\000S\000z\000e\000m\000e\000r\000\351\000d\000i\153\143\122\031\137\025\164\006}{section.40.2}% 445
\BOOKMARK [2][-]{subsection.40.2.4}{\376\377\126\376\147\201\226\120\164\006\213\272}{section.40.2}% 446
\BOOKMARK [2][-]{subsection.40.2.5}{\376\377\0001\0002\0008\000.\0001\000\040\126\376\166\204\127\372\147\054\151\202\137\365}{section.40.2}% 447
\BOOKMARK [2][-]{subsection.40.2.6}{\376\377\0001\0002\0008\000.\0002\000\040\150\021\116\016\165\037\142\020\150\021}{section.40.2}% 448
\BOOKMARK [2][-]{subsection.40.2.7}{\376\377\0001\0002\0008\000.\0003\000\040\217\336\220\032\140\047\116\016\000\040\000M\000e\000n\000g\000e\000r\000\040\133\232\164\006}{section.40.2}% 449
\BOOKMARK [2][-]{subsection.40.2.8}{\376\377\0001\0002\0008\000.\0004\000\040\000E\000u\000l\000e\000r\000\040\126\336\215\357\116\016\000\040\000H\000a\000m\000i\000l\000t\000o\000n\000\040\126\336\215\357}{section.40.2}% 450
\BOOKMARK [2][-]{subsection.40.2.9}{\376\377\0001\0002\0008\000.\0005\000\040\136\163\227\142\126\376}{section.40.2}% 451
\BOOKMARK [2][-]{subsection.40.2.10}{\376\377\0001\0002\0008\000.\0006\000\040\147\011\124\021\126\376\116\016\172\336\215\133\126\376}{section.40.2}% 452
\BOOKMARK [1][-]{section.40.3}{\376\377\173\054\0009\0004\172\340\377\032\123\071\221\115\116\016\177\121\176\334\155\101}{chapter.40}% 453
\BOOKMARK [2][-]{subsection.40.3.1}{\376\377\0001\0002\0009\000.\0001\000\040\116\214\122\006\126\376\123\071\221\115}{section.40.3}% 454
\BOOKMARK [2][-]{subsection.40.3.2}{\376\377\0001\0002\0009\000.\0002\000\040\116\000\202\054\126\376\123\071\221\115}{section.40.3}% 455
\BOOKMARK [2][-]{subsection.40.3.3}{\376\377\0001\0002\0009\000.\0003\000\040\177\121\176\334\155\101\116\016\147\000\131\047\155\101}{section.40.3}% 456
\BOOKMARK [2][-]{subsection.40.3.4}{\376\377\0001\0002\0009\000.\0004\000\040\147\000\134\017\215\071\165\050\155\101\116\016\122\006\221\115\225\356\230\230}{section.40.3}% 457
\BOOKMARK [2][-]{subsection.40.3.5}{\376\377\0001\0002\0009\000.\0005\000\040\147\000\134\017\122\162\116\016\217\336\220\032\140\047\136\224\165\050}{section.40.3}% 458
\BOOKMARK [1][-]{section.40.4}{\376\377\173\054\0009\0005\172\340\377\032\147\323\202\162\116\016\000\040\000R\000a\000m\000s\000e\000y\000\040\164\006\213\272}{chapter.40}% 459
\BOOKMARK [2][-]{subsection.40.4.1}{\376\377\0001\0003\0000\000.\0001\000\040\230\166\160\271\147\323\202\162}{section.40.4}% 460
\BOOKMARK [2][-]{subsection.40.4.2}{\376\377\0001\0003\0000\000.\0002\000\040\217\271\147\323\202\162}{section.40.4}% 461
\BOOKMARK [2][-]{subsection.40.4.3}{\376\377\0001\0003\0000\000.\0003\000\040\000R\000a\000m\000s\000e\000y\000\040\164\006\213\272}{section.40.4}% 462
\BOOKMARK [2][-]{subsection.40.4.4}{\376\377\0001\0003\0000\000.\0004\000\040\147\201\120\074\126\376\213\272}{section.40.4}% 463
\BOOKMARK [2][-]{subsection.40.4.5}{\376\377\0001\0003\0000\000.\0005\000\040\153\143\122\031\140\047\137\025\164\006\123\312\121\166\136\224\165\050}{section.40.4}% 464
\BOOKMARK [0][-]{chapter.41}{\376\377\0000\0004\000-\171\273\145\143\145\160\133\146\000/\0000\0002\000-\151\202\163\207\116\016\117\341\140\157\000/\0000\0001\000-\117\341\140\157\213\272\000.\000m\000d}{}% 465
\BOOKMARK [1][-]{section.41.1}{\376\377\173\054\0009\0006\172\340\377\032\117\341\140\157\213\272\127\372\170\100}{chapter.41}% 466
\BOOKMARK [2][-]{subsection.41.1.1}{\376\377\0004\0005\000.\0001\000\040\161\265\060\001\116\222\117\341\140\157\116\016\000\040\000K\000L\000\040\145\143\136\246}{section.41.1}% 467
\BOOKMARK [2][-]{subsection.41.1.2}{\376\377\0004\0005\000.\0002\000\040\117\341\156\220\177\026\170\001\133\232\164\006}{section.41.1}% 468
\BOOKMARK [2][-]{subsection.41.1.3}{\376\377\0004\0005\000.\0003\000\040\117\341\220\123\133\271\221\317}{section.41.1}% 469
\BOOKMARK [2][-]{subsection.41.1.4}{\376\377\0004\0005\000.\0004\000\040\163\207\131\061\167\037\164\006\213\272}{section.41.1}% 470
\BOOKMARK [2][-]{subsection.41.1.5}{\376\377\0003\0000\000.\0005\000\040\117\060\213\241\164\006\213\272\116\016\120\107\213\276\150\300\232\214\133\374\137\025}{section.41.1}% 471
\BOOKMARK [2][-]{subsection.41.1.6}{\376\377\0004\0001\000.\000B\000\040\177\121\176\334\117\341\140\157\213\272}{section.41.1}% 472
\BOOKMARK [2][-]{subsection.41.1.7}{\376\377\0004\0005\000.\0005\000\040\177\121\176\334\117\341\140\157\213\272\133\374\137\025}{section.41.1}% 473
\BOOKMARK [2][-]{subsection.41.1.8}{\376\377\0004\0006\000.\000A\000\040\117\341\140\157\213\272\210\145\121\105}{section.41.1}% 474
\BOOKMARK [1][-]{section.41.2}{\376\377\173\054\0009\0007\172\340\377\032\165\037\142\020\121\375\145\160\116\016\220\022\143\250\121\163\174\373}{chapter.41}% 475
\BOOKMARK [2][-]{subsection.41.2.1}{\376\377\0001\0002\0007\000.\0001\000\040\146\156\220\032\165\037\142\020\121\375\145\160}{section.41.2}% 476
\BOOKMARK [2][-]{subsection.41.2.2}{\376\377\0001\0002\0007\000.\0002\000\040\143\007\145\160\165\037\142\020\121\375\145\160}{section.41.2}% 477
\BOOKMARK [2][-]{subsection.41.2.3}{\376\377\0001\0002\0007\000.\0003\000\040\220\022\143\250\121\163\174\373\166\204\154\102\211\343}{section.41.2}% 478
\BOOKMARK [2][-]{subsection.41.2.4}{\376\377\0001\0002\0007\000.\0004\000\040\133\271\145\245\123\237\164\006}{section.41.2}% 479
\BOOKMARK [0][-]{chapter.42}{\376\377\0000\0004\000-\171\273\145\143\145\160\133\146\000/\0000\0002\000-\151\202\163\207\116\016\117\341\140\157\000/\0000\0002\000-\177\026\170\001\116\016\133\306\170\001\000.\000m\000d}{}% 480
\BOOKMARK [1][-]{section.42.1}{\376\377\173\054\0009\0008\172\340\377\032\176\240\225\031\170\001}{chapter.42}% 481
\BOOKMARK [2][-]{subsection.42.1.1}{\376\377\0001\0004\0004\000.\0001\000\040\176\277\140\047\170\001}{section.42.1}% 482
\BOOKMARK [2][-]{subsection.42.1.2}{\376\377\0001\0004\0004\000.\0002\000\040\176\317\121\170\176\277\140\047\170\001}{section.42.1}% 483
\BOOKMARK [2][-]{subsection.42.1.3}{\376\377\0001\0004\0004\000.\0003\000\040\116\343\145\160\121\340\117\125\170\001}{section.42.1}% 484
\BOOKMARK [2][-]{subsection.42.1.4}{\376\377\0001\0004\0004\000.\0004\000\040\123\167\171\357\170\001\060\001\000T\000u\000r\000b\000o\000\040\170\001\116\016\000\040\000P\000o\000l\000a\000r\000\040\170\001}{section.42.1}% 485
\BOOKMARK [2][-]{subsection.42.1.5}{\376\377\0001\0004\0004\000.\0005\000\040\177\121\176\334\177\026\170\001\116\016\122\006\136\003\137\017\133\130\120\250\170\001}{section.42.1}% 486
\BOOKMARK [2][-]{subsection.42.1.6}{\376\377\0001\0004\0004\000.\0006\000\040\221\317\133\120\176\240\225\031\170\001\133\374\137\025}{section.42.1}% 487
\BOOKMARK [2][-]{subsection.42.1.7}{\376\377\0001\0004\0004\000.\0007\000\040\124\016\221\317\133\120\133\306\170\001\116\016\177\026\170\001\133\306\170\001\133\146}{section.42.1}% 488
\BOOKMARK [1][-]{section.42.2}{\376\377\173\054\0009\0009\172\340\377\032\117\116\133\306\136\246\131\107\120\166\150\041\232\214\170\001\377\010\000L\000D\000P\000C\377\011\116\016\126\376\213\272\177\026\170\001}{chapter.42}% 489
\BOOKMARK [2][-]{subsection.42.2.1}{\376\377\0001\0004\0005\000.\000x\000\040\153\143\122\031\116\016\116\015\211\304\122\031\000\040\000L\000D\000P\000C\000\040\170\001\166\204\136\246\122\006\136\003\213\276\213\241}{section.42.2}% 490
\BOOKMARK [2][-]{subsection.42.2.2}{\376\377\0001\0004\0005\000.\000y\000\040\000L\000D\000P\000C\000\040\170\001\166\204\126\364\225\177\147\141\116\366\116\016\147\204\220\040\145\271\154\325}{section.42.2}% 491
\BOOKMARK [1][-]{section.42.3}{\376\377\173\054\0001\0000\0000\172\340\377\032\177\121\176\334\177\026\170\001\116\016\117\341\140\157\155\101}{chapter.42}% 492
\BOOKMARK [2][-]{subsection.42.3.1}{\376\377\0001\0004\0006\000.\000x\000\040\207\164\207\166\177\121\176\334\116\016\131\032\144\255\133\271\221\317\133\232\164\006}{section.42.3}% 493
\BOOKMARK [2][-]{subsection.42.3.2}{\376\377\0001\0004\0006\000.\000y\000\040\176\277\140\047\177\121\176\334\177\026\170\001\166\204\116\343\145\160\150\106\147\266}{section.42.3}% 494
\BOOKMARK [2][-]{subsection.42.3.3}{\376\377\0001\0004\0006\000.\000z\000\040\177\121\176\334\177\026\170\001\116\016\122\006\136\003\137\017\133\130\120\250\377\032\121\215\165\037\170\001}{section.42.3}% 495
\BOOKMARK [0][-]{chapter.43}{\376\377\0000\0005\000-\116\343\145\160\000/\0000\0001\000-\176\277\140\047\116\343\145\160\000/\0000\0001\000-\124\021\221\317\172\172\225\364\000.\000m\000d}{}% 496
\BOOKMARK [1][-]{section.43.1}{\376\377\173\054\0001\0000\0001\172\340\377\032\124\021\221\317\172\172\225\364\121\154\164\006\123\026}{chapter.43}% 497
\BOOKMARK [2][-]{subsection.43.1.1}{\376\377\0003\0002\000.\0002\000\040\133\120\172\172\225\364}{section.43.1}% 498
\BOOKMARK [2][-]{subsection.43.1.2}{\376\377\0003\0002\000.\0003\000\040\176\277\140\047\176\304\124\010\116\016\165\037\142\020}{section.43.1}% 499
\BOOKMARK [2][-]{subsection.43.1.3}{\376\377\0003\0002\000.\0004\000\040\176\277\140\047\166\370\121\163\116\016\176\277\140\047\145\340\121\163}{section.43.1}% 500
\BOOKMARK [2][-]{subsection.43.1.4}{\376\377\0003\0002\000.\0005\000\040\127\372\116\016\176\364\145\160}{section.43.1}% 501
\BOOKMARK [2][-]{subsection.43.1.5}{\376\377\0003\0002\000.\0006\000\040\127\120\150\007\146\040\134\004\116\016\124\014\147\204}{section.43.1}% 502
\BOOKMARK [0][-]{chapter.44}{\376\377\0000\0005\000-\116\343\145\160\000/\0000\0001\000-\176\277\140\047\116\343\145\160\000/\0000\0002\000-\176\277\140\047\146\040\134\004\116\016\167\351\226\065\000.\000m\000d}{}% 503
\BOOKMARK [1][-]{section.44.1}{\376\377\173\054\0001\0000\0002\172\340\377\032\176\277\140\047\146\040\134\004\116\016\167\351\226\065}{chapter.44}% 504
\BOOKMARK [2][-]{subsection.44.1.1}{\376\377\0003\0003\000.\0002\000\040\150\070\116\016\120\317}{section.44.1}% 505
\BOOKMARK [2][-]{subsection.44.1.2}{\376\377\0003\0003\000.\0003\000\040\171\351\000-\226\366\123\026\136\246\133\232\164\006}{section.44.1}% 506
\BOOKMARK [2][-]{subsection.44.1.3}{\376\377\0003\0003\000.\0004\000\040\176\277\140\047\146\040\134\004\166\204\167\351\226\065\210\150\171\072}{section.44.1}% 507
\BOOKMARK [2][-]{subsection.44.1.4}{\376\377\0003\0003\000.\0005\000\040\167\351\226\065\116\130\154\325\116\016\131\015\124\010}{section.44.1}% 508
\BOOKMARK [2][-]{subsection.44.1.5}{\376\377\0003\0003\000.\0006\000\040\127\372\123\330\143\142}{section.44.1}% 509
\BOOKMARK [1][-]{section.44.2}{\376\377\173\054\0001\0000\0003\172\340\377\032\167\351\226\065\203\003\145\160\116\016\147\141\116\366\145\160}{chapter.44}% 510
\BOOKMARK [2][-]{subsection.44.2.1}{\376\377\0005\0005\000.\0001\000\040\167\351\226\065\203\003\145\160\166\204\133\232\116\111\116\016\127\372\147\054\140\047\215\050}{section.44.2}% 511
\BOOKMARK [2][-]{subsection.44.2.2}{\376\377\0005\0005\000.\0002\000\040\147\141\116\366\145\160\116\016\213\357\135\356\122\006\147\220}{section.44.2}% 512
\BOOKMARK [1][-]{section.44.3}{\376\377\173\054\0001\0000\0004\172\340\377\032\145\160\120\074\171\351\116\016\117\116\171\351\220\074\217\321}{chapter.44}% 513
\BOOKMARK [2][-]{subsection.44.3.1}{\376\377\0005\0006\000.\0001\000\040\000E\000c\000k\000a\000r\000t\000-\000Y\000o\000u\000n\000g\000-\000M\000i\000r\000s\000k\000y\133\232\164\006}{section.44.3}% 514
\BOOKMARK [2][-]{subsection.44.3.2}{\376\377\0005\0006\000.\0002\000\040\145\160\120\074\171\351\116\016\171\351\146\076\227\062\122\006\211\343}{section.44.3}% 515
\BOOKMARK [2][-]{subsection.44.3.3}{\376\377\0005\0006\000.\0003\000\040\117\116\171\351\220\074\217\321\166\204\226\217\147\072\123\026\173\227\154\325}{section.44.3}% 516
\BOOKMARK [0][-]{chapter.45}{\376\377\0000\0005\000-\116\343\145\160\000/\0000\0001\000-\176\277\140\047\116\343\145\160\000/\0000\0003\000-\210\114\122\027\137\017\000.\000m\000d}{}% 517
\BOOKMARK [1][-]{section.45.1}{\376\377\173\054\0001\0000\0005\172\340\377\032\210\114\122\027\137\017}{chapter.45}% 518
\BOOKMARK [2][-]{subsection.45.1.1}{\376\377\0003\0004\000.\0001\000\040\210\114\122\027\137\017\166\204\121\154\164\006\123\026\133\232\116\111}{section.45.1}% 519
\BOOKMARK [2][-]{subsection.45.1.2}{\376\377\0003\0004\000.\0002\000\040\210\114\122\027\137\017\166\204\127\372\147\054\140\047\215\050}{section.45.1}% 520
\BOOKMARK [2][-]{subsection.45.1.3}{\376\377\0003\0004\000.\0003\000\040\210\114\122\027\137\017\166\204\134\125\137\000}{section.45.1}% 521
\BOOKMARK [2][-]{subsection.45.1.4}{\376\377\0003\0004\000.\0004\000\040\000C\000r\000a\000m\000e\000r\000\040\154\325\122\031}{section.45.1}% 522
\BOOKMARK [2][-]{subsection.45.1.5}{\376\377\0003\0004\000.\0005\000\040\210\114\122\027\137\017\116\016\117\123\171\357}{section.45.1}% 523
\BOOKMARK [2][-]{subsection.45.1.6}{\376\377\0003\0004\000.\0006\000\040\162\171\153\212\210\114\122\027\137\017}{section.45.1}% 524
\BOOKMARK [2][-]{subsection.45.1.7}{\376\377\0003\0004\000.\0007\000\040\000P\000f\000a\000f\000f\000i\000a\000n\000\040\116\016\123\315\133\371\171\360\167\351\226\065}{section.45.1}% 525
\BOOKMARK [0][-]{chapter.46}{\376\377\0000\0005\000-\116\343\145\160\000/\0000\0001\000-\176\277\140\047\116\343\145\160\000/\0000\0004\000-\162\171\137\201\120\074\116\016\214\061\000.\000m\000d}{}% 526
\BOOKMARK [1][-]{section.46.1}{\376\377\173\054\0001\0000\0006\172\340\377\032\162\171\137\201\120\074\116\016\162\171\137\201\124\021\221\317}{chapter.46}% 527
\BOOKMARK [2][-]{subsection.46.1.1}{\376\377\0003\0005\000.\0002\000\040\162\171\137\201\131\032\230\171\137\017}{section.46.1}% 528
\BOOKMARK [2][-]{subsection.46.1.2}{\376\377\0003\0005\000.\0003\000\040\133\371\211\322\123\026}{section.46.1}% 529
\BOOKMARK [2][-]{subsection.46.1.3}{\376\377\0003\0005\000.\0004\000\040\000C\000a\000y\000l\000e\000y\000-\000H\000a\000m\000i\000l\000t\000o\000n\000\040\133\232\164\006}{section.46.1}% 530
\BOOKMARK [2][-]{subsection.46.1.4}{\376\377\0003\0005\000.\0005\000\040\147\201\134\017\131\032\230\171\137\017}{section.46.1}% 531
\BOOKMARK [2][-]{subsection.46.1.5}{\376\377\0003\0005\000.\0006\000\040\000J\000o\000r\000d\000a\000n\000\040\150\007\121\306\137\142\377\010\226\110\217\360\377\011}{section.46.1}% 532
\BOOKMARK [1][-]{section.46.2}{\376\377\173\054\0001\0000\0007\172\340\377\032\167\351\226\065\142\160\122\250\164\006\213\272}{chapter.46}% 533
\BOOKMARK [2][-]{subsection.46.2.1}{\376\377\000B\000a\000u\000e\000r\000-\000F\000i\000k\000e\133\232\164\006}{section.46.2}% 534
\BOOKMARK [2][-]{subsection.46.2.2}{\376\377\000W\000e\000y\000l\116\015\173\111\137\017}{section.46.2}% 535
\BOOKMARK [2][-]{subsection.46.2.3}{\376\377\000L\000i\000d\000s\000k\000i\000i\116\015\173\111\137\017}{section.46.2}% 536
\BOOKMARK [2][-]{subsection.46.2.4}{\376\377\000H\000o\000f\000f\000m\000a\000n\000-\000W\000i\000e\000l\000a\000n\000d\000t\133\232\164\006}{section.46.2}% 537
\BOOKMARK [1][-]{section.46.3}{\376\377\173\054\0001\0000\0008\172\340\377\032\227\136\215\037\167\351\226\065\116\016\000P\000e\000r\000r\000o\000n\000-\000F\000r\000o\000b\000e\000n\000i\000u\000s\164\006\213\272}{chapter.46}% 538
\BOOKMARK [2][-]{subsection.46.3.1}{\376\377\000P\000e\000r\000r\000o\000n\000-\000F\000r\000o\000b\000e\000n\000i\000u\000s\133\232\164\006}{section.46.3}% 539
\BOOKMARK [2][-]{subsection.46.3.2}{\376\377\000M\167\351\226\065\164\006\213\272}{section.46.3}% 540
\BOOKMARK [2][-]{subsection.46.3.3}{\376\377\000G\000o\000o\000g\000l\000e\000\040\000P\000a\000g\000e\000R\000a\000n\000k\166\204\145\160\133\146\127\372\170\100}{section.46.3}% 541
\BOOKMARK [0][-]{chapter.47}{\376\377\0000\0005\000-\116\343\145\160\000/\0000\0001\000-\176\277\140\047\116\343\145\160\000/\0000\0005\000-\121\205\171\357\172\172\225\364\116\016\116\214\153\041\127\213\000.\000m\000d}{}% 542
\BOOKMARK [1][-]{section.47.1}{\376\377\173\054\0001\0000\0009\172\340\377\032\121\205\171\357\172\172\225\364\116\016\214\061\133\232\164\006}{chapter.47}% 543
\BOOKMARK [2][-]{subsection.47.1.1}{\376\377\0003\0006\000.\0001\000\040\121\205\171\357\116\016\203\003\145\160}{section.47.1}% 544
\BOOKMARK [2][-]{subsection.47.1.2}{\376\377\0003\0006\000.\0002\000\040\153\143\116\244\140\047}{section.47.1}% 545
\BOOKMARK [2][-]{subsection.47.1.3}{\376\377\0003\0006\000.\0003\000\040\000G\000r\000a\000m\000-\000S\000c\000h\000m\000i\000d\000t\000\040\153\143\116\244\123\026}{section.47.1}% 546
\BOOKMARK [2][-]{subsection.47.1.4}{\376\377\0003\0006\000.\0004\000\040\153\143\116\244\210\145\116\016\153\143\116\244\142\225\137\161}{section.47.1}% 547
\BOOKMARK [2][-]{subsection.47.1.5}{\376\377\0003\0006\000.\0005\000\040\117\064\226\217\173\227\133\120}{section.47.1}% 548
\BOOKMARK [2][-]{subsection.47.1.6}{\376\377\0003\0006\000.\0006\000\040\214\061\133\232\164\006}{section.47.1}% 549
\BOOKMARK [1][-]{section.47.2}{\376\377\173\054\0001\0001\0000\172\340\377\032\116\214\153\041\127\213\116\016\150\007\121\306\137\142}{chapter.47}% 550
\BOOKMARK [2][-]{subsection.47.2.1}{\376\377\0003\0007\000.\0002\000\040\124\010\124\014\123\330\143\142\116\016\150\007\121\306\137\142}{section.47.2}% 551
\BOOKMARK [2][-]{subsection.47.2.2}{\376\377\0003\0007\000.\0003\000\040\140\357\140\047\133\232\164\006}{section.47.2}% 552
\BOOKMARK [2][-]{subsection.47.2.3}{\376\377\0003\0007\000.\0004\000\040\000S\000y\000l\000v\000e\000s\000t\000e\000r\000\040\121\306\122\031}{section.47.2}% 553
\BOOKMARK [2][-]{subsection.47.2.4}{\376\377\0003\0007\000.\0005\000\040\153\143\133\232\116\214\153\041\127\213}{section.47.2}% 554
\BOOKMARK [0][-]{chapter.48}{\376\377\0000\0005\000-\116\343\145\160\000/\0000\0002\000-\142\275\214\141\116\343\145\160\116\000\000/\0000\0001\000-\177\244\213\272\127\372\170\100\000.\000m\000d}{}% 555
\BOOKMARK [1][-]{section.48.1}{\376\377\173\054\0001\0001\0001\172\340\377\032\177\244\213\272\127\372\170\100}{chapter.48}% 556
\BOOKMARK [2][-]{subsection.48.1.1}{\376\377\0003\0009\000.\0002\000\040\226\152\226\306\116\016\000\040\000L\000a\000g\000r\000a\000n\000g\000e\000\040\133\232\164\006}{section.48.1}% 557
\BOOKMARK [2][-]{subsection.48.1.2}{\376\377\0003\0009\000.\0003\000\040\153\143\211\304\133\120\177\244\116\016\125\106\177\244}{section.48.1}% 558
\BOOKMARK [2][-]{subsection.48.1.3}{\376\377\0003\0009\000.\0004\000\040\177\244\124\014\140\001\116\016\124\014\147\204\133\232\164\006}{section.48.1}% 559
\BOOKMARK [2][-]{subsection.48.1.4}{\376\377\0003\0009\000.\0005\000\040\137\252\163\257\177\244}{section.48.1}% 560
\BOOKMARK [2][-]{subsection.48.1.5}{\376\377\0003\0009\000.\0006\000\040\133\371\171\360\177\244\116\016\000\040\000C\000a\000y\000l\000e\000y\000\040\133\232\164\006}{section.48.1}% 561
\BOOKMARK [2][-]{subsection.48.1.6}{\376\377\0003\0009\000.\0007\000\040\177\244\166\204\166\364\171\357}{section.48.1}% 562
\BOOKMARK [1][-]{section.48.2}{\376\377\173\054\0001\0001\0002\172\340\377\032\177\244\117\134\165\050\116\016\000\040\000S\000y\000l\000o\000w\000\040\133\232\164\006}{chapter.48}% 563
\BOOKMARK [2][-]{subsection.48.2.1}{\376\377\0004\0000\000.\0002\000\040\121\161\217\155\117\134\165\050\116\016\174\173\145\271\172\013}{section.48.2}% 564
\BOOKMARK [2][-]{subsection.48.2.2}{\376\377\0004\0000\000.\0003\000\040\000S\000y\000l\000o\000w\000\040\133\232\164\006}{section.48.2}% 565
\BOOKMARK [0][-]{chapter.49}{\376\377\0000\0005\000-\116\343\145\160\000/\0000\0002\000-\142\275\214\141\116\343\145\160\116\000\000/\0000\0002\000-\163\257\213\272\127\372\170\100\000.\000m\000d}{}% 566
\BOOKMARK [1][-]{section.49.1}{\376\377\173\054\0001\0001\0003\172\340\377\032\163\257\213\272\127\372\170\100}{chapter.49}% 567
\BOOKMARK [2][-]{subsection.49.1.1}{\376\377\0004\0001\000.\0002\000\040\163\257\124\014\140\001\116\016\124\014\147\204\133\232\164\006}{section.49.1}% 568
\BOOKMARK [2][-]{subsection.49.1.2}{\376\377\0004\0001\000.\0003\000\040\175\040\164\006\140\363\116\016\147\201\131\047\164\006\140\363}{section.49.1}% 569
\BOOKMARK [2][-]{subsection.49.1.3}{\376\377\0004\0001\000.\0004\000\040\116\055\126\375\122\151\117\131\133\232\164\006}{section.49.1}% 570
\BOOKMARK [1][-]{section.49.2}{\376\377\173\054\0001\0001\0004\172\340\377\032\131\032\230\171\137\017\163\257\116\016\126\340\137\017\122\006\211\343}{chapter.49}% 571
\BOOKMARK [2][-]{subsection.49.2.1}{\376\377\0004\0002\000.\0002\000\040\153\047\121\340\221\314\137\227\145\164\163\257\060\001\116\073\164\006\140\363\145\164\163\257\060\001\125\057\116\000\122\006\211\343\145\164\163\257}{section.49.2}% 572
\BOOKMARK [2][-]{subsection.49.2.2}{\376\377\0004\0002\000.\0003\000\040\000G\000a\000u\000s\000s\000\040\137\025\164\006\116\016\000\040\000E\000i\000s\000e\000n\000s\000t\000e\000i\000n\000\040\122\044\122\053\154\325}{section.49.2}% 573
\BOOKMARK [2][-]{subsection.49.2.3}{\376\377\0004\0002\000.\0004\000\040\116\343\145\160\127\372\147\054\133\232\164\006\377\010\226\110\217\360\116\016\143\250\213\272\377\011}{section.49.2}% 574
\BOOKMARK [1][-]{section.49.3}{\376\377\173\054\0001\0001\0005\172\340\377\032\227\136\116\244\143\142\163\257\213\272\155\361\123\026\377\010\000N\000o\000n\000-\000C\000o\000m\000m\000u\000t\000a\000t\000i\000v\000e\000\040\000R\000i\000n\000g\000\040\000T\000h\000e\000o\000r\000y\377\011}{chapter.49}% 575
\BOOKMARK [2][-]{subsection.49.3.1}{\376\377\0007\0007\000.\0001\000\040\000W\000e\000d\000d\000e\000r\000b\000u\000r\000n\000-\000A\000r\000t\000i\000n\000\040\164\006\213\272}{section.49.3}% 576
\BOOKMARK [2][-]{subsection.49.3.2}{\376\377\0007\0007\000.\0002\000\040\000J\000a\000c\000o\000b\000s\000o\000n\000\040\150\071\116\016\175\040\163\257}{section.49.3}% 577
\BOOKMARK [2][-]{subsection.49.3.3}{\376\377\0007\0007\000.\0003\000\040\000G\000o\000l\000d\000i\000e\000\040\133\232\164\006\116\016\000\040\000N\000o\000e\000t\000h\000e\000r\000\040\163\257}{section.49.3}% 578
\BOOKMARK [2][-]{subsection.49.3.4}{\376\377\0007\0007\000.\0004\000\040\000P\000I\000\040\163\257\116\016\000\040\000K\000a\000p\000l\000a\000n\000s\000k\000y\000\040\133\232\164\006}{section.49.3}% 579
\BOOKMARK [2][-]{subsection.49.3.5}{\376\377\227\136\116\244\143\142\163\257\213\272\166\204\163\260\116\343\123\321\134\125\116\016\122\115\154\277}{section.49.3}% 580
\BOOKMARK [1][-]{section.49.4}{\376\377\173\054\0001\0001\0006\172\340\377\032\131\032\230\171\137\017}{chapter.49}% 581
\BOOKMARK [2][-]{subsection.49.4.1}{\376\377\0007\000.\0001\000\040\131\032\230\171\137\017\166\204\133\232\116\111\116\016\217\320\173\227}{section.49.4}% 582
\BOOKMARK [2][-]{subsection.49.4.2}{\376\377\0007\000.\0002\000\040\116\130\154\325\121\154\137\017}{section.49.4}% 583
\BOOKMARK [2][-]{subsection.49.4.3}{\376\377\0007\000.\0003\000\040\126\340\137\017\122\006\211\343}{section.49.4}% 584
\BOOKMARK [2][-]{subsection.49.4.4}{\376\377\0007\000.\0004\000\040\136\046\117\131\226\144\154\325}{section.49.4}% 585
\BOOKMARK [2][-]{subsection.49.4.5}{\376\377\0007\000.\0005\000\040\117\131\145\160\133\232\164\006\116\016\126\340\137\017\133\232\164\006}{section.49.4}% 586
\BOOKMARK [2][-]{subsection.49.4.6}{\376\377\0007\000.\0006\000\040\131\032\230\171\137\017\166\204\150\071}{section.49.4}% 587
\BOOKMARK [0][-]{chapter.50}{\376\377\0000\0005\000-\116\343\145\160\000/\0000\0002\000-\142\275\214\141\116\343\145\160\116\000\000/\0000\0003\000-\152\041\213\272\127\372\170\100\000.\000m\000d}{}% 588
\BOOKMARK [1][-]{section.50.1}{\376\377\173\054\0001\0001\0007\172\340\377\032\152\041\213\272\127\372\170\100}{chapter.50}% 589
\BOOKMARK [2][-]{subsection.50.1.1}{\376\377\0006\0004\000.\0002\000\040\201\352\165\061\152\041}{section.50.1}% 590
\BOOKMARK [2][-]{subsection.50.1.2}{\376\377\0006\0004\000.\0003\000\040\142\225\134\004\152\041\060\001\121\205\134\004\152\041\116\016\136\163\127\146\152\041}{section.50.1}% 591
\BOOKMARK [2][-]{subsection.50.1.3}{\376\377\0006\0004\000.\0004\000\040\000N\000o\000e\000t\000h\000e\000r\000\040\152\041\116\016\000\040\000A\000r\000t\000i\000n\000\040\152\041}{section.50.1}% 592
\BOOKMARK [2][-]{subsection.50.1.4}{\376\377\0006\0004\000.\0005\000\040\116\073\164\006\140\363\145\164\163\257\116\012\147\011\226\120\165\037\142\020\152\041\166\204\176\323\147\204\133\232\164\006}{section.50.1}% 593
\BOOKMARK [2][-]{subsection.50.1.5}{\376\377\0006\0004\000.\0006\000\040\166\364\124\214\116\016\166\364\171\357}{section.50.1}% 594
\BOOKMARK [2][-]{subsection.50.1.6}{\376\377\0006\0004\000.\0007\000\040\153\143\124\010\122\027}{section.50.1}% 595
\BOOKMARK [1][-]{section.50.2}{\376\377\173\054\0001\0001\0008\172\340\377\032\133\374\121\372\121\375\133\120\116\016\000T\000o\000r\000/\000E\000x\000t}{chapter.50}% 596
\BOOKMARK [2][-]{subsection.50.2.1}{\376\377\0006\0005\000.\0001\000\040\142\225\134\004\122\006\211\343\116\016\121\205\134\004\122\006\211\343}{section.50.2}% 597
\BOOKMARK [2][-]{subsection.50.2.2}{\376\377\0006\0005\000.\0002\000\040\133\374\121\372\121\375\133\120}{section.50.2}% 598
\BOOKMARK [2][-]{subsection.50.2.3}{\376\377\0006\0005\000.\0003\000\040\000T\000o\000r\121\375\133\120\166\204\147\204\220\040\116\016\225\177\153\143\124\010\122\027}{section.50.2}% 599
\BOOKMARK [2][-]{subsection.50.2.4}{\376\377\0006\0005\000.\0004\000\040\000E\000x\000t\121\375\133\120\166\204\147\204\220\040\116\016\142\151\137\040\122\006\174\173}{section.50.2}% 600
\BOOKMARK [2][-]{subsection.50.2.5}{\376\377\0006\0005\000.\0005\000\040\000T\000o\000r\124\214\000E\000x\000t\166\204\213\241\173\227\133\236\117\213}{section.50.2}% 601
\BOOKMARK [1][-]{section.50.3}{\376\377\173\054\0001\0001\0009\172\340\377\032\134\100\220\350\123\026\116\016\136\163\127\146\152\041}{chapter.50}% 602
\BOOKMARK [2][-]{subsection.50.3.1}{\376\377\0006\0006\000.\0001\000\040\122\006\137\017\152\041\166\204\147\204\220\040}{section.50.3}% 603
\BOOKMARK [2][-]{subsection.50.3.2}{\376\377\0006\0006\000.\0002\000\040\134\100\220\350\153\143\124\010\140\047\116\016\136\163\127\146\152\041\166\204\173\111\116\367\122\073\165\073}{section.50.3}% 604
\BOOKMARK [2][-]{subsection.50.3.3}{\376\377\0006\0006\000.\0003\000\040\137\340\133\236\136\163\127\146\116\013\226\115}{section.50.3}% 605
\BOOKMARK [0][-]{chapter.51}{\376\377\0000\0005\000-\116\343\145\160\000/\0000\0002\000-\142\275\214\141\116\343\145\160\116\000\000/\0000\0004\000-\127\337\142\151\137\040\116\016\000B\000r\000a\000u\000e\000r\000.\000m\000d}{}% 606
\BOOKMARK [1][-]{section.51.1}{\376\377\173\054\0001\0002\0000\172\340\377\032\127\337\142\151\137\040}{chapter.51}% 607
\BOOKMARK [2][-]{subsection.51.1.1}{\376\377\0004\0004\000.\0002\000\040\147\011\226\120\142\151\137\040\116\016\116\343\145\160\142\151\137\040}{section.51.1}% 608
\BOOKMARK [2][-]{subsection.51.1.2}{\376\377\0004\0004\000.\0003\000\040\122\006\210\302\127\337}{section.51.1}% 609
\BOOKMARK [2][-]{subsection.51.1.3}{\376\377\0004\0004\000.\0004\000\040\147\011\226\120\127\337}{section.51.1}% 610
\BOOKMARK [2][-]{subsection.51.1.4}{\376\377\0004\0004\000.\0005\000\040\134\072\211\304\117\134\126\376\116\015\123\357\200\375\140\047\377\010\151\202\217\360\377\011}{section.51.1}% 611
\BOOKMARK [2][-]{subsection.51.1.5}{\376\377\0006\0007\000.\000A\000\040\127\337\142\151\137\040\210\145\121\105}{section.51.1}% 612
\BOOKMARK [1][-]{section.51.2}{\376\377\173\054\0001\0002\0001\172\340\377\032\226\144\163\257\116\016\000\040\000B\000r\000a\000u\000e\000r\000\040\177\244}{chapter.51}% 613
\BOOKMARK [2][-]{subsection.51.2.1}{\376\377\0004\0008\000.\0001\000\040\000F\000r\000o\000b\000e\000n\000i\000u\000s\000\040\133\232\164\006\116\016\147\011\226\120\226\144\163\257}{section.51.2}% 614
\BOOKMARK [2][-]{subsection.51.2.2}{\376\377\0004\0008\000.\0002\000\040\000B\000r\000a\000u\000e\000r\000\040\177\244}{section.51.2}% 615
\BOOKMARK [2][-]{subsection.51.2.3}{\376\377\000B\000r\000a\000u\000e\000r\000\040\177\244\166\204\155\361\134\102\164\006\213\272\116\016\136\224\165\050}{section.51.2}% 616
\BOOKMARK [2][-]{subsection.51.2.4}{\376\377\0006\0007\000.\000A\000\040\127\337\142\151\137\040\210\145\121\105}{section.51.2}% 617
\BOOKMARK [2][-]{subsection.51.2.5}{\376\377\150\074\166\204\127\372\170\100\164\006\213\272}{section.51.2}% 618
\BOOKMARK [2][-]{subsection.51.2.6}{\376\377\122\006\221\115\150\074\060\001\152\041\150\074\116\016\000B\000o\000o\000l\000e\000a\000n\116\343\145\160}{section.51.2}% 619
\BOOKMARK [2][-]{subsection.51.2.7}{\376\377\000G\000a\000l\000o\000i\000s\200\124\176\334\116\016\225\355\123\005\173\227\133\120}{section.51.2}% 620
\BOOKMARK [2][-]{subsection.51.2.8}{\376\377\154\333\116\343\145\160\127\372\170\100}{section.51.2}% 621
\BOOKMARK [2][-]{subsection.51.2.9}{\376\377\116\343\145\160\174\007\116\016\000B\000i\000r\000k\000h\000o\000f\000f\133\232\164\006}{section.51.2}% 622
\BOOKMARK [2][-]{subsection.51.2.10}{\376\377\201\352\165\061\116\343\145\160}{section.51.2}% 623
\BOOKMARK [2][-]{subsection.51.2.11}{\376\377\124\014\117\131\150\074\116\016\177\156\143\142\140\047}{section.51.2}% 624
\BOOKMARK [2][-]{subsection.51.2.12}{\376\377\000M\000a\000l\000c\000e\000v\147\141\116\366}{section.51.2}% 625
\BOOKMARK [2][-]{subsection.51.2.13}{\376\377\000L\000a\000w\000v\000e\000r\000e\164\006\213\272}{section.51.2}% 626
\BOOKMARK [2][-]{subsection.51.2.14}{\376\377\210\145\121\105\377\032\116\343\145\160\166\204\146\377\143\142\140\047\215\050\116\016\133\120\166\364\171\357}{section.51.2}% 627
\BOOKMARK [2][-]{subsection.51.2.15}{\376\377\176\317\121\170\174\007\116\076\117\213\116\016\142\323\134\125\145\271\124\021}{section.51.2}% 628
\BOOKMARK [0][-]{chapter.52}{\376\377\0000\0005\000-\116\343\145\160\000/\0000\0002\000-\142\275\214\141\116\343\145\160\116\000\000/\0000\0005\000-\154\333\116\343\145\160\116\016\116\000\202\054\116\343\145\160\174\373\176\337\000.\000m\000d}{}% 629
\BOOKMARK [0][-]{chapter.53}{\376\377\154\333\116\343\145\160\116\016\116\000\202\054\116\343\145\160\174\373\176\337}{}% 630
\BOOKMARK [1][-]{section.53.1}{\376\377\173\054\0001\0002\0002\172\340\377\032\154\333\116\343\145\160\127\372\170\100}{chapter.53}% 631
\BOOKMARK [2][-]{subsection.53.1.1}{\376\377\000x\000.\0001\000\040\116\343\145\160\176\323\147\204\166\204\173\176\124\015\116\016\116\343\145\160}{section.53.1}% 632
\BOOKMARK [2][-]{subsection.53.1.2}{\376\377\000x\000.\0002\000\040\230\171\116\343\145\160\116\016\201\352\165\061\116\343\145\160}{section.53.1}% 633
\BOOKMARK [2][-]{subsection.53.1.3}{\376\377\000x\000.\0003\000\040\124\014\117\131\121\163\174\373\116\016\125\106\116\343\145\160}{section.53.1}% 634
\BOOKMARK [2][-]{subsection.53.1.4}{\376\377\000x\000.\0004\000\040\124\014\140\001\133\232\164\006}{section.53.1}% 635
\BOOKMARK [1][-]{section.53.2}{\376\377\173\054\0001\0002\0003\172\340\377\032\174\007\116\016\173\111\137\017\220\073\217\221}{chapter.53}% 636
\BOOKMARK [2][-]{subsection.53.2.1}{\376\377\000x\000+\0001\000.\0001\000\040\173\111\137\017\116\016\116\343\145\160\174\173}{section.53.2}% 637
\BOOKMARK [2][-]{subsection.53.2.2}{\376\377\000x\000+\0001\000.\0002\000\040\173\227\133\120\000H\060\001\000S\060\001\000P}{section.53.2}% 638
\BOOKMARK [2][-]{subsection.53.2.3}{\376\377\000x\000+\0001\000.\0003\000\040\173\111\137\017\220\073\217\221\116\016\133\214\131\007\140\047}{section.53.2}% 639
\BOOKMARK [1][-]{section.53.3}{\376\377\173\054\0001\0002\0004\172\340\377\032\000M\000a\000l\000c\000e\000v\147\141\116\366\116\016\133\371\120\166\164\006\213\272}{chapter.53}% 640
\BOOKMARK [2][-]{subsection.53.3.1}{\376\377\000x\000+\0002\000.\0001\000\040\000M\000a\000l\000c\000e\000v\147\141\116\366\116\016\124\014\117\131\123\357\143\142\140\047}{section.53.3}% 641
\BOOKMARK [2][-]{subsection.53.3.2}{\376\377\000x\000+\0002\000.\0002\000\040\124\014\117\131\152\041\140\047\116\016\123\357\143\142\140\047}{section.53.3}% 642
\BOOKMARK [2][-]{subsection.53.3.3}{\376\377\000x\000+\0002\000.\0003\000\040\000J\000\363\000n\000s\000s\000o\000n\137\025\164\006}{section.53.3}% 643
\BOOKMARK [2][-]{subsection.53.3.4}{\376\377\000x\000+\0002\000.\0004\000\040\201\352\161\066\133\371\120\166\164\006\213\272\173\200\116\313}{section.53.3}% 644
\BOOKMARK [2][-]{subsection.53.3.5}{\376\377\000x\000+\0002\000.\0005\000\040\000S\000t\000o\000n\000e\133\371\120\166\116\016\000P\000r\000i\000e\000s\000t\000l\000e\000y\133\371\120\166\166\204\176\337\116\000}{section.53.3}% 645
\BOOKMARK [2][-]{subsection.53.3.6}{\376\377\000x\000+\0002\000.\0006\000\040\133\120\166\364\171\357\116\016\000B\000i\000r\000k\000h\000o\000f\000f\166\204\133\120\166\364\116\015\123\357\176\246\122\006\211\343\133\232\164\006}{section.53.3}% 646
\BOOKMARK [2][-]{subsection.53.3.7}{\376\377\000x\000+\0002\000.\0007\000\040\124\014\117\131\122\006\221\115\174\007\116\016\000J\000\363\000n\000s\000s\000o\000n\147\057\213\355}{section.53.3}% 647
\BOOKMARK [0][-]{chapter.54}{\376\377\0000\0005\000-\116\343\145\160\000/\0000\0003\000-\142\275\214\141\116\343\145\160\116\214\000/\0000\0001\000-\000G\000a\000l\000o\000i\000s\164\006\213\272\000.\000m\000d}{}% 648
\BOOKMARK [1][-]{section.54.1}{\376\377\173\054\0001\0002\0005\172\340\377\032\000G\000a\000l\000o\000i\000s\000\040\164\006\213\272}{chapter.54}% 649
\BOOKMARK [2][-]{subsection.54.1.1}{\376\377\0003\0002\000.\0001\000\040\127\337\142\151\137\040\116\016\000\040\000G\000a\000l\000o\000i\000s\000\040\177\244}{section.54.1}% 650
\BOOKMARK [2][-]{subsection.54.1.2}{\376\377\0003\0002\000.\0002\000\040\123\357\122\006\142\151\137\040\116\016\153\143\211\304\142\151\137\040}{section.54.1}% 651
\BOOKMARK [2][-]{subsection.54.1.3}{\376\377\0003\0002\000.\0003\000\040\145\271\172\013\166\204\150\071\137\017\123\357\211\343\140\047}{section.54.1}% 652
\BOOKMARK [2][-]{subsection.54.1.4}{\376\377\0003\0002\000.\0004\000\040\147\011\226\120\127\337\166\204\000\040\000G\000a\000l\000o\000i\000s\000\040\164\006\213\272}{section.54.1}% 653
\BOOKMARK [2][-]{subsection.54.1.5}{\376\377\0003\0002\000.\0005\000\040\122\006\127\006\142\151\137\040}{section.54.1}% 654
\BOOKMARK [2][-]{subsection.54.1.6}{\376\377\0003\0002\000.\0006\000\040\000G\000a\000l\000o\000i\000s\000\040\220\006\225\356\230\230\116\016\145\340\172\167\000\040\000G\000a\000l\000o\000i\000s\000\040\164\006\213\272}{section.54.1}% 655
\BOOKMARK [2][-]{subsection.54.1.7}{\376\377\0003\0002\000.\0007\000\040\000G\000a\000l\000o\000i\000s\000\040\116\012\124\014\214\003\122\035\153\145}{section.54.1}% 656
\BOOKMARK [0][-]{chapter.55}{\376\377\0000\0005\000-\116\343\145\160\000/\0000\0003\000-\142\275\214\141\116\343\145\160\116\214\000/\0000\0002\000-\116\244\143\142\116\343\145\160\000.\000m\000d}{}% 657
\BOOKMARK [1][-]{section.55.1}{\376\377\173\054\0001\0002\0006\172\340\377\032\116\244\143\142\116\343\145\160\127\372\170\100}{chapter.55}% 658
\BOOKMARK [2][-]{subsection.55.1.1}{\376\377\0006\0008\000.\0001\000\040\000N\000o\000e\000t\000h\000e\000r\000\040\163\257\116\016\000\040\000A\000r\000t\000i\000n\000\040\163\257}{section.55.1}% 659
\BOOKMARK [2][-]{subsection.55.1.2}{\376\377\0006\0008\000.\0002\000\040\175\040\164\006\140\363\116\016\134\100\220\350\123\026}{section.55.1}% 660
\BOOKMARK [2][-]{subsection.55.1.3}{\376\377\0006\0008\000.\0003\000\040\145\164\140\047\060\001\145\164\225\355\123\005\116\016\000\040\000N\000o\000e\000t\000h\000e\000r\000\040\153\143\211\304\123\026}{section.55.1}% 661
\BOOKMARK [2][-]{subsection.55.1.4}{\376\377\0006\0008\000.\0004\000\040\121\306\175\040\122\006\211\343\116\016\000\040\000K\000r\000u\000l\000l\000\040\116\244\133\232\164\006}{section.55.1}% 662
\BOOKMARK [1][-]{section.55.2}{\376\377\173\054\0001\0002\0007\172\340\377\032\210\150\171\072\213\272\127\372\170\100}{chapter.55}% 663
\BOOKMARK [2][-]{subsection.55.2.1}{\376\377\0006\0009\000.\0001\000\040\177\244\166\204\210\150\171\072}{section.55.2}% 664
\BOOKMARK [2][-]{subsection.55.2.2}{\376\377\0006\0009\000.\0002\000\040\162\171\137\201\150\007\164\006\213\272}{section.55.2}% 665
\BOOKMARK [2][-]{subsection.55.2.3}{\376\377\0006\0009\000.\0003\000\040\213\361\133\374\210\150\171\072\116\016\000\040\000F\000r\000o\000b\000e\000n\000i\000u\000s\000\040\116\222\123\315\137\213}{section.55.2}% 666
\BOOKMARK [2][-]{subsection.55.2.4}{\376\377\0006\0009\000.\0004\000\040\000B\000u\000r\000n\000s\000i\000d\000e\000\040\133\232\164\006}{section.55.2}% 667
\BOOKMARK [0][-]{chapter.56}{\376\377\0000\0005\000-\116\343\145\160\000/\0000\0003\000-\142\275\214\141\116\343\145\160\116\214\000/\0000\0004\000-\124\014\214\003\116\343\145\160\000.\000m\000d}{}% 668
\BOOKMARK [1][-]{section.56.1}{\376\377\173\054\0001\0002\0008\172\340\377\032\215\113\120\074\213\272}{chapter.56}% 669
\BOOKMARK [1][-]{section.56.2}{\376\377\173\054\0001\0002\0009\172\340\377\032\200\316\175\047\225\355\123\005\377\010\000T\000i\000g\000h\000t\000\040\000C\000l\000o\000s\000u\000r\000e\377\011}{chapter.56}% 670
\BOOKMARK [2][-]{subsection.56.2.1}{\376\377\0007\0003\000.\0001\000\040\127\372\147\054\133\232\116\111\116\016\000\040\000F\000r\000o\000s\000t\000\040\140\047\215\050}{section.56.2}% 671
\BOOKMARK [2][-]{subsection.56.2.2}{\376\377\0007\0003\000.\0002\000\040\000H\000o\000c\000h\000s\000t\000e\000r\000-\000H\000u\000n\000e\000k\000e\000\040\133\232\164\006}{section.56.2}% 672
\BOOKMARK [2][-]{subsection.56.2.3}{\376\377\0007\0003\000.\0003\000\040\000B\000r\000i\000a\000n\000\347\000o\000n\000-\000S\000k\000o\000d\000a\000\040\133\232\164\006\377\010\162\171\137\201\000\040\000p\000\040\162\110\147\054\377\011}{section.56.2}% 673
\BOOKMARK [2][-]{subsection.56.2.4}{\376\377\0007\0003\000.\0004\000\040\000C\000o\000l\000o\000n\000-\000C\000a\000p\000t\000u\000r\000i\000n\000g\000\040\116\016\123\125\230\171\137\017\163\034\140\363}{section.56.2}% 674
\BOOKMARK [2][-]{subsection.56.2.5}{\376\377\0007\0003\000.\0005\000\040\000T\000e\000s\000t\000\040\000E\000l\000e\000m\000e\000n\000t\000\040\166\204\133\130\127\050\140\047}{section.56.2}% 675
\BOOKMARK [2][-]{subsection.56.2.6}{\376\377\0007\0003\000.\0006\000\040\136\224\165\050\116\016\134\125\147\033}{section.56.2}% 676
\BOOKMARK [2][-]{subsection.56.2.7}{\376\377\172\063\133\232\000\134\000i\000n\000f\000t\000y\000-\203\003\165\164\116\016\133\374\121\372\203\003\165\164\164\006\213\272}{section.56.2}% 677
\BOOKMARK [2][-]{subsection.56.2.8}{\376\377\121\170\203\003\117\213\133\120}{section.56.2}% 678
\BOOKMARK [2][-]{subsection.56.2.9}{\376\377\172\063\133\232\123\026\121\375\133\120}{section.56.2}% 679
\BOOKMARK [2][-]{subsection.56.2.10}{\376\377\000t\000-\176\323\147\204}{section.56.2}% 680
\BOOKMARK [2][-]{subsection.56.2.11}{\376\377\133\374\121\372\121\375\133\120\127\050\000\134\000i\000n\000f\000t\000y\000-\203\003\165\164\150\106\147\266\116\013\166\204\201\352\161\066\133\232\116\111}{section.56.2}% 681
\BOOKMARK [2][-]{subsection.56.2.12}{\376\377\000V\000e\000r\000d\000i\000e\000r\125\106\117\134\116\072\000B\000o\000u\000s\000f\000i\000e\000l\000d\134\100\220\350\123\026}{section.56.2}% 682
\BOOKMARK [1][-]{section.56.3}{\376\377\173\054\0001\0003\0000\172\340\377\032\124\014\214\003\116\343\145\160\127\372\170\100}{chapter.56}% 683
\BOOKMARK [2][-]{subsection.56.3.1}{\376\377\0007\0000\000.\0001\000\040\224\376\131\015\137\142\116\016\124\014\214\003}{section.56.3}% 684
\BOOKMARK [2][-]{subsection.56.3.2}{\376\377\0007\0000\000.\0002\000\040\153\143\124\010\136\217\122\027\116\016\206\307\137\025\164\006}{section.56.3}% 685
\BOOKMARK [2][-]{subsection.56.3.3}{\376\377\0007\0000\000.\0003\000\040\142\225\134\004\152\041\060\001\121\205\134\004\152\041\116\016\136\163\127\146\152\041}{section.56.3}% 686
\BOOKMARK [2][-]{subsection.56.3.4}{\376\377\0007\0000\000.\0004\000\040\133\374\121\372\121\375\133\120\377\032\000E\000x\000t\000\040\116\016\000\040\000T\000o\000r}{section.56.3}% 687
\BOOKMARK [2][-]{subsection.56.3.5}{\376\377\0007\0000\000.\0005\000\040\177\244\116\012\124\014\214\003}{section.56.3}% 688
\BOOKMARK [1][-]{section.56.4}{\376\377\173\054\0001\0003\0001\172\340\377\032\116\343\145\160\145\160\213\272\127\372\170\100}{chapter.56}% 689
\BOOKMARK [2][-]{subsection.56.4.1}{\376\377\0007\0001\000.\0001\000\040\116\343\145\160\145\164\145\160\116\016\145\164\145\160\163\257}{section.56.4}% 690
\BOOKMARK [2][-]{subsection.56.4.2}{\376\377\0007\0001\000.\0002\000\040\000D\000e\000d\000e\000k\000i\000n\000d\000\040\145\164\163\257\116\016\164\006\140\363\122\006\211\343}{section.56.4}% 691
\BOOKMARK [2][-]{subsection.56.4.3}{\376\377\0007\0001\000.\0003\000\040\122\006\153\147\164\006\213\272}{section.56.4}% 692
\BOOKMARK [2][-]{subsection.56.4.4}{\376\377\0007\0001\000.\0004\000\040\164\006\140\363\174\173\177\244\116\016\174\173\145\160}{section.56.4}% 693
\BOOKMARK [2][-]{subsection.56.4.5}{\376\377\0007\0001\000.\0005\000\040\000\134\000z\000e\000t\000a\000\040\121\375\145\160\116\016\174\173\145\160\121\154\137\017}{section.56.4}% 694
\BOOKMARK [0][-]{chapter.57}{\376\377\0000\0005\000-\116\343\145\160\000/\0000\0003\000-\142\275\214\141\116\343\145\160\116\214\000/\0000\0005\000-\000J\000o\000r\000d\000a\000n\116\343\145\160\116\016\116\244\143\142\116\343\145\160\155\361\123\026\000.\000m\000d}{}% 695
\BOOKMARK [1][-]{section.57.1}{\376\377\173\054\0001\0003\0002\172\340\377\032\000J\000o\000r\000d\000a\000n\000\040\116\343\145\160}{chapter.57}% 696
\BOOKMARK [2][-]{subsection.57.1.1}{\376\377\0007\0004\000.\0001\000\040\127\372\147\054\133\232\116\111\116\016\000\040\000J\000o\000r\000d\000a\000n\000\040\140\122\173\111\137\017}{section.57.1}% 697
\BOOKMARK [2][-]{subsection.57.1.2}{\376\377\0007\0004\000.\0002\000\040\162\171\117\213\000\040\000J\000o\000r\000d\000a\000n\000\040\116\343\145\160\116\016\117\213\131\026\000\040\000J\000o\000r\000d\000a\000n\000\040\116\343\145\160}{section.57.1}% 698
\BOOKMARK [2][-]{subsection.57.1.3}{\376\377\0007\0004\000.\0003\000\040\137\142\137\017\133\236\000\040\000J\000o\000r\000d\000a\000n\000\040\116\343\145\160\116\016\122\006\174\173\133\232\164\006}{section.57.1}% 699
\BOOKMARK [2][-]{subsection.57.1.4}{\376\377\0007\0004\000.\0004\000\040\116\016\133\371\171\360\172\172\225\364\124\214\000\040\000L\000i\000e\000\040\116\343\145\160\166\204\200\124\174\373}{section.57.1}% 700
\BOOKMARK [2][-]{subsection.57.1.5}{\376\377\000J\000o\000r\000d\000a\000n\000\040\116\343\145\160\166\204\163\260\116\343\123\321\134\125\116\016\117\213\131\026\163\260\214\141}{section.57.1}% 701
\BOOKMARK [1][-]{section.57.2}{\376\377\173\054\0001\0003\0003\172\340\377\032\116\244\143\142\116\343\145\160\155\361\123\026}{chapter.57}% 702
\BOOKMARK [2][-]{subsection.57.2.1}{\376\377\0007\0009\000.\0002\000\040\134\100\220\350\116\012\124\014\214\003\116\016\000\040\000G\000r\000o\000t\000h\000e\000n\000d\000i\000e\000c\000k\000\040\133\371\120\166}{section.57.2}% 703
\BOOKMARK [2][-]{subsection.57.2.2}{\376\377\000P\000I\116\343\145\160\164\006\213\272}{section.57.2}% 704
\BOOKMARK [2][-]{subsection.57.2.3}{\376\377\127\372\147\054\117\213\133\120}{section.57.2}% 705
\BOOKMARK [2][-]{subsection.57.2.4}{\376\377\000A\000m\000i\000t\000s\000u\000r\000-\000L\000e\000v\000i\000t\000z\000k\000i\133\232\164\006}{section.57.2}% 706
\BOOKMARK [2][-]{subsection.57.2.5}{\376\377\000K\000a\000p\000l\000a\000n\000s\000k\000y\133\232\164\006}{section.57.2}% 707
\BOOKMARK [2][-]{subsection.57.2.6}{\376\377\000T\000-\164\006\140\363}{section.57.2}% 708
\BOOKMARK [2][-]{subsection.57.2.7}{\376\377\000S\000p\000e\000c\000h\000t\225\356\230\230\116\016\000K\000e\000m\000e\000r\211\343}{section.57.2}% 709
\BOOKMARK [2][-]{subsection.57.2.8}{\376\377\000C\000o\000d\000i\000m\000e\000n\000s\000i\000o\000n\136\217\122\027\116\016\000R\000e\000g\000e\000v\133\232\164\006}{section.57.2}% 710
\BOOKMARK [2][-]{subsection.57.2.9}{\376\377\000P\000I\000-\000e\000x\000p\000o\000n\000e\000n\000t\133\232\164\006}{section.57.2}% 711
\BOOKMARK [2][-]{subsection.57.2.10}{\376\377\137\040\221\317\171\357\166\204\000R\000e\000g\000e\000v\133\232\164\006}{section.57.2}% 712
\BOOKMARK [0][-]{chapter.58}{\376\377\0000\0005\000-\116\343\145\160\000/\0000\0003\000-\142\275\214\141\116\343\145\160\116\214\000/\0000\0007\000-\210\150\171\072\213\272\155\361\123\026\116\016\000L\000a\000n\000g\000l\000a\000n\000d\000s\176\262\230\206\000.\000m\000d}{}% 713
\BOOKMARK [1][-]{section.58.1}{\376\377\173\054\0001\0003\0004\172\340\377\032\147\011\226\120\177\244\210\150\171\072\155\361\123\026}{chapter.58}% 714
\BOOKMARK [2][-]{subsection.58.1.1}{\376\377\0002\0002\0002\000.\0001\000\040\162\171\137\201\150\007\164\006\213\272\166\204\155\361\123\026}{section.58.1}% 715
\BOOKMARK [2][-]{subsection.58.1.2}{\376\377\0002\0002\0002\000.\0002\000\040\152\041\210\150\171\072\213\272\127\372\170\100}{section.58.1}% 716
\BOOKMARK [2][-]{subsection.58.1.3}{\376\377\0002\0002\0002\000.\0003\000\040\127\127\164\006\213\272}{section.58.1}% 717
\BOOKMARK [2][-]{subsection.58.1.4}{\376\377\147\011\226\120\177\244\210\150\171\072\213\272\166\204\163\260\116\343\123\321\134\125}{section.58.1}% 718
\BOOKMARK [1][-]{section.58.2}{\376\377\173\054\0001\0003\0005\172\340\377\032\116\343\145\160\177\244\210\150\171\072}{chapter.58}% 719
\BOOKMARK [2][-]{subsection.58.2.1}{\376\377\0002\0002\0003\000.\0001\000\040\176\277\140\047\116\343\145\160\177\244\127\372\170\100}{section.58.2}% 720
\BOOKMARK [2][-]{subsection.58.2.2}{\376\377\0002\0002\0003\000.\0002\000\040\147\000\232\330\147\103\164\006\213\272}{section.58.2}% 721
\BOOKMARK [2][-]{subsection.58.2.3}{\376\377\0002\0002\0003\000.\0003\000\040\000K\000e\000m\000p\000f\000\040\155\210\131\061\133\232\164\006\116\016\116\012\124\014\214\003}{section.58.2}% 722
\BOOKMARK [2][-]{subsection.58.2.4}{\376\377\0002\0002\0003\000.\0004\000\040\153\143\162\171\137\201\210\150\171\072\213\272}{section.58.2}% 723
\BOOKMARK [2][-]{subsection.58.2.5}{\376\377\116\343\145\160\177\244\210\150\171\072\213\272\166\204\163\260\116\343\122\115\154\277}{section.58.2}% 724
\BOOKMARK [1][-]{section.58.3}{\376\377\173\054\0001\0003\0006\172\340\377\032\121\340\117\125\210\150\171\072\213\272}{chapter.58}% 725
\BOOKMARK [2][-]{subsection.58.3.1}{\376\377\0002\0002\0004\000.\0001\000\040\000S\000p\000r\000i\000n\000g\000e\000r\000\040\164\006\213\272}{section.58.3}% 726
\BOOKMARK [2][-]{subsection.58.3.2}{\376\377\0002\0002\0004\000.\0002\000\040\166\370\116\244\116\012\124\014\214\003\116\016\000\040\000K\000a\000z\000h\000d\000a\000n\000-\000L\000u\000s\000z\000t\000i\000g\000\040\164\006\213\272}{section.58.3}% 727
\BOOKMARK [2][-]{subsection.58.3.3}{\376\377\0002\0002\0004\000.\0003\000\040\121\340\117\125\000\040\000S\000a\000t\000a\000k\000e\000\040\133\371\136\224}{section.58.3}% 728
\BOOKMARK [2][-]{subsection.58.3.4}{\376\377\0002\0002\0004\000.\0004\000\040\173\255\126\376\174\007\116\016\210\150\171\072\213\272}{section.58.3}% 729
\BOOKMARK [2][-]{subsection.58.3.5}{\376\377\121\340\117\125\210\150\171\072\213\272\166\204\122\115\154\277\142\151\134\125}{section.58.3}% 730
\BOOKMARK [1][-]{section.58.4}{\376\377\173\054\0001\0003\0007\172\340\377\032\000L\000a\000n\000g\000l\000a\000n\000d\000s\000\040\176\262\230\206\155\361\123\026}{chapter.58}% 731
\BOOKMARK [2][-]{subsection.58.4.1}{\376\377\0002\0002\0006\000.\0001\000\040\134\100\220\350\000\040\000L\000a\000n\000g\000l\000a\000n\000d\000s\000\040\133\371\136\224}{section.58.4}% 732
\BOOKMARK [2][-]{subsection.58.4.2}{\376\377\0002\0002\0006\000.\0002\000\040\145\164\117\123\000\040\000L\000a\000n\000g\000l\000a\000n\000d\000s\000\040\176\262\230\206}{section.58.4}% 733
\BOOKMARK [2][-]{subsection.58.4.3}{\376\377\0002\0002\0006\000.\0003\000\040\000A\000r\000t\000h\000u\000r\000-\000S\000e\000l\000b\000e\000r\000g\000\040\217\371\121\154\137\017}{section.58.4}% 734
\BOOKMARK [2][-]{subsection.58.4.4}{\376\377\0002\0002\0006\000.\0004\000\040\121\340\117\125\000\040\000L\000a\000n\000g\000l\000a\000n\000d\000s\000\040\176\262\230\206}{section.58.4}% 735
\BOOKMARK [2][-]{subsection.58.4.5}{\376\377\000H\000o\000p\000f\116\343\145\160\116\016\221\317\133\120\177\244\133\374\137\025}{section.58.4}% 736
\BOOKMARK [2][-]{subsection.58.4.6}{\376\377\000H\000o\000p\000f\116\343\145\160\166\204\133\214\145\164\121\154\164\006\123\026\133\232\116\111}{section.58.4}% 737
\BOOKMARK [2][-]{subsection.58.4.7}{\376\377\000S\000w\000e\000e\000d\000l\000e\000r\213\260\123\367\123\312\121\166\116\045\150\074\140\047}{section.58.4}% 738
\BOOKMARK [2][-]{subsection.58.4.8}{\376\377\116\011\116\052\127\372\170\100\117\213\133\120}{section.58.4}% 739
\BOOKMARK [2][-]{subsection.58.4.9}{\376\377\221\317\133\120\177\244\377\032\000D\000r\000i\000n\000f\000e\000l\000d\000-\000J\000i\000m\000b\000o\000\040\000U\000\137\000q\000\050\000\134\000m\000a\000t\000h\000f\000r\000a\000k\000\173\000s\000l\000\175\000\137\0002\000\051}{section.58.4}% 740
\BOOKMARK [2][-]{subsection.58.4.10}{\376\377\142\337\116\011\211\322\000H\000o\000p\000f\116\343\145\160\116\016\154\333\000R\000-\167\351\226\065}{section.58.4}% 741
\BOOKMARK [2][-]{subsection.58.4.11}{\376\377\217\253\133\120\136\172\123\112\203\003\165\164}{section.58.4}% 742
\BOOKMARK [2][-]{subsection.58.4.12}{\376\377\221\317\133\120\217\371\116\016\176\275\176\323\116\015\123\330\221\317}{section.58.4}% 743
\BOOKMARK [0][-]{chapter.59}{\376\377\0000\0005\000-\116\343\145\160\000/\0000\0004\000-\147\116\164\006\213\272\000/\0000\0001\000-\147\116\177\244\116\016\147\116\116\343\145\160\000.\000m\000d}{}% 744
\BOOKMARK [1][-]{section.59.1}{\376\377\173\054\0001\0003\0008\172\340\377\032\147\116\177\244\116\016\147\116\116\343\145\160}{chapter.59}% 745
\BOOKMARK [2][-]{subsection.59.1.1}{\376\377\0001\0001\0009\000.\0001\000\040\147\116\177\244\166\204\133\232\116\111}{section.59.1}% 746
\BOOKMARK [2][-]{subsection.59.1.2}{\376\377\0001\0001\0009\000.\0002\000\040\147\116\116\343\145\160\166\204\133\232\116\111}{section.59.1}% 747
\BOOKMARK [2][-]{subsection.59.1.3}{\376\377\0001\0001\0009\000.\0003\000\040\143\007\145\160\146\040\134\004}{section.59.1}% 748
\BOOKMARK [2][-]{subsection.59.1.4}{\376\377\0001\0001\0009\000.\0004\000\040\147\116\177\244\124\014\140\001\116\016\147\116\116\343\145\160\124\014\140\001}{section.59.1}% 749
\BOOKMARK [1][-]{section.59.2}{\376\377\173\054\0001\0003\0009\172\340\377\032\123\112\123\125\147\116\116\343\145\160}{chapter.59}% 750
\BOOKMARK [2][-]{subsection.59.2.1}{\376\377\0001\0002\0000\000.\0001\000\040\000K\000i\000l\000l\000i\000n\000g\000\040\127\213\116\016\123\112\123\125\140\047}{section.59.2}% 751
\BOOKMARK [2][-]{subsection.59.2.2}{\376\377\0001\0002\0000\000.\0002\000\040\000C\000a\000r\000t\000a\000n\000\040\133\120\116\343\145\160\116\016\150\071\174\373}{section.59.2}% 752
\BOOKMARK [2][-]{subsection.59.2.3}{\376\377\0001\0002\0000\000.\0003\000\040\123\125\150\071\116\016\000\040\000D\000y\000n\000k\000i\000n\000\040\126\376}{section.59.2}% 753
\BOOKMARK [1][-]{section.59.3}{\376\377\173\054\0001\0004\0000\172\340\377\032\136\102\226\366\217\150\220\123\116\016\000K\000a\000z\000h\000d\000a\000n\000-\000L\000u\000s\000z\000t\000i\000g\164\006\213\272}{chapter.59}% 754
\BOOKMARK [2][-]{subsection.59.3.1}{\376\377\0001\0002\0001\000.\0001\000\040\000H\000e\000c\000k\000e\116\343\145\160\116\016\000K\000a\000z\000h\000d\000a\000n\000-\000L\000u\000s\000z\000t\000i\000g\127\372}{section.59.3}% 755
\BOOKMARK [2][-]{subsection.59.3.2}{\376\377\0001\0002\0001\000.\0002\000\040\000K\000a\000z\000h\000d\000a\000n\000-\000L\000u\000s\000z\000t\000i\000g\163\034\140\363\116\016\213\301\146\016}{section.59.3}% 756
\BOOKMARK [2][-]{subsection.59.3.3}{\376\377\0001\0002\0001\000.\0003\000\040\000S\000o\000e\000r\000g\000e\000l\123\314\152\041\116\016\000K\000L\153\143\140\047\133\232\164\006}{section.59.3}% 757
\BOOKMARK [1][-]{section.59.4}{\376\377\173\054\0001\0004\0001\172\340\377\032\116\377\134\004\147\116\116\343\145\160\116\016\000M\000a\000c\000d\000o\000n\000a\000l\000d\140\122\173\111\137\017}{chapter.59}% 758
\BOOKMARK [2][-]{subsection.59.4.1}{\376\377\0001\0002\0002\000.\0001\000\040\116\377\134\004\147\116\116\343\145\160\166\204\133\232\116\111\116\016\127\372\147\054\210\150\171\072}{section.59.4}% 759
\BOOKMARK [2][-]{subsection.59.4.2}{\376\377\0001\0002\0002\000.\0002\000\040\000M\000a\000c\000d\000o\000n\000a\000l\000d\140\122\173\111\137\017}{section.59.4}% 760
\BOOKMARK [2][-]{subsection.59.4.3}{\376\377\0001\0002\0002\000.\0003\000\040\000M\000a\000c\000d\000o\000n\000a\000l\000d\140\122\173\111\137\017\166\204\143\250\136\177\116\016\136\224\165\050}{section.59.4}% 761
\BOOKMARK [2][-]{subsection.59.4.4}{\376\377\0008\0008\000.\000A\000\040\147\116\177\244\210\145\121\105}{section.59.4}% 762
\BOOKMARK [2][-]{subsection.59.4.5}{\376\377\210\150\171\072\213\272\155\361\123\026\166\204\145\164\117\123\126\376\146\157}{section.59.4}% 763
\BOOKMARK [0][-]{chapter.60}{\376\377\0000\0005\000-\116\343\145\160\000/\0000\0004\000-\147\116\164\006\213\272\000/\0000\0002\000-\123\112\123\125\116\016\210\150\171\072\000.\000m\000d}{}% 764
\BOOKMARK [1][-]{section.60.1}{\376\377\173\054\0001\0004\0002\172\340\377\032\175\047\147\116\177\244\166\204\210\150\171\072}{chapter.60}% 765
\BOOKMARK [2][-]{subsection.60.1.1}{\376\377\0001\0002\0001\000.\0001\000\040\175\047\147\116\177\244\116\012\166\204\000\040\000H\000a\000a\000r\000\040\155\113\136\246}{section.60.1}% 766
\BOOKMARK [2][-]{subsection.60.1.2}{\376\377\0001\0002\0001\000.\0002\000\040\000P\000e\000t\000e\000r\000-\000W\000e\000y\000l\000\040\133\232\164\006}{section.60.1}% 767
\BOOKMARK [2][-]{subsection.60.1.3}{\376\377\0001\0002\0001\000.\0003\000\040\147\000\232\330\147\103\164\006\213\272}{section.60.1}% 768
\BOOKMARK [1][-]{section.60.2}{\376\377\173\054\0001\0004\0003\172\340\377\032\147\116\177\244\127\050\121\340\117\125\116\055\166\204\136\224\165\050}{chapter.60}% 769
\BOOKMARK [2][-]{subsection.60.2.1}{\376\377\0001\0002\0002\000.\0001\000\040\237\120\140\047\172\172\225\364}{section.60.2}% 770
\BOOKMARK [2][-]{subsection.60.2.2}{\376\377\0001\0002\0002\000.\0002\000\040\133\371\171\360\172\172\225\364}{section.60.2}% 771
\BOOKMARK [2][-]{subsection.60.2.3}{\376\377\0001\0002\0002\000.\0003\000\040\116\073\116\033\116\016\200\124\176\334}{section.60.2}% 772
\BOOKMARK [1][-]{section.60.3}{\376\377\173\054\0001\0004\0004\172\340\377\032\123\112\123\125\147\116\116\343\145\160\166\204\000W\000e\000y\000l\162\171\137\201\150\007\121\154\137\017}{chapter.60}% 773
\BOOKMARK [2][-]{subsection.60.3.1}{\376\377\000W\000e\000y\000l\162\171\137\201\150\007\121\154\137\017\166\204\133\214\145\164\213\301\146\016}{section.60.3}% 774
\BOOKMARK [2][-]{subsection.60.3.2}{\376\377\000K\000o\000s\000t\000a\000n\000t\221\315\145\160\121\154\137\017\116\016\000F\000r\000e\000u\000d\000e\000n\000t\000h\000a\000l\220\022\143\250}{section.60.3}% 775
\BOOKMARK [2][-]{subsection.60.3.3}{\376\377\147\011\226\120\176\364\210\150\171\072\166\204\133\214\121\150\123\357\176\246\140\047}{section.60.3}% 776
\BOOKMARK [1][-]{section.60.4}{\376\377\173\054\0001\0004\0005\172\340\377\032\147\116\177\244\210\150\171\072\166\204\000B\000o\000r\000e\000l\000-\000W\000e\000i\000l\164\006\213\272}{chapter.60}% 777
\BOOKMARK [2][-]{subsection.60.4.1}{\376\377\145\327\155\101\137\142\116\016\121\150\176\257\176\277\116\033}{section.60.4}% 778
\BOOKMARK [2][-]{subsection.60.4.2}{\376\377\000D\000e\000m\000a\000z\000u\000r\000e\162\171\137\201\150\007\121\154\137\017\116\016\000B\000o\000t\000t\000-\000B\000o\000r\000e\000l\000-\000W\000e\000i\000l\133\232\164\006}{section.60.4}% 779
\BOOKMARK [1][-]{section.60.5}{\376\377\173\054\0001\0004\0006\172\340\377\032\000B\000o\000r\000e\000l\000-\000W\000e\000i\000l\000-\000B\000o\000t\000t\000\040\133\232\164\006}{chapter.60}% 780
\BOOKMARK [2][-]{subsection.60.5.1}{\376\377\0008\0007\000.\0002\000\040\000B\000o\000r\000e\000l\000-\000W\000e\000i\000l\000\040\133\232\164\006}{section.60.5}% 781
\BOOKMARK [2][-]{subsection.60.5.2}{\376\377\0008\0007\000.\0003\000\040\000B\000o\000t\000t\000-\000B\000o\000r\000e\000l\000-\000W\000e\000i\000l\000\040\133\232\164\006}{section.60.5}% 782
\BOOKMARK [2][-]{subsection.60.5.3}{\376\377\0008\0007\000.\0004\000\040\116\016\121\340\117\125\221\317\133\120\123\026\166\204\200\124\174\373}{section.60.5}% 783
\BOOKMARK [2][-]{subsection.60.5.4}{\376\377\0008\0007\000.\0005\000\040\000D\000e\000m\000a\000z\000u\000r\000e\000\040\152\041\116\016\000\040\000S\000c\000h\000u\000b\000e\000r\000t\000\040\174\007}{section.60.5}% 784
\BOOKMARK [2][-]{subsection.60.5.5}{\376\377\0008\0007\000.\0006\000\040\000B\000e\000i\000l\000i\000n\000s\000o\000n\000-\000B\000e\000r\000n\000s\000t\000e\000i\000n\000\040\134\100\220\350\123\026}{section.60.5}% 785
\BOOKMARK [0][-]{chapter.61}{\376\377\0000\0005\000-\116\343\145\160\000/\0000\0004\000-\147\116\164\006\213\272\000/\0000\0003\000-\147\116\177\244\147\116\116\343\145\160\155\361\123\026\000.\000m\000d}{}% 786
\BOOKMARK [1][-]{section.61.1}{\376\377\173\054\0001\0004\0007\172\340\377\032\116\377\134\004\116\016\221\317\133\120\177\244\210\150\171\072}{chapter.61}% 787
\BOOKMARK [2][-]{subsection.61.1.1}{\376\377\0002\0002\0005\000.\0001\000\040\116\377\134\004\000\040\000L\000i\000e\000\040\116\343\145\160\210\150\171\072}{section.61.1}% 788
\BOOKMARK [2][-]{subsection.61.1.2}{\376\377\0002\0002\0005\000.\0002\000\040\230\166\160\271\173\227\133\120\116\343\145\160}{section.61.1}% 789
\BOOKMARK [2][-]{subsection.61.1.3}{\376\377\0002\0002\0005\000.\0003\000\040\221\317\133\120\116\377\134\004\116\343\145\160\116\016\123\357\171\357\174\373\176\337}{section.61.1}% 790
\BOOKMARK [2][-]{subsection.61.1.4}{\376\377\116\377\134\004\147\116\116\343\145\160\116\016\221\317\133\120\177\244\166\204\122\115\154\277\136\224\165\050}{section.61.1}% 791
\BOOKMARK [1][-]{section.61.2}{\376\377\173\054\0001\0004\0008\172\340\377\032\154\333\123\005\176\334\116\343\145\160\116\016\000P\000B\000W\133\232\164\006}{chapter.61}% 792
\BOOKMARK [2][-]{subsection.61.2.1}{\376\377\0001\0002\0003\000.\0001\000\040\154\333\123\005\176\334\116\343\145\160\166\204\147\204\220\040}{section.61.2}% 793
\BOOKMARK [2][-]{subsection.61.2.2}{\376\377\0001\0002\0003\000.\0002\000\040\000P\000B\000W\133\232\164\006}{section.61.2}% 794
\BOOKMARK [2][-]{subsection.61.2.3}{\376\377\0001\0002\0003\000.\0003\000\040\000C\000a\000s\000i\000m\000i\000r\173\227\133\120\116\016\116\055\137\303}{section.61.2}% 795
\BOOKMARK [1][-]{section.61.3}{\376\377\173\054\0001\0004\0009\172\340\377\032\000B\000o\000r\000e\000l\000-\000W\000e\000i\000l\000-\000B\000o\000t\000t\133\232\164\006\116\016\121\340\117\125\133\236\163\260}{chapter.61}% 796
\BOOKMARK [2][-]{subsection.61.3.1}{\376\377\0001\0002\0004\000.\0001\000\040\145\327\155\101\137\142\116\016\176\277\116\033}{section.61.3}% 797
\BOOKMARK [2][-]{subsection.61.3.2}{\376\377\0001\0002\0004\000.\0002\000\040\000B\000o\000r\000e\000l\000-\000W\000e\000i\000l\000-\000B\000o\000t\000t\133\232\164\006}{section.61.3}% 798
\BOOKMARK [2][-]{subsection.61.3.3}{\376\377\0001\0002\0004\000.\0003\000\040\121\340\117\125\210\150\171\072\213\272\166\204\211\306\211\322}{section.61.3}% 799
\BOOKMARK [1][-]{section.61.4}{\376\377\173\054\0001\0005\0000\172\340\377\032\000C\000l\000i\000f\000f\000o\000r\000d\000\040\116\343\145\160\116\016\145\313\221\317}{chapter.61}% 800
\BOOKMARK [2][-]{subsection.61.4.1}{\376\377\000C\000l\000i\000f\000f\000o\000r\000d\116\343\145\160\116\016\145\313\221\317\164\006\213\272\166\204\163\260\116\343\136\224\165\050}{section.61.4}% 801
\BOOKMARK [0][-]{chapter.62}{\376\377\0000\0005\000-\116\343\145\160\000/\0000\0004\000-\147\116\164\006\213\272\000/\0000\0006\000-\176\323\146\166\177\244\116\016\121\306\237\120\140\047\124\021\221\317\172\172\225\364\000.\000m\000d}{}% 802
\BOOKMARK [1][-]{section.62.1}{\376\377\173\054\0001\0005\0001\172\340\377\032\176\323\146\166\177\244\377\010\000C\000r\000y\000s\000t\000a\000l\000l\000o\000g\000r\000a\000p\000h\000i\000c\000\040\000G\000r\000o\000u\000p\000s\377\011}{chapter.62}% 803
\BOOKMARK [2][-]{subsection.62.1.1}{\376\377\0007\0005\000.\0001\000\040\127\372\147\054\133\232\116\111\116\016\000\040\000B\000i\000e\000b\000e\000r\000b\000a\000c\000h\000\040\133\232\164\006}{section.62.1}% 804
\BOOKMARK [2][-]{subsection.62.1.2}{\376\377\0007\0005\000.\0002\000\040\000Z\000a\000s\000s\000e\000n\000h\000a\000u\000s\000\040\173\227\154\325\116\016\172\172\225\364\177\244\122\006\174\173}{section.62.1}% 805
\BOOKMARK [2][-]{subsection.62.1.3}{\376\377\0007\0005\000.\0003\000\040\000W\000a\000l\000l\000p\000a\000p\000e\000r\000\040\177\244\122\006\174\173\377\010\000n\000\040\000=\000\040\0002\377\011}{section.62.1}% 806
\BOOKMARK [2][-]{subsection.62.1.4}{\376\377\0007\0005\000.\0004\000\040\116\016\121\340\117\125\177\244\213\272\166\204\200\124\174\373}{section.62.1}% 807
\BOOKMARK [2][-]{subsection.62.1.5}{\376\377\176\323\146\166\177\244\116\016\171\273\145\143\121\340\117\125\166\204\155\361\134\102\200\124\174\373}{section.62.1}% 808
\BOOKMARK [1][-]{section.62.2}{\376\377\173\054\0001\0005\0002\172\340\377\032\121\306\237\120\140\047\124\021\221\317\172\172\225\364\377\010\000P\000r\000e\000h\000o\000m\000o\000g\000e\000n\000e\000o\000u\000s\000\040\000V\000e\000c\000t\000o\000r\000\040\000S\000p\000a\000c\000e\000s\377\011}{chapter.62}% 809
\BOOKMARK [2][-]{subsection.62.2.1}{\376\377\0007\0006\000.\0001\000\040\127\372\147\054\151\202\137\365\116\016\133\232\116\111}{section.62.2}% 810
\BOOKMARK [2][-]{subsection.62.2.2}{\376\377\0007\0006\000.\0002\000\040\000b\000-\121\375\145\160\116\016\000\040\000B\000e\000r\000n\000s\000t\000e\000i\000n\000-\000S\000a\000t\000o\000\040\131\032\230\171\137\017}{section.62.2}% 811
\BOOKMARK [2][-]{subsection.62.2.3}{\376\377\0007\0006\000.\0003\000\040\000P\000V\000S\000\040\116\055\166\204\000\040\000b\000-\121\375\145\160\116\016\137\256\134\100\220\350\122\006\147\220}{section.62.2}% 812
\BOOKMARK [2][-]{subsection.62.2.4}{\376\377\0007\0006\000.\0004\000\040\000S\000a\000t\000o\000-\000K\000i\000m\000u\000r\000a\000\040\122\006\174\173\133\232\164\006}{section.62.2}% 813
\BOOKMARK [2][-]{subsection.62.2.5}{\376\377\0007\0006\000.\0005\000\040\136\224\165\050\116\016\200\124\174\373}{section.62.2}% 814
\BOOKMARK [2][-]{subsection.62.2.6}{\376\377\000P\000V\000S\164\006\213\272\116\016\163\260\116\343\145\160\133\146\166\204\116\244\154\107}{section.62.2}% 815
\BOOKMARK [0][-]{chapter.63}{\376\377\0000\0006\000-\122\006\147\220\000/\0000\0006\000-\176\247\145\160\116\016\123\357\124\214\140\047\164\006\213\272\000.\000m\000d}{}% 816
\BOOKMARK [0][-]{chapter.64}{\376\377\176\247\145\160\116\016\123\357\124\214\140\047\164\006\213\272}{}% 817
\BOOKMARK [1][-]{section.64.1}{\376\377\173\054\0002\0000\0009\172\340\377\032\145\340\172\167\176\247\145\160\166\204\145\066\145\133\164\006\213\272}{chapter.64}% 818
\BOOKMARK [2][-]{subsection.64.1.1}{\376\377\000x\000.\0001\000\040\000C\000a\000u\000c\000h\000y\145\066\145\133\121\306\122\031\116\016\127\372\147\054\122\044\122\053\154\325}{section.64.1}% 819
\BOOKMARK [2][-]{subsection.64.1.2}{\376\377\000x\000.\0002\000\040\000K\000u\000m\000m\000e\000r\122\044\122\053\154\325}{section.64.1}% 820
\BOOKMARK [2][-]{subsection.64.1.3}{\376\377\000x\000.\0003\000\040\116\244\225\031\176\247\145\160\116\016\147\141\116\366\145\066\145\133}{section.64.1}% 821
\BOOKMARK [2][-]{subsection.64.1.4}{\376\377\000x\000.\0004\000\040\000C\000a\000u\000c\000h\000y\116\130\171\357\116\016\000M\000e\000r\000t\000e\000n\000s\133\232\164\006}{section.64.1}% 822
\BOOKMARK [1][-]{section.64.2}{\376\377\173\054\0002\0001\0000\172\340\377\032\145\340\172\167\116\130\171\357\116\016\217\336\122\006\137\017}{chapter.64}% 823
\BOOKMARK [2][-]{subsection.64.2.1}{\376\377\000x\000+\0001\000.\0001\000\040\145\340\172\167\116\130\171\357\166\204\145\066\145\133\164\006\213\272}{section.64.2}% 824
\BOOKMARK [2][-]{subsection.64.2.2}{\376\377\000x\000+\0001\000.\0002\000\040\000W\000e\000i\000e\000r\000s\000t\000r\000a\000s\000s\126\340\145\160\122\006\211\343}{section.64.2}% 825
\BOOKMARK [2][-]{subsection.64.2.3}{\376\377\000x\000+\0001\000.\0003\000\040\000S\000i\000n\000e\121\375\145\160\116\016\000G\000a\000m\000m\000a\121\375\145\160\166\204\145\340\172\167\116\130\171\357}{section.64.2}% 826
\BOOKMARK [2][-]{subsection.64.2.4}{\376\377\000x\000+\0001\000.\0004\000\040\217\336\122\006\137\017\164\006\213\272}{section.64.2}% 827
\BOOKMARK [1][-]{section.64.3}{\376\377\173\054\0002\0001\0001\172\340\377\032\123\321\145\143\176\247\145\160\116\016\123\357\124\214\140\047}{chapter.64}% 828
\BOOKMARK [2][-]{subsection.64.3.1}{\376\377\000x\000+\0002\000.\0001\000\040\000C\000e\000s\000\340\000r\000o\123\357\124\214\154\325}{section.64.3}% 829
\BOOKMARK [2][-]{subsection.64.3.2}{\376\377\000x\000+\0002\000.\0002\000\040\000A\000b\000e\000l\123\357\124\214\154\325}{section.64.3}% 830
\BOOKMARK [2][-]{subsection.64.3.3}{\376\377\000x\000+\0002\000.\0003\000\040\000B\000o\000r\000e\000l\123\357\124\214\154\325}{section.64.3}% 831
\BOOKMARK [2][-]{subsection.64.3.4}{\376\377\000x\000+\0002\000.\0004\000\040\000H\000a\000r\000d\000y\000-\000L\000i\000t\000t\000l\000e\000w\000o\000o\000d\000-\000K\000a\000r\000a\000m\000a\000t\000a\133\232\164\006}{section.64.3}% 832
\BOOKMARK [0][-]{chapter.65}{\376\377\0000\0006\000-\122\006\147\220\000/\0000\0001\000-\133\236\122\006\147\220\000/\0000\0001\000-\155\113\136\246\116\016\123\357\155\113\121\375\145\160\000.\000m\000d}{}% 833
\BOOKMARK [1][-]{section.65.1}{\376\377\173\054\0001\0005\0003\172\340\377\032\226\306\124\010\166\204\155\113\136\246}{chapter.65}% 834
\BOOKMARK [2][-]{subsection.65.1.1}{\376\377\0004\0005\000.\0001\000\040\137\025\212\000\377\032\116\316\000\040\000R\000i\000e\000m\000a\000n\000n\000\040\171\357\122\006\122\060\000\040\000L\000e\000b\000e\000s\000g\000u\000e\000\040\171\357\122\006}{section.65.1}% 835
\BOOKMARK [2][-]{subsection.65.1.2}{\376\377\0004\0005\000.\0002\000\040\000L\000e\000b\000e\000s\000g\000u\000e\000\040\131\026\155\113\136\246}{section.65.1}% 836
\BOOKMARK [2][-]{subsection.65.1.3}{\376\377\0004\0005\000.\0003\000\040\000C\000a\000r\000a\000t\000h\000\351\000o\000d\000o\000r\000y\000\040\147\141\116\366\116\016\123\357\155\113\226\306}{section.65.1}% 837
\BOOKMARK [2][-]{subsection.65.1.4}{\376\377\0004\0005\000.\0004\000\040\000B\000o\000r\000e\000l\000\040\226\306\116\016\153\143\122\031\140\047}{section.65.1}% 838
\BOOKMARK [2][-]{subsection.65.1.5}{\376\377\0004\0005\000.\0005\000\040\000V\000i\000t\000a\000l\000i\000\040\226\306\116\016\227\136\123\357\155\113\140\047}{section.65.1}% 839
\BOOKMARK [1][-]{section.65.2}{\376\377\173\054\0001\0005\0004\172\340\377\032\123\357\155\113\121\375\145\160}{chapter.65}% 840
\BOOKMARK [2][-]{subsection.65.2.1}{\376\377\0004\0006\000.\0001\000\040\123\357\155\113\121\375\145\160\166\204\133\232\116\111}{section.65.2}% 841
\BOOKMARK [2][-]{subsection.65.2.2}{\376\377\0004\0006\000.\0002\000\040\173\200\123\125\121\375\145\160\123\312\121\166\220\074\217\321}{section.65.2}% 842
\BOOKMARK [2][-]{subsection.65.2.3}{\376\377\0004\0006\000.\0003\000\040\000E\000g\000o\000r\000o\000v\000\040\133\232\164\006\116\016\000\040\000L\000u\000s\000i\000n\000\040\133\232\164\006}{section.65.2}% 843
\BOOKMARK [0][-]{chapter.66}{\376\377\0000\0006\000-\122\006\147\220\000/\0000\0001\000-\133\236\122\006\147\220\000/\0000\0002\000-\000L\000e\000b\000e\000s\000g\000u\000e\171\357\122\006\000.\000m\000d}{}% 844
\BOOKMARK [1][-]{section.66.1}{\376\377\173\054\0001\0005\0005\172\340\377\032\000L\000e\000b\000e\000s\000g\000u\000e\000\040\171\357\122\006}{chapter.66}% 845
\BOOKMARK [2][-]{subsection.66.1.1}{\376\377\0004\0007\000.\0001\000\040\227\136\215\037\173\200\123\125\121\375\145\160\166\204\171\357\122\006}{section.66.1}% 846
\BOOKMARK [2][-]{subsection.66.1.2}{\376\377\0004\0007\000.\0002\000\040\227\136\215\037\123\357\155\113\121\375\145\160\166\204\171\357\122\006}{section.66.1}% 847
\BOOKMARK [2][-]{subsection.66.1.3}{\376\377\0004\0007\000.\0003\000\040\123\125\214\003\145\066\145\133\133\232\164\006}{section.66.1}% 848
\BOOKMARK [2][-]{subsection.66.1.4}{\376\377\0004\0007\000.\0004\000\040\000F\000a\000t\000o\000u\000\040\137\025\164\006}{section.66.1}% 849
\BOOKMARK [2][-]{subsection.66.1.5}{\376\377\0004\0007\000.\0005\000\040\116\000\202\054\123\357\155\113\121\375\145\160\166\204\171\357\122\006\116\016\000\040\000L\000e\000b\000e\000s\000g\000u\000e\000\040\143\247\122\066\145\066\145\133\133\232\164\006}{section.66.1}% 850
\BOOKMARK [2][-]{subsection.66.1.6}{\376\377\0004\0007\000.\0006\000\040\000L\000e\000b\000e\000s\000g\000u\000e\000\040\171\357\122\006\116\016\000\040\000R\000i\000e\000m\000a\000n\000n\000\040\171\357\122\006\166\204\153\324\217\203}{section.66.1}% 851
\BOOKMARK [2][-]{subsection.66.1.7}{\376\377\0004\0007\000.\0007\000\040\147\011\165\114\123\330\135\356\121\375\145\160\116\016\000\040\000L\000e\000b\000e\000s\000g\000u\000e\000-\000S\000t\000i\000e\000l\000t\000j\000e\000s\000\040\171\357\122\006}{section.66.1}% 852
\BOOKMARK [2][-]{subsection.66.1.8}{\376\377\0004\0007\000.\0008\000\040\137\256\122\006\116\016\171\357\122\006\166\204\116\222\220\006}{section.66.1}% 853
\BOOKMARK [2][-]{subsection.66.1.9}{\376\377\0004\0007\000.\0009\000\040\116\130\171\357\155\113\136\246\116\016\000\040\000F\000u\000b\000i\000n\000i\000\040\133\232\164\006}{section.66.1}% 854
\BOOKMARK [2][-]{subsection.66.1.10}{\376\377\0004\0007\000.\0001\0000\000\040\000E\000g\000o\000r\000o\000v\000\040\133\232\164\006\116\016\000\040\000L\000u\000s\000i\000n\000\040\133\232\164\006}{section.66.1}% 855
\BOOKMARK [2][-]{subsection.66.1.11}{\376\377\0004\0007\000.\0001\0001\000\040\000R\000a\000d\000o\000n\000-\000N\000i\000k\000o\000d\000y\000m\000\040\133\232\164\006\116\016\147\141\116\366\147\037\147\033}{section.66.1}% 856
\BOOKMARK [0][-]{chapter.67}{\376\377\0000\0006\000-\122\006\147\220\000/\0000\0001\000-\133\236\122\006\147\220\000/\0000\0004\000-\137\256\122\006\116\016\171\357\122\006\200\124\174\373\000.\000m\000d}{}% 857
\BOOKMARK [1][-]{section.67.1}{\376\377\173\054\0001\0005\0006\172\340\377\032\137\256\122\006\116\016\171\357\122\006\166\204\200\124\174\373}{chapter.67}% 858
\BOOKMARK [2][-]{subsection.67.1.1}{\376\377\0004\0009\000.\0001\000\040\147\011\165\114\123\330\135\356\121\375\145\160}{section.67.1}% 859
\BOOKMARK [2][-]{subsection.67.1.2}{\376\377\0004\0009\000.\0002\000\040\000L\000e\000b\000e\000s\000g\000u\000e\000\040\137\256\122\006\133\232\164\006\116\016\000\040\000V\000i\000t\000a\000l\000i\000\040\211\206\166\326\137\025\164\006}{section.67.1}% 860
\BOOKMARK [2][-]{subsection.67.1.3}{\376\377\0004\0009\000.\0003\000\040\176\335\133\371\217\336\176\355\121\375\145\160}{section.67.1}% 861
\BOOKMARK [2][-]{subsection.67.1.4}{\376\377\0004\0009\000.\0004\000\040\000L\000e\000b\000e\000s\000g\000u\000e\000\040\137\256\171\357\122\006\127\372\147\054\133\232\164\006}{section.67.1}% 862
\BOOKMARK [2][-]{subsection.67.1.5}{\376\377\0004\0009\000.\0005\000\040\155\113\136\246\166\204\137\256\122\006\116\016\000\040\000L\000e\000b\000e\000s\000g\000u\000e\000\040\122\006\211\343}{section.67.1}% 863
\BOOKMARK [2][-]{subsection.67.1.6}{\376\377\0004\0009\000.\0006\000\040\137\256\122\006\116\016\171\357\122\006\166\204\155\361\134\102\200\124\174\373}{section.67.1}% 864
\BOOKMARK [1][-]{section.67.2}{\376\377\173\054\0001\0005\0007\172\340\377\032\000L\000\136\003\002\000p\000\040\172\172\225\364}{chapter.67}% 865
\BOOKMARK [2][-]{subsection.67.2.1}{\376\377\0004\0008\000.\0001\000\040\000L\000\136\003\002\000p\000\040\172\172\225\364\166\204\133\232\116\111\116\016\127\372\147\054\176\323\147\204}{section.67.2}% 866
\BOOKMARK [2][-]{subsection.67.2.2}{\376\377\0004\0008\000.\0002\000\040\000H\000\366\000l\000d\000e\000r\000\040\116\015\173\111\137\017\116\016\000\040\000M\000i\000n\000k\000o\000w\000s\000k\000i\000\040\116\015\173\111\137\017}{section.67.2}% 867
\BOOKMARK [2][-]{subsection.67.2.3}{\376\377\0004\0008\000.\0003\000\040\000L\000\136\003\002\000p\000\040\172\172\225\364\166\204\133\214\131\007\140\047\377\010\000R\000i\000e\000s\000z\000-\000F\000i\000s\000c\000h\000e\000r\000\040\133\232\164\006\377\011}{section.67.2}% 868
\BOOKMARK [2][-]{subsection.67.2.4}{\376\377\0004\0008\000.\0004\000\040\172\040\133\306\140\047\133\232\164\006}{section.67.2}% 869
\BOOKMARK [2][-]{subsection.67.2.5}{\376\377\0004\0008\000.\0005\000\040\000L\000\136\003\002\0002\000\040\172\172\225\364\116\016\121\205\171\357}{section.67.2}% 870
\BOOKMARK [2][-]{subsection.67.2.6}{\376\377\0004\0008\000.\0006\000\040\133\371\120\166\172\172\225\364\116\016\000\040\000L\000\136\003\002\000p\000\040\166\204\210\150\171\072}{section.67.2}% 871
\BOOKMARK [2][-]{subsection.67.2.7}{\376\377\0004\0008\000.\0007\000\040\143\322\120\074\133\232\164\006}{section.67.2}% 872
\BOOKMARK [2][-]{subsection.67.2.8}{\376\377\0004\0008\000.\0008\000\040\000L\000\136\003\002\000p\000\040\172\172\225\364\166\204\116\000\201\364\121\370\140\047\116\016\201\352\123\315\140\047}{section.67.2}% 873
\BOOKMARK [2][-]{subsection.67.2.9}{\376\377\0004\0008\000.\0009\000\040\000L\000\136\003\002\000p\000\040\172\172\225\364\116\055\166\204\123\167\171\357\116\016\000\040\000Y\000o\000u\000n\000g\000\040\116\015\173\111\137\017}{section.67.2}% 874
\BOOKMARK [2][-]{subsection.67.2.10}{\376\377\0004\0008\000.\0001\0000\000\040\000L\000\136\003\002\000p\000\040\172\172\225\364\116\055\000\040\000F\000o\000u\000r\000i\000e\000r\000\040\116\130\133\120\116\016\000\040\000M\000i\000h\000l\000i\000n\000\040\133\232\164\006}{section.67.2}% 875
\BOOKMARK [0][-]{chapter.68}{\376\377\0000\0006\000-\122\006\147\220\000/\0000\0001\000-\133\236\122\006\147\220\000/\0000\0005\000-\000F\000o\000u\000r\000i\000e\000r\176\247\145\160\000.\000m\000d}{}% 876
\BOOKMARK [1][-]{section.68.1}{\376\377\173\054\0001\0005\0008\172\340\377\032\000F\000o\000u\000r\000i\000e\000r\000\040\176\247\145\160}{chapter.68}% 877
\BOOKMARK [2][-]{subsection.68.1.1}{\376\377\0005\0000\000.\0001\000\040\153\143\116\244\174\373\116\016\000\040\000B\000e\000s\000s\000e\000l\000\040\116\015\173\111\137\017}{section.68.1}% 878
\BOOKMARK [2][-]{subsection.68.1.2}{\376\377\0005\0000\000.\0002\000\040\000F\000o\000u\000r\000i\000e\000r\000\040\176\247\145\160\166\204\000\040\000L\000\136\003\002\0002\000\040\145\066\145\133}{section.68.1}% 879
\BOOKMARK [2][-]{subsection.68.1.3}{\376\377\0005\0000\000.\0003\000\040\000D\000i\000r\000i\000c\000h\000l\000e\000t\000\040\150\070\116\016\000\040\000F\000e\000j\000\351\000r\000\040\150\070}{section.68.1}% 880
\BOOKMARK [2][-]{subsection.68.1.4}{\376\377\0005\0000\000.\0004\000\040\000F\000e\000j\000\351\000r\000\040\133\232\164\006\116\016\000\040\000W\000e\000i\000e\000r\000s\000t\000r\000a\000s\000s\000\040\220\074\217\321\133\232\164\006}{section.68.1}% 881
\BOOKMARK [2][-]{subsection.68.1.5}{\376\377\0005\0000\000.\0005\000\040\220\020\160\271\145\066\145\133\140\047}{section.68.1}% 882
\BOOKMARK [2][-]{subsection.68.1.6}{\376\377\0005\0000\000.\0006\000\040\000G\000i\000b\000b\000s\000\040\163\260\214\141\116\016\145\066\145\133\140\047\210\145\121\105}{section.68.1}% 883
\BOOKMARK [2][-]{subsection.68.1.7}{\376\377\0005\0000\000.\0007\000\040\000F\000o\000u\000r\000i\000e\000r\000\040\123\330\143\142\116\016\000\040\000F\000o\000u\000r\000i\000e\000r\000\040\176\247\145\160\166\204\176\337\116\000}{section.68.1}% 884
\BOOKMARK [2][-]{subsection.68.1.8}{\376\377\0005\0000\000.\0008\000\040\121\161\217\155\121\375\145\160\116\016\000\040\000H\000i\000l\000b\000e\000r\000t\000\040\123\330\143\142}{section.68.1}% 885
\BOOKMARK [2][-]{subsection.68.1.9}{\376\377\0005\0000\000.\0009\000\040\000F\000o\000u\000r\000i\000e\000r\000\040\176\247\145\160\166\204\176\335\133\371\145\066\145\133\116\016\000\040\000W\000i\000e\000n\000e\000r\000\040\116\343\145\160}{section.68.1}% 886
\BOOKMARK [2][-]{subsection.68.1.10}{\376\377\0005\0000\000.\0001\0000\000\040\000F\000o\000u\000r\000i\000e\000r\000\040\176\247\145\160\166\204\000\040\000L\000\136\003\002\0001\000\040\145\066\145\133\225\356\230\230\116\016\000\040\000K\000o\000l\000m\000o\000g\000o\000r\000o\000v\000\040\123\315\117\213}{section.68.1}% 887
\BOOKMARK [2][-]{subsection.68.1.11}{\376\377\0005\0000\000.\0001\0001\000\040\000F\000o\000u\000r\000i\000e\000r\000\040\176\247\145\160\166\204\131\032\221\315\143\250\136\177\116\016\164\003\227\142\214\003\124\214}{section.68.1}% 888
\BOOKMARK [0][-]{chapter.69}{\376\377\0000\0006\000-\122\006\147\220\000/\0000\0001\000-\133\236\122\006\147\220\000/\0000\0006\000-\123\357\124\214\140\047\116\016\117\115\122\277\213\272\000.\000m\000d}{}% 889
\BOOKMARK [1][-]{section.69.1}{\376\377\173\054\0001\0005\0009\172\340\377\032\123\357\124\214\140\047\145\271\154\325}{chapter.69}% 890
\BOOKMARK [2][-]{subsection.69.1.1}{\376\377\0001\0000\0000\000.\0001\000\040\000C\000e\000s\000a\000r\000o\000\040\123\357\124\214\140\047\116\016\000\040\000A\000b\000e\000l\000\040\123\357\124\214\140\047}{section.69.1}% 891
\BOOKMARK [2][-]{subsection.69.1.2}{\376\377\0001\0000\0000\000.\0002\000\040\232\330\226\066\000\040\000C\000e\000s\000a\000r\000o\000\040\123\357\124\214\140\047\116\016\000\040\000H\000o\000l\000d\000e\000r\000\040\123\357\124\214\140\047}{section.69.1}% 892
\BOOKMARK [2][-]{subsection.69.1.3}{\376\377\0001\0000\0000\000.\0003\000\040\000B\000o\000r\000e\000l\000\040\123\357\124\214\140\047\116\016\000\040\000E\000u\000l\000e\000r\000\040\123\357\124\214\140\047}{section.69.1}% 893
\BOOKMARK [2][-]{subsection.69.1.4}{\376\377\0001\0000\0000\000.\0004\000\040\000T\000a\000u\000b\000e\000r\000\040\127\213\133\232\164\006}{section.69.1}% 894
\BOOKMARK [1][-]{section.69.2}{\376\377\173\054\0001\0006\0000\172\340\377\032\117\115\122\277\213\272}{chapter.69}% 895
\BOOKMARK [2][-]{subsection.69.2.1}{\376\377\0001\0000\0001\000.\0001\000\040\000R\000i\000e\000s\000z\000\040\117\115\122\277\116\016\000\040\000N\000e\000w\000t\000o\000n\000\040\117\115\122\277}{section.69.2}% 896
\BOOKMARK [2][-]{subsection.69.2.2}{\376\377\0001\0000\0001\000.\0002\000\040\133\271\221\317\164\006\213\272}{section.69.2}% 897
\BOOKMARK [2][-]{subsection.69.2.3}{\376\377\0001\0000\0001\000.\0003\000\040\176\306\142\323\142\121\116\016\205\204\226\306}{section.69.2}% 898
\BOOKMARK [2][-]{subsection.69.2.4}{\376\377\0001\0000\0001\000.\0004\000\040\117\115\122\277\213\272\116\016\151\202\163\207\213\272\166\204\200\124\174\373}{section.69.2}% 899
\BOOKMARK [2][-]{subsection.69.2.5}{\376\377\0001\0000\0001\000.\0005\000\040\136\163\210\141\155\113\136\246\116\016\200\375\221\317\171\357\122\006}{section.69.2}% 900
\BOOKMARK [2][-]{subsection.69.2.6}{\376\377\0001\0000\0001\000.\0006\000\040\133\371\145\160\117\115\122\277\116\016\116\214\176\364\117\115\122\277\213\272}{section.69.2}% 901
\BOOKMARK [0][-]{chapter.70}{\376\377\0000\0006\000-\122\006\147\220\000/\0000\0002\000-\131\015\122\006\147\220\000/\0000\0002\000-\176\247\145\160\116\016\165\131\145\160\000.\000m\000d}{}% 902
\BOOKMARK [1][-]{section.70.1}{\376\377\173\054\0001\0006\0001\172\340\377\032\176\247\145\160\134\125\137\000}{chapter.70}% 903
\BOOKMARK [2][-]{subsection.70.1.1}{\376\377\0005\0003\000.\0001\000\040\000T\000a\000y\000l\000o\000r\000\040\176\247\145\160\134\125\137\000}{section.70.1}% 904
\BOOKMARK [2][-]{subsection.70.1.2}{\376\377\0005\0003\000.\0002\000\040\000L\000a\000u\000r\000e\000n\000t\000\040\176\247\145\160\134\125\137\000}{section.70.1}% 905
\BOOKMARK [2][-]{subsection.70.1.3}{\376\377\0005\0003\000.\0003\000\040\133\144\172\313\131\107\160\271\166\204\122\006\174\173}{section.70.1}% 906
\BOOKMARK [2][-]{subsection.70.1.4}{\376\377\0005\0003\000.\0004\000\040\145\164\121\375\145\160\116\016\116\232\176\257\121\375\145\160}{section.70.1}% 907
\BOOKMARK [1][-]{section.70.2}{\376\377\173\054\0001\0006\0002\172\340\377\032\165\131\145\160\133\232\164\006}{chapter.70}% 908
\BOOKMARK [2][-]{subsection.70.2.1}{\376\377\0005\0004\000.\0001\000\040\165\131\145\160\166\204\133\232\116\111\116\016\213\241\173\227}{section.70.2}% 909
\BOOKMARK [2][-]{subsection.70.2.2}{\376\377\0005\0004\000.\0002\000\040\165\131\145\160\133\232\164\006}{section.70.2}% 910
\BOOKMARK [2][-]{subsection.70.2.3}{\376\377\0005\0004\000.\0003\000\040\165\131\145\160\133\232\164\006\127\050\133\236\171\357\122\006\213\241\173\227\116\055\166\204\136\224\165\050}{section.70.2}% 911
\BOOKMARK [2][-]{subsection.70.2.4}{\376\377\0005\0004\000.\0004\000\040\145\340\172\167\116\130\171\357\116\016\000\040\000G\000a\000m\000m\000a\000\040\121\375\145\160}{section.70.2}% 912
\BOOKMARK [1][-]{section.70.3}{\376\377\173\054\0001\0006\0003\172\340\377\032\121\150\176\257\121\375\145\160}{chapter.70}% 913
\BOOKMARK [2][-]{subsection.70.3.1}{\376\377\0005\0001\000.\0001\000\040\131\015\136\163\227\142\116\016\131\015\121\375\145\160}{section.70.3}% 914
\BOOKMARK [2][-]{subsection.70.3.2}{\376\377\0005\0001\000.\0002\000\040\121\150\176\257\121\375\145\160\116\016\000\040\000C\000a\000u\000c\000h\000y\000-\000R\000i\000e\000m\000a\000n\000n\000\040\145\271\172\013}{section.70.3}% 915
\BOOKMARK [2][-]{subsection.70.3.3}{\376\377\0005\0001\000.\0003\000\040\136\102\176\247\145\160\117\134\116\072\121\150\176\257\121\375\145\160}{section.70.3}% 916
\BOOKMARK [2][-]{subsection.70.3.4}{\376\377\0005\0001\000.\0004\000\040\122\035\173\111\121\150\176\257\121\375\145\160\116\016\121\161\137\142\146\040\134\004}{section.70.3}% 917
\BOOKMARK [1][-]{section.70.4}{\376\377\173\054\0001\0006\0004\172\340\377\032\131\015\171\357\122\006}{chapter.70}% 918
\BOOKMARK [2][-]{subsection.70.4.1}{\376\377\0005\0002\000.\0001\000\040\146\362\176\277\171\357\122\006}{section.70.4}% 919
\BOOKMARK [2][-]{subsection.70.4.2}{\376\377\0005\0002\000.\0002\000\040\000C\000a\000u\000c\000h\000y\000\040\171\357\122\006\133\232\164\006}{section.70.4}% 920
\BOOKMARK [2][-]{subsection.70.4.3}{\376\377\0005\0002\000.\0003\000\040\000C\000a\000u\000c\000h\000y\000\040\171\357\122\006\121\154\137\017}{section.70.4}% 921
\BOOKMARK [2][-]{subsection.70.4.4}{\376\377\0005\0002\000.\0004\000\040\121\150\176\257\121\375\145\160\166\204\134\100\220\350\140\047\215\050}{section.70.4}% 922
\BOOKMARK [2][-]{subsection.70.4.5}{\376\377\0005\0002\000.\0005\000\040\121\150\176\257\121\375\145\160\136\217\122\027\116\016\153\143\211\304\145\317}{section.70.4}% 923
\BOOKMARK [0][-]{chapter.71}{\376\377\0000\0006\000-\122\006\147\220\000/\0000\0002\000-\131\015\122\006\147\220\000/\0000\0003\000-\131\015\122\006\147\220\155\361\123\026\000.\000m\000d}{}% 924
\BOOKMARK [1][-]{section.71.1}{\376\377\173\054\0001\0006\0005\172\340\377\032\120\074\122\006\136\003\164\006\213\272\377\010\000N\000e\000v\000a\000n\000l\000i\000n\000n\000a\000\040\164\006\213\272\377\011}{chapter.71}% 925
\BOOKMARK [1][-]{section.71.2}{\376\377\173\054\0001\0006\0006\172\340\377\032\142\337\121\161\137\142\146\040\134\004\116\016\000T\000e\000i\000c\000h\000m\000\374\000l\000l\000e\000r\172\172\225\364}{chapter.71}% 926
\BOOKMARK [2][-]{subsection.71.2.1}{\376\377\142\337\121\161\137\142\146\040\134\004}{section.71.2}% 927
\BOOKMARK [2][-]{subsection.71.2.2}{\376\377\000T\000e\000i\000c\000h\000m\000\374\000l\000l\000e\000r\172\172\225\364}{section.71.2}% 928
\BOOKMARK [1][-]{section.71.3}{\376\377\173\054\0001\0006\0007\172\340\377\032\000S\000i\000e\000g\000e\000l\123\072\127\337\116\016\133\371\171\360\127\337}{chapter.71}% 929
\BOOKMARK [2][-]{subsection.71.3.1}{\376\377\000C\000a\000r\000t\000a\000n\122\006\174\173\166\204\133\214\145\164\143\317\217\360}{section.71.3}% 930
\BOOKMARK [2][-]{subsection.71.3.2}{\376\377\000S\000i\000e\000g\000e\000l\116\012\123\112\172\172\225\364\166\204\000B\000e\000r\000g\000m\000a\000n\150\070}{section.71.3}% 931
\BOOKMARK [2][-]{subsection.71.3.3}{\376\377\000H\000a\000r\000i\000s\000h\000-\000C\000h\000a\000n\000d\000r\000a\135\114\121\145\133\232\164\006}{section.71.3}% 932
\BOOKMARK [2][-]{subsection.71.3.4}{\376\377\147\011\165\114\133\371\171\360\127\337\116\016\000J\000o\000r\000d\000a\000n\116\011\174\373\166\204\133\371\136\224\121\163\174\373}{section.71.3}% 933
\BOOKMARK [1][-]{section.71.4}{\376\377\173\054\0001\0006\0008\172\340\377\032\131\032\131\015\123\330\121\375\145\160\213\272\133\374\137\025}{chapter.71}% 934
\BOOKMARK [2][-]{subsection.71.4.1}{\376\377\121\150\176\257\127\337\116\016\000H\000a\000r\000t\000o\000g\000s\136\366\142\323}{section.71.4}% 935
\BOOKMARK [1][-]{section.71.5}{\376\377\173\054\0001\0006\0009\172\340\377\032\131\032\131\015\123\330\150\070\137\303\133\232\164\006}{chapter.71}% 936
\BOOKMARK [2][-]{subsection.71.5.1}{\376\377\000S\000t\000e\000i\000n\155\101\137\142\116\016\000C\000a\000r\000t\000a\000n\000-\000T\000h\000u\000l\000l\000e\000n\133\232\164\006}{section.71.5}% 937
\BOOKMARK [2][-]{subsection.71.5.2}{\376\377\000\134\000b\000a\000r\000\173\000\134\000p\000a\000r\000t\000i\000a\000l\000\175\000-\225\356\230\230\116\016\000L\000\136\003\002\0002\117\060\213\241}{section.71.5}% 938
\BOOKMARK [1][-]{section.71.6}{\376\377\173\054\0001\0007\0000\172\340\377\032\121\161\137\142\146\040\134\004}{chapter.71}% 939
\BOOKMARK [2][-]{subsection.71.6.1}{\376\377\0005\0005\000.\0001\000\040\121\161\137\142\146\040\134\004\166\204\133\232\116\111\116\016\140\047\215\050}{section.71.6}% 940
\BOOKMARK [2][-]{subsection.71.6.2}{\376\377\0005\0005\000.\0002\000\040\122\006\137\017\176\277\140\047\123\330\143\142}{section.71.6}% 941
\BOOKMARK [2][-]{subsection.71.6.3}{\376\377\0005\0005\000.\0003\000\040\000R\000i\000e\000m\000a\000n\000n\000\040\146\040\134\004\133\232\164\006}{section.71.6}% 942
\BOOKMARK [2][-]{subsection.71.6.4}{\376\377\0005\0005\000.\0004\000\040\000S\000c\000h\000w\000a\000r\000z\000-\000C\000h\000r\000i\000s\000t\000o\000f\000f\000e\000l\000\040\123\330\143\142\116\016\131\032\211\322\137\142\146\040\134\004}{section.71.6}% 943
\BOOKMARK [2][-]{subsection.71.6.5}{\376\377\0005\0005\000.\0005\000\040\121\161\137\142\146\040\134\004\166\204\217\271\165\114\210\114\116\072}{section.71.6}% 944
\BOOKMARK [2][-]{subsection.71.6.6}{\376\377\0005\0005\000.\0006\000\040\131\032\131\015\123\330\116\055\166\204\121\161\137\142\146\040\134\004}{section.71.6}% 945
\BOOKMARK [1][-]{section.71.7}{\376\377\173\054\0001\0007\0001\172\340\377\032\211\343\147\220\136\366\142\323}{chapter.71}% 946
\BOOKMARK [2][-]{subsection.71.7.1}{\376\377\0005\0006\000.\0001\000\040\211\343\147\220\136\366\142\323\166\204\151\202\137\365}{section.71.7}% 947
\BOOKMARK [2][-]{subsection.71.7.2}{\376\377\0005\0006\000.\0002\000\040\154\277\146\362\176\277\166\204\211\343\147\220\136\366\142\323\116\016\123\125\120\074\140\047\133\232\164\006}{section.71.7}% 948
\BOOKMARK [2][-]{subsection.71.7.3}{\376\377\0005\0006\000.\0003\000\040\201\352\161\066\217\271\165\114\116\016\000\040\000P\000a\000i\000n\000l\000e\000v\000e\000\040\133\232\164\006}{section.71.7}% 949
\BOOKMARK [2][-]{subsection.71.7.4}{\376\377\0005\0006\000.\0004\000\040\131\032\120\074\121\375\145\160\116\016\000\040\000R\000i\000e\000m\000a\000n\000n\000\040\227\142\122\035\153\145}{section.71.7}% 950
\BOOKMARK [0][-]{chapter.72}{\376\377\0000\0006\000-\122\006\147\220\000/\0000\0003\000-\154\333\121\375\122\006\147\220\000/\0000\0001\000-\000B\000a\000n\000a\000c\000h\172\172\225\364\000.\000m\000d}{}% 951
\BOOKMARK [1][-]{section.72.1}{\376\377\173\054\0001\0007\0002\172\340\377\032\000B\000a\000n\000a\000c\000h\000\040\172\172\225\364}{chapter.72}% 952
\BOOKMARK [2][-]{subsection.72.1.1}{\376\377\0007\0002\000.\0001\000\040\215\113\203\003\172\172\225\364\116\016\000\040\000B\000a\000n\000a\000c\000h\000\040\172\172\225\364}{section.72.1}% 953
\BOOKMARK [2][-]{subsection.72.1.2}{\376\377\0007\0002\000.\0002\000\040\147\011\165\114\176\277\140\047\173\227\133\120}{section.72.1}% 954
\BOOKMARK [2][-]{subsection.72.1.3}{\376\377\0007\0002\000.\0003\000\040\000H\000a\000h\000n\000-\000B\000a\000n\000a\000c\000h\000\040\133\232\164\006}{section.72.1}% 955
\BOOKMARK [2][-]{subsection.72.1.4}{\376\377\0007\0002\000.\0004\000\040\137\000\146\040\134\004\133\232\164\006\116\016\225\355\126\376\120\317\133\232\164\006}{section.72.1}% 956
\BOOKMARK [2][-]{subsection.72.1.5}{\376\377\0007\0002\000.\0005\000\040\173\227\133\120\172\172\225\364\166\204\133\214\131\007\140\047}{section.72.1}% 957
\BOOKMARK [2][-]{subsection.72.1.6}{\376\377\0007\0002\000.\0006\000\040\225\355\120\074\127\337\133\232\164\006}{section.72.1}% 958
\BOOKMARK [2][-]{subsection.72.1.7}{\376\377\0007\0002\000.\0007\000\040\125\106\172\172\225\364\116\016\125\106\203\003\145\160}{section.72.1}% 959
\BOOKMARK [2][-]{subsection.72.1.8}{\376\377\0007\0002\000.\0008\000\040\147\011\226\120\176\364\000\040\000B\000a\000n\000a\000c\000h\000\040\172\172\225\364\166\204\210\145\121\105\140\047\215\050}{section.72.1}% 960
\BOOKMARK [2][-]{subsection.72.1.9}{\376\377\0007\0002\000.\0009\000\040\000S\000c\000h\000a\000u\000d\000e\000r\000\040\127\372}{section.72.1}% 961
\BOOKMARK [2][-]{subsection.72.1.10}{\376\377\0007\0002\000.\0001\0000\000\040\000B\000a\000n\000a\000c\000h\000\040\172\172\225\364\116\055\166\204\176\247\145\160\116\016\145\340\147\141\116\366\145\066\145\133}{section.72.1}% 962
\BOOKMARK [1][-]{section.72.2}{\376\377\173\054\0001\0007\0003\172\340\377\032\133\371\120\166\172\172\225\364\116\016\137\061\142\323\142\121}{chapter.72}% 963
\BOOKMARK [2][-]{subsection.72.2.1}{\376\377\0007\0004\000.\0001\000\040\133\371\120\166\172\172\225\364\116\016\116\214\153\041\133\371\120\166}{section.72.2}% 964
\BOOKMARK [2][-]{subsection.72.2.2}{\376\377\0007\0004\000.\0002\000\040\137\061\142\323\142\121\116\016\137\061\000*\000\040\142\323\142\121}{section.72.2}% 965
\BOOKMARK [2][-]{subsection.72.2.3}{\376\377\0007\0004\000.\0003\000\040\121\370\226\306\166\204\122\006\171\273\116\016\000\040\000K\000r\000e\000i\000n\000-\000M\000i\000l\000m\000a\000n\000\040\133\232\164\006}{section.72.2}% 966
\BOOKMARK [2][-]{subsection.72.2.4}{\376\377\0007\0004\000.\0004\000\040\000H\000a\000h\000n\000-\000B\000a\000n\000a\000c\000h\000\040\133\232\164\006\166\204\133\214\145\164\137\142\137\017}{section.72.2}% 967
\BOOKMARK [2][-]{subsection.72.2.5}{\376\377\0007\0004\000.\0005\000\040\137\061\142\323\142\121\166\204\123\112\203\003\145\160\176\323\147\204\116\016\201\352\123\315\140\047}{section.72.2}% 968
\BOOKMARK [2][-]{subsection.72.2.6}{\376\377\0007\0004\000.\0006\000\040\000M\000a\000z\000u\000r\000\040\137\025\164\006\116\016\137\061\225\355\123\005}{section.72.2}% 969
\BOOKMARK [2][-]{subsection.72.2.7}{\376\377\0007\0004\000.\0007\000\040\000E\000b\000e\000r\000l\000e\000i\000n\000-\000S\000m\000u\000l\000i\000a\000n\000\040\133\232\164\006}{section.72.2}% 970
\BOOKMARK [0][-]{chapter.73}{\376\377\0000\0006\000-\122\006\147\220\000/\0000\0003\000-\154\333\121\375\122\006\147\220\000/\0000\0002\000-\000H\000i\000l\000b\000e\000r\000t\172\172\225\364\000.\000m\000d}{}% 971
\BOOKMARK [1][-]{section.73.1}{\376\377\173\054\0001\0007\0004\172\340\377\032\000H\000i\000l\000b\000e\000r\000t\000\040\172\172\225\364}{chapter.73}% 972
\BOOKMARK [2][-]{subsection.73.1.1}{\376\377\0007\0003\000.\0001\000\040\121\205\171\357\172\172\225\364\116\016\000\040\000H\000i\000l\000b\000e\000r\000t\000\040\172\172\225\364}{section.73.1}% 973
\BOOKMARK [2][-]{subsection.73.1.2}{\376\377\0007\0003\000.\0002\000\040\153\143\116\244\140\047\116\016\142\225\137\161\133\232\164\006}{section.73.1}% 974
\BOOKMARK [2][-]{subsection.73.1.3}{\376\377\0007\0003\000.\0003\000\040\000R\000i\000e\000s\000z\000\040\210\150\171\072\133\232\164\006\116\016\153\143\116\244\127\372}{section.73.1}% 975
\BOOKMARK [2][-]{subsection.73.1.4}{\376\377\0007\0003\000.\0004\000\040\000L\000a\000x\000-\000M\000i\000l\000g\000r\000a\000m\000\040\133\232\164\006\116\016\123\330\122\006\145\271\154\325}{section.73.1}% 976
\BOOKMARK [2][-]{subsection.73.1.5}{\376\377\0007\0003\000.\0005\000\040\117\064\226\217\173\227\133\120\116\016\175\047\201\352\117\064\173\227\133\120\166\204\214\061\133\232\164\006}{section.73.1}% 977
\BOOKMARK [0][-]{chapter.74}{\376\377\0000\0006\000-\122\006\147\220\000/\0000\0003\000-\154\333\121\375\122\006\147\220\000/\0000\0004\000-\175\047\173\227\133\120\116\016\214\061\000.\000m\000d}{}% 978
\BOOKMARK [1][-]{section.74.1}{\376\377\173\054\0001\0007\0005\172\340\377\032\175\047\173\227\133\120}{chapter.74}% 979
\BOOKMARK [2][-]{subsection.74.1.1}{\376\377\0005\0005\000.\0001\000\040\175\047\173\227\133\120\166\204\133\232\116\111\116\016\127\372\147\054\140\047\215\050}{section.74.1}% 980
\BOOKMARK [2][-]{subsection.74.1.2}{\376\377\0005\0005\000.\0002\000\040\000F\000r\000e\000d\000h\000o\000l\000m\000\040\171\357\122\006\173\227\133\120\116\016\175\047\173\227\133\120\166\204\123\237\127\213}{section.74.1}% 981
\BOOKMARK [2][-]{subsection.74.1.3}{\376\377\0005\0005\000.\0003\000\040\175\047\173\227\133\120\166\204\214\061\164\006\213\272\040\024\040\024\000R\000i\000e\000s\000z\000-\000S\000c\000h\000a\000u\000d\000e\000r\000\040\133\232\164\006}{section.74.1}% 982
\BOOKMARK [2][-]{subsection.74.1.4}{\376\377\0005\0005\000.\0004\000\040\000F\000r\000e\000d\000h\000o\000l\000m\000\040\116\214\142\351\116\000\116\016\000\040\000F\000r\000e\000d\000h\000o\000l\000m\000\040\164\006\213\272}{section.74.1}% 983
\BOOKMARK [2][-]{subsection.74.1.5}{\376\377\0005\0005\000.\0005\000\040\000H\000i\000l\000b\000e\000r\000t\000\040\172\172\225\364\116\012\166\204\175\047\201\352\117\064\173\227\133\120}{section.74.1}% 984
\BOOKMARK [2][-]{subsection.74.1.6}{\376\377\0005\0005\000.\0006\000\040\175\047\173\227\133\120\166\204\131\107\137\002\120\074\122\006\211\343\116\016\000\040\000S\000c\000h\000m\000i\000d\000t\000\040\134\125\137\000}{section.74.1}% 985
\BOOKMARK [2][-]{subsection.74.1.7}{\376\377\0005\0005\000.\0007\000\040\217\371\174\173\173\227\133\120\116\016\000\040\000H\000i\000l\000b\000e\000r\000t\000-\000S\000c\000h\000m\000i\000d\000t\000\040\173\227\133\120}{section.74.1}% 986
\BOOKMARK [2][-]{subsection.74.1.8}{\376\377\0005\0005\000.\0008\000\040\175\047\173\227\133\120\166\204\136\224\165\050\040\024\040\024\000F\000r\000e\000d\000h\000o\000l\000m\000\040\171\357\122\006\145\271\172\013}{section.74.1}% 987
\BOOKMARK [2][-]{subsection.74.1.9}{\376\377\0005\0005\000.\0009\000\040\175\047\173\227\133\120\166\204\000\040\000C\000a\000l\000k\000i\000n\000\040\116\343\145\160\116\016\000\040\000F\000r\000e\000d\000h\000o\000l\000m\000\040\173\227\133\120\166\204\000\040\000A\000t\000i\000y\000a\000h\000-\000S\000i\000n\000g\000e\000r\000\040\143\007\145\160}{section.74.1}% 988
\BOOKMARK [2][-]{subsection.74.1.10}{\376\377\0005\0005\000.\0001\0000\000\040\175\047\173\227\133\120\166\204\214\061\146\040\134\004\116\016\154\333\121\375\157\024\173\227}{section.74.1}% 989
\BOOKMARK [2][-]{subsection.74.1.11}{\376\377\0005\0005\000.\0001\0001\000\040\175\047\173\227\133\120\166\204\220\074\217\321\140\047\215\050\116\016\000\040\000B\000a\000n\000a\000c\000h\000\040\172\172\225\364\116\055\166\204\127\372}{section.74.1}% 990
\BOOKMARK [0][-]{chapter.75}{\376\377\0000\0006\000-\122\006\147\220\000/\0000\0003\000-\154\333\121\375\122\006\147\220\000/\0000\0005\000-\000C\116\343\145\160\116\016\155\361\123\026\000.\000m\000d}{}% 991
\BOOKMARK [1][-]{section.75.1}{\376\377\173\054\0001\0007\0006\172\340\377\032\000C\000*\000-\116\343\145\160\122\035\153\145}{chapter.75}% 992
\BOOKMARK [2][-]{subsection.75.1.1}{\376\377\0007\0006\000.\0001\000\040\000B\000a\000n\000a\000c\000h\000\040\116\343\145\160\116\016\000\040\000C\000*\000-\116\343\145\160}{section.75.1}% 993
\BOOKMARK [2][-]{subsection.75.1.2}{\376\377\0007\0006\000.\0002\000\040\116\244\143\142\000\040\000C\000*\000-\116\343\145\160\116\016\000\040\000G\000e\000l\000f\000a\000n\000d\000\040\123\330\143\142}{section.75.1}% 994
\BOOKMARK [2][-]{subsection.75.1.3}{\376\377\0007\0006\000.\0003\000\040\116\000\202\054\000\040\000C\000*\000-\116\343\145\160\166\204\210\150\171\072}{section.75.1}% 995
\BOOKMARK [2][-]{subsection.75.1.4}{\376\377\0007\0006\000.\0004\000\040\153\143\121\103\116\016\136\217\176\323\147\204}{section.75.1}% 996
\BOOKMARK [2][-]{subsection.75.1.5}{\376\377\0007\0006\000.\0005\000\040\221\317\133\120\122\233\133\146\213\340\221\312}{section.75.1}% 997
\BOOKMARK [1][-]{section.75.2}{\376\377\173\054\0001\0007\0007\172\340\377\032\147\011\136\217\176\277\140\047\172\172\225\364\377\010\000O\000r\000d\000e\000r\000e\000d\000\040\000V\000e\000c\000t\000o\000r\000\040\000S\000p\000a\000c\000e\000s\377\011}{chapter.75}% 998
\BOOKMARK [1][-]{section.75.3}{\376\377\173\054\0001\0007\0008\172\340\377\032\143\322\120\074\172\172\225\364\377\010\000I\000n\000t\000e\000r\000p\000o\000l\000a\000t\000i\000o\000n\000\040\000S\000p\000a\000c\000e\000s\377\011}{chapter.75}% 999
\BOOKMARK [1][-]{section.75.4}{\376\377\173\054\0001\0007\0009\172\340\377\032\176\277\140\047\173\227\133\120\144\104\122\250\164\006\213\272\377\010\000O\000p\000e\000r\000a\000t\000o\000r\000\040\000P\000e\000r\000t\000u\000r\000b\000a\000t\000i\000o\000n\000\040\000T\000h\000e\000o\000r\000y\377\011}{chapter.75}% 1000
\BOOKMARK [2][-]{subsection.75.4.1}{\376\377\000K\000a\000t\000o\000-\000R\000e\000l\000l\000i\000c\000h\133\232\164\006}{section.75.4}% 1001
\BOOKMARK [2][-]{subsection.75.4.2}{\376\377\000W\000e\000y\000l\116\015\173\111\137\017\116\016\147\054\215\050\214\061}{section.75.4}% 1002
\BOOKMARK [2][-]{subsection.75.4.3}{\376\377\211\343\147\220\142\160\122\250\164\006\213\272\116\016\000F\000r\000i\000e\000d\000r\000i\000c\000h\000s\145\271\154\325}{section.75.4}% 1003
\BOOKMARK [1][-]{section.75.5}{\376\377\173\054\0001\0008\0000\172\340\377\032\000B\000a\000n\000a\000c\000h\000\040\116\343\145\160\116\016\214\003\124\214\122\006\147\220}{chapter.75}% 1004
\BOOKMARK [2][-]{subsection.75.5.1}{\376\377\0001\0002\0002\000.\000A\000\040\000C\000*\116\343\145\160\210\145\121\105}{section.75.5}% 1005
\BOOKMARK [1][-]{section.75.6}{\376\377\173\054\0001\0008\0001\172\340\377\032\000v\000o\000n\000\040\000N\000e\000u\000m\000a\000n\000n\000\040\116\343\145\160\127\372\170\100}{chapter.75}% 1006
\BOOKMARK [2][-]{subsection.75.6.1}{\376\377\0002\0001\0003\000.\0001\000\040\137\061\173\227\133\120\142\323\142\121\116\016\000\040\000v\000o\000n\000\040\000N\000e\000u\000m\000a\000n\000n\000\040\116\343\145\160}{section.75.6}% 1007
\BOOKMARK [2][-]{subsection.75.6.2}{\376\377\0002\0001\0003\000.\0002\000\040\000v\000o\000n\000\040\000N\000e\000u\000m\000a\000n\000n\000\040\123\314\143\142\117\115\133\232\164\006}{section.75.6}% 1008
\BOOKMARK [2][-]{subsection.75.6.3}{\376\377\0002\0001\0003\000.\0003\000\040\230\204\133\371\120\166}{section.75.6}% 1009
\BOOKMARK [2][-]{subsection.75.6.4}{\376\377\0002\0001\0003\000.\0004\000\040\142\225\137\161\116\016\122\006\174\173}{section.75.6}% 1010
\BOOKMARK [0][-]{chapter.76}{\376\377\0000\0006\000-\122\006\147\220\000/\0000\0004\000-\173\227\133\120\116\343\145\160\000/\0000\0001\000-\000v\000o\000n\000N\000e\000u\000m\000a\000n\000n\116\343\145\160\000.\000m\000d}{}% 1011
\BOOKMARK [1][-]{section.76.1}{\376\377\173\054\0001\0008\0002\172\340\377\032\126\340\133\120\166\204\000\040\000M\000u\000r\000r\000a\000y\000-\000v\000o\000n\000\040\000N\000e\000u\000m\000a\000n\000n\000\040\122\006\174\173}{chapter.76}% 1012
\BOOKMARK [2][-]{subsection.76.1.1}{\376\377\0002\0001\0004\000.\0001\000\040\176\364\145\160\121\375\145\160\116\016\217\371}{section.76.1}% 1013
\BOOKMARK [2][-]{subsection.76.1.2}{\376\377\0002\0001\0004\000.\0002\000\040\126\340\133\120\174\173\127\213}{section.76.1}% 1014
\BOOKMARK [2][-]{subsection.76.1.3}{\376\377\0002\0001\0004\000.\0003\000\040\121\167\117\123\133\236\163\260\116\016\117\213\133\120}{section.76.1}% 1015
\BOOKMARK [2][-]{subsection.76.1.4}{\376\377\0002\0001\0004\000.\0004\000\040\000P\000o\000w\000e\000r\000s\000\040\126\340\133\120\116\016\000\040\000I\000I\000I\000\040\127\213\122\006\174\173\166\204\136\217\146\362}{section.76.1}% 1016
\BOOKMARK [1][-]{section.76.2}{\376\377\173\054\0001\0008\0003\172\340\377\032\000T\000o\000m\000i\000t\000a\000-\000T\000a\000k\000e\000s\000a\000k\000i\000\040\152\041\164\006\213\272}{chapter.76}% 1017
\BOOKMARK [2][-]{subsection.76.2.1}{\376\377\0002\0001\0005\000.\0001\000\040\147\103\166\204\127\372\147\054\164\006\213\272}{section.76.2}% 1018
\BOOKMARK [2][-]{subsection.76.2.2}{\376\377\0002\0001\0005\000.\0002\000\040\000G\000N\000S\000\040\147\204\220\040\116\016\000\040\000T\000o\000m\000i\000t\000a\000\040\173\227\133\120}{section.76.2}% 1019
\BOOKMARK [2][-]{subsection.76.2.3}{\376\377\0002\0001\0005\000.\0003\000\040\000T\000o\000m\000i\000t\000a\000-\000T\000a\000k\000e\000s\000a\000k\000i\000\040\133\232\164\006}{section.76.2}% 1020
\BOOKMARK [2][-]{subsection.76.2.4}{\376\377\0002\0001\0005\000.\0004\000\040\000C\000o\000n\000n\000e\000s\000\040\166\204\117\131\137\252\163\257\133\232\164\006\116\016\000\040\000I\000I\000I\000\040\127\213\122\006\174\173}{section.76.2}% 1021
\BOOKMARK [2][-]{subsection.76.2.5}{\376\377\0002\0001\0005\000.\0005\000\040\155\101\116\016\000\040\000C\000o\000n\000n\000e\000s\000\040\166\204\000\040\000T\000-\116\015\123\330\221\317}{section.76.2}% 1022
\BOOKMARK [1][-]{section.76.3}{\376\377\173\054\0001\0008\0004\172\340\377\032\201\352\165\061\151\202\163\207\213\272\116\016\226\217\147\072\167\351\226\065}{chapter.76}% 1023
\BOOKMARK [2][-]{subsection.76.3.1}{\376\377\0002\0001\0006\000.\0001\000\040\227\136\116\244\143\142\151\202\163\207\172\172\225\364}{section.76.3}% 1024
\BOOKMARK [2][-]{subsection.76.3.2}{\376\377\0002\0001\0006\000.\0002\000\040\201\352\165\061\162\354\172\313\140\047}{section.76.3}% 1025
\BOOKMARK [2][-]{subsection.76.3.3}{\376\377\0002\0001\0006\000.\0003\000\040\201\352\165\061\151\202\163\207\213\272\166\204\173\227\133\120\116\343\145\160\136\224\165\050}{section.76.3}% 1026
\BOOKMARK [2][-]{subsection.76.3.4}{\376\377\201\352\165\061\151\202\163\207\213\272\116\016\173\227\133\120\116\343\145\160\166\204\155\361\134\102\200\124\174\373}{section.76.3}% 1027
\BOOKMARK [2][-]{subsection.76.3.5}{\376\377\0001\0002\0007\000.\000A\000\040\000v\000o\000n\000N\000e\000u\000m\000a\000n\000n\116\343\145\160\210\145\121\105}{section.76.3}% 1028
\BOOKMARK [1][-]{section.76.4}{\376\377\173\054\0001\0008\0005\172\340\377\032\000F\000r\000e\000d\000h\000o\000l\000m\000\040\171\357\122\006\145\271\172\013}{chapter.76}% 1029
\BOOKMARK [2][-]{subsection.76.4.1}{\376\377\0002\0001\0007\000.\0001\000\040\000F\000r\000e\000d\000h\000o\000l\000m\000\040\142\351\116\000\133\232\164\006}{section.76.4}% 1030
\BOOKMARK [2][-]{subsection.76.4.2}{\376\377\0002\0001\0007\000.\0002\000\040\000F\000r\000e\000d\000h\000o\000l\000m\000\040\210\114\122\027\137\017}{section.76.4}% 1031
\BOOKMARK [2][-]{subsection.76.4.3}{\376\377\0002\0001\0007\000.\0003\000\040\133\371\171\360\150\070\116\016\000\040\000H\000i\000l\000b\000e\000r\000t\000-\000S\000c\000h\000m\000i\000d\000t\000\040\133\232\164\006}{section.76.4}% 1032
\BOOKMARK [2][-]{subsection.76.4.4}{\376\377\0002\0001\0007\000.\0004\000\040\137\061\131\107\137\002\140\047\150\070}{section.76.4}% 1033
\BOOKMARK [0][-]{chapter.77}{\376\377\0000\0006\000-\122\006\147\220\000/\0000\0004\000-\173\227\133\120\116\343\145\160\000/\0000\0002\000-\171\357\122\006\145\271\172\013\000.\000m\000d}{}% 1034
\BOOKMARK [1][-]{section.77.1}{\376\377\173\054\0001\0008\0006\172\340\377\032\000F\000r\000e\000d\000h\000o\000l\000m\000\040\171\357\122\006\145\271\172\013\377\010\176\355\377\011}{chapter.77}% 1035
\BOOKMARK [2][-]{subsection.77.1.1}{\376\377\000F\000r\000e\000d\000h\000o\000l\000m\171\357\122\006\145\271\172\013\164\006\213\272\166\204\163\260\116\343\123\321\134\125}{section.77.1}% 1036
\BOOKMARK [1][-]{section.77.2}{\376\377\173\054\0001\0008\0007\172\340\377\032\000V\000o\000l\000t\000e\000r\000r\000a\000\040\171\357\122\006\145\271\172\013}{chapter.77}% 1037
\BOOKMARK [2][-]{subsection.77.2.1}{\376\377\0002\0001\0008\000.\0001\000\040\220\020\153\041\220\074\217\321\116\016\000\040\000N\000e\000u\000m\000a\000n\000n\000\040\176\247\145\160}{section.77.2}% 1038
\BOOKMARK [2][-]{subsection.77.2.2}{\376\377\0002\0001\0008\000.\0002\000\040\000V\000o\000l\000t\000e\000r\000r\000a\000\040\145\271\172\013\116\016\136\070\137\256\122\006\145\271\172\013}{section.77.2}% 1039
\BOOKMARK [2][-]{subsection.77.2.3}{\376\377\0002\0001\0008\000.\0003\000\040\000A\000b\000e\000l\000\040\171\357\122\006\145\271\172\013}{section.77.2}% 1040
\BOOKMARK [1][-]{section.77.3}{\376\377\173\054\0001\0008\0008\172\340\377\032\131\107\137\002\140\047\171\357\122\006\145\271\172\013}{chapter.77}% 1041
\BOOKMARK [2][-]{subsection.77.3.1}{\376\377\0002\0001\0009\000.\0001\000\040\000C\000a\000u\000c\000h\000y\000\040\150\070\116\016\000\040\000P\000l\000e\000m\000e\000l\000j\000\040\121\154\137\017}{section.77.3}% 1042
\BOOKMARK [2][-]{subsection.77.3.2}{\376\377\0002\0001\0009\000.\0002\000\040\000R\000i\000e\000m\000a\000n\000n\000-\000H\000i\000l\000b\000e\000r\000t\000\040\225\356\230\230}{section.77.3}% 1043
\BOOKMARK [2][-]{subsection.77.3.3}{\376\377\0002\0001\0009\000.\0003\000\040\131\107\137\002\171\357\122\006\173\227\133\120\166\204\147\011\165\114\140\047}{section.77.3}% 1044
\BOOKMARK [1][-]{section.77.4}{\376\377\173\054\0001\0008\0009\172\340\377\032\000W\000i\000e\000n\000e\000r\000-\000H\000o\000p\000f\000\040\171\357\122\006\145\271\172\013\116\016\000\040\000W\000i\000e\000n\000e\000r\000-\000H\000o\000p\000f\000\040\145\271\154\325}{chapter.77}% 1045
\BOOKMARK [1][-]{section.77.5}{\376\377\173\054\0001\0009\0000\172\340\377\032\171\357\122\006\145\271\172\013\166\204\145\160\120\074\145\271\154\325}{chapter.77}% 1046
\BOOKMARK [2][-]{subsection.77.5.1}{\376\377\0002\0002\0001\000.\0001\000\040\000G\000a\000l\000e\000r\000k\000i\000n\000\040\154\325\116\016\221\115\177\156\154\325}{section.77.5}% 1047
\BOOKMARK [2][-]{subsection.77.5.2}{\376\377\0002\0002\0001\000.\0002\000\040\000N\000y\000s\000t\000r\000\366\000m\000\040\154\325}{section.77.5}% 1048
\BOOKMARK [2][-]{subsection.77.5.3}{\376\377\0002\0002\0001\000.\0003\000\040\220\000\123\026\150\070\220\074\217\321}{section.77.5}% 1049
\BOOKMARK [2][-]{subsection.77.5.4}{\376\377\0002\0002\0001\000.\0004\000\040\116\015\220\002\133\232\225\356\230\230\116\016\153\143\122\031\123\026}{section.77.5}% 1050
\BOOKMARK [2][-]{subsection.77.5.5}{\376\377\171\357\122\006\145\271\172\013\145\160\120\074\145\271\154\325\166\204\163\260\116\343\217\333\134\125}{section.77.5}% 1051
\BOOKMARK [1][-]{section.77.6}{\376\377\173\054\0001\0009\0001\172\340\377\032\171\357\122\006\145\271\172\013\127\050\145\160\133\146\162\151\164\006\116\055\166\204\136\224\165\050}{chapter.77}% 1052
\BOOKMARK [2][-]{subsection.77.6.1}{\376\377\171\357\122\006\145\271\172\013\164\006\213\272\166\204\123\206\123\362\116\016\134\125\147\033}{section.77.6}% 1053
\BOOKMARK [0][-]{chapter.78}{\376\377\0000\0006\000-\122\006\147\220\000/\0000\0004\000-\173\227\133\120\116\343\145\160\000/\0000\0003\000-\142\323\142\121\124\021\221\317\172\172\225\364\116\016\122\006\136\003\000.\000m\000d}{}% 1054
\BOOKMARK [1][-]{section.78.1}{\376\377\173\054\0001\0009\0002\172\340\377\032\142\323\142\121\124\021\221\317\172\172\225\364}{chapter.78}% 1055
\BOOKMARK [2][-]{subsection.78.1.1}{\376\377\142\323\142\121\124\021\221\317\172\172\225\364\127\372\170\100}{section.78.1}% 1056
\BOOKMARK [2][-]{subsection.78.1.2}{\376\377\000F\000r\000\351\000c\000h\000e\000t\000\040\172\172\225\364\116\016\000\040\000L\000F\000\040\172\172\225\364}{section.78.1}% 1057
\BOOKMARK [2][-]{subsection.78.1.3}{\376\377\000K\000r\000e\000i\000n\000-\000M\000i\000l\000m\000a\000n\000\040\133\232\164\006\116\016\000\040\000C\000h\000o\000q\000u\000e\000t\000\040\164\006\213\272}{section.78.1}% 1058
\BOOKMARK [1][-]{section.78.2}{\376\377\173\054\0001\0009\0003\172\340\377\032\214\061\164\006\213\272\377\010\210\145\121\105\377\011}{chapter.78}% 1059
\BOOKMARK [2][-]{subsection.78.2.1}{\376\377\214\061\155\113\136\246\116\016\214\061\171\357\122\006}{section.78.2}% 1060
\BOOKMARK [2][-]{subsection.78.2.2}{\376\377\214\061\221\315\145\160\116\016\147\054\215\050\214\061}{section.78.2}% 1061
\BOOKMARK [1][-]{section.78.3}{\376\377\173\054\0001\0009\0004\172\340\377\032\122\006\136\003\164\006\213\272}{chapter.78}% 1062
\BOOKMARK [2][-]{subsection.78.3.1}{\376\377\000S\000c\000h\000w\000a\000r\000t\000z\000\040\172\172\225\364\116\016\177\023\130\236\122\006\136\003}{section.78.3}% 1063
\BOOKMARK [2][-]{subsection.78.3.2}{\376\377\122\006\136\003\166\204\134\100\220\350\164\006\213\272\116\016\175\047\145\057\144\221\122\006\136\003}{section.78.3}% 1064
\BOOKMARK [2][-]{subsection.78.3.3}{\376\377\122\006\136\003\166\204\127\372\147\054\217\320\173\227}{section.78.3}% 1065
\BOOKMARK [2][-]{subsection.78.3.4}{\376\377\127\372\147\054\211\343\116\016\000\040\000M\000a\000l\000g\000r\000a\000n\000g\000e\000-\000E\000h\000r\000e\000n\000p\000r\000e\000i\000s\000\040\133\232\164\006}{section.78.3}% 1066
\BOOKMARK [2][-]{subsection.78.3.5}{\376\377\000F\000o\000u\000r\000i\000e\000r\000\040\123\330\143\142\127\050\000\040\000\134\000m\000a\000t\000h\000c\000a\000l\000\173\000S\000\175\000\047\000\050\000\134\000m\000a\000t\000h\000b\000b\000\173\000R\000\175\000\136\003\002\000n\000\051\000\040\116\012\166\204\133\232\116\111}{section.78.3}% 1067
\BOOKMARK [2][-]{subsection.78.3.6}{\376\377\000S\000o\000b\000o\000l\000e\000v\000\040\172\172\225\364\166\204\122\006\136\003\133\232\116\111}{section.78.3}% 1068
\BOOKMARK [0][-]{chapter.79}{\376\377\0000\0006\000-\122\006\147\220\000/\0000\0005\000-\214\003\124\214\122\006\147\220\000/\0000\0002\000-\000L\000i\000t\000t\000l\000e\000w\000o\000o\000d\000-\000P\000a\000l\000e\000y\000.\000m\000d}{}% 1069
\BOOKMARK [1][-]{section.79.1}{\376\377\173\054\0001\0009\0005\172\340\377\032\000L\000i\000t\000t\000l\000e\000w\000o\000o\000d\000-\000P\000a\000l\000e\000y\164\006\213\272}{chapter.79}% 1070
\BOOKMARK [2][-]{subsection.79.1.1}{\376\377\116\214\217\333\122\006\211\343}{section.79.1}% 1071
\BOOKMARK [2][-]{subsection.79.1.2}{\376\377\136\163\145\271\121\375\145\160}{section.79.1}% 1072
\BOOKMARK [2][-]{subsection.79.1.3}{\376\377\000B\000M\000O\172\172\225\364\116\016\000J\000o\000h\000n\000-\000N\000i\000r\000e\000n\000b\000e\000r\000g\116\015\173\111\137\017}{section.79.1}% 1073
\BOOKMARK [2][-]{subsection.79.1.4}{\376\377\000H\000a\000r\000d\000y\172\172\225\364\000H\000\136\003\002\000p\166\204\123\237\133\120\122\006\211\343}{section.79.1}% 1074
\BOOKMARK [2][-]{subsection.79.1.5}{\376\377\000H\000\136\003\002\0001\116\016\000B\000M\000O\166\204\133\371\120\166\140\047}{section.79.1}% 1075
\BOOKMARK [2][-]{subsection.79.1.6}{\376\377\000C\000a\000r\000l\000e\000s\000o\000n\155\113\136\246\116\016\136\020\173\367\172\172\225\364}{section.79.1}% 1076
\BOOKMARK [2][-]{subsection.79.1.7}{\376\377\121\375\145\160\172\172\225\364\166\204\000L\000i\000t\000t\000l\000e\000w\000o\000o\000d\000-\000P\000a\000l\000e\000y\176\337\116\000\122\073\165\073}{section.79.1}% 1077
\BOOKMARK [2][-]{subsection.79.1.8}{\376\377\116\377\171\357\116\016\000B\000o\000n\000y\122\006\211\343}{section.79.1}% 1078
\BOOKMARK [2][-]{subsection.79.1.9}{\376\377\000T\000\050\0001\000\051\133\232\164\006}{section.79.1}% 1079
\BOOKMARK [1][-]{section.79.2}{\376\377\173\054\0001\0009\0006\172\340\377\032\000F\000o\000u\000r\000i\000e\000r\000\040\123\330\143\142}{chapter.79}% 1080
\BOOKMARK [2][-]{subsection.79.2.1}{\376\377\0001\0002\0003\000.\0001\000\040\000L\000\136\003\002\0001\000\040\164\006\213\272}{section.79.2}% 1081
\BOOKMARK [2][-]{subsection.79.2.2}{\376\377\0001\0002\0003\000.\0002\000\040\000L\000\136\003\002\0002\000\040\164\006\213\272\116\016\000\040\000P\000l\000a\000n\000c\000h\000e\000r\000e\000l\000\040\133\232\164\006}{section.79.2}% 1082
\BOOKMARK [2][-]{subsection.79.2.3}{\376\377\0001\0002\0003\000.\0003\000\040\000S\000c\000h\000w\000a\000r\000t\000z\000\040\172\172\225\364\116\016\177\023\130\236\122\006\136\003}{section.79.2}% 1083
\BOOKMARK [2][-]{subsection.79.2.4}{\376\377\0001\0002\0003\000.\0004\000\040\000P\000o\000i\000s\000s\000o\000n\000\040\154\102\124\214\121\154\137\017}{section.79.2}% 1084
\BOOKMARK [1][-]{section.79.3}{\376\377\173\054\0001\0009\0007\172\340\377\032\131\107\137\002\171\357\122\006}{chapter.79}% 1085
\BOOKMARK [2][-]{subsection.79.3.1}{\376\377\0001\0002\0004\000.\0001\000\040\000H\000i\000l\000b\000e\000r\000t\000\040\123\330\143\142}{section.79.3}% 1086
\BOOKMARK [2][-]{subsection.79.3.2}{\376\377\0001\0002\0004\000.\0002\000\040\000C\000a\000l\000d\000e\000r\000\363\000n\000-\000Z\000y\000g\000m\000u\000n\000d\000\040\122\006\211\343}{section.79.3}% 1087
\BOOKMARK [2][-]{subsection.79.3.3}{\376\377\0001\0002\0004\000.\0003\000\040\131\107\137\002\171\357\122\006\173\227\133\120}{section.79.3}% 1088
\BOOKMARK [2][-]{subsection.79.3.4}{\376\377\0001\0002\0004\000.\0004\000\040\000M\000a\000r\000c\000i\000n\000k\000i\000e\000w\000i\000c\000z\000\040\143\322\120\074\133\232\164\006}{section.79.3}% 1089
\BOOKMARK [2][-]{subsection.79.3.5}{\376\377\000C\000a\000l\000d\000e\000r\000\363\000n\000-\000Z\000y\000g\000m\000u\000n\000d\164\006\213\272\166\204\163\260\116\343\123\321\134\125}{section.79.3}% 1090
\BOOKMARK [1][-]{section.79.4}{\376\377\173\054\0001\0009\0008\172\340\377\032\000H\000a\000r\000d\000y\000-\000L\000i\000t\000t\000l\000e\000w\000o\000o\000d\000\040\147\201\131\047\121\375\145\160}{chapter.79}% 1091
\BOOKMARK [2][-]{subsection.79.4.1}{\376\377\0001\0002\0005\000.\0001\000\040\000H\000a\000r\000d\000y\000-\000L\000i\000t\000t\000l\000e\000w\000o\000o\000d\000\040\147\201\131\047\121\375\145\160}{section.79.4}% 1092
\BOOKMARK [2][-]{subsection.79.4.2}{\376\377\0001\0002\0005\000.\0002\000\040\121\166\116\326\147\201\131\047\121\375\145\160}{section.79.4}% 1093
\BOOKMARK [2][-]{subsection.79.4.3}{\376\377\0001\0002\0005\000.\0003\000\040\122\240\147\103\116\015\173\111\137\017}{section.79.4}% 1094
\BOOKMARK [2][-]{subsection.79.4.4}{\376\377\147\201\131\047\121\375\145\160\116\016\214\003\124\214\122\006\147\220\166\204\176\337\116\000\145\271\154\325}{section.79.4}% 1095
\BOOKMARK [0][-]{chapter.80}{\376\377\0000\0006\000-\122\006\147\220\000/\0000\0005\000-\214\003\124\214\122\006\147\220\000/\0000\0003\000-\142\275\214\141\214\003\124\214\116\016\171\357\122\006\123\330\143\142\000.\000m\000d}{}% 1096
\BOOKMARK [1][-]{section.80.1}{\376\377\173\054\0001\0009\0009\172\340\377\032\134\100\220\350\175\047\000A\000b\000e\000l\177\244\116\012\166\204\214\003\124\214\122\006\147\220}{chapter.80}% 1097
\BOOKMARK [2][-]{subsection.80.1.1}{\376\377\000H\000a\000a\000r\155\113\136\246\116\016\123\167\171\357\116\343\145\160}{section.80.1}% 1098
\BOOKMARK [2][-]{subsection.80.1.2}{\376\377\116\015\170\156\133\232\140\047\123\237\164\006\166\204\142\275\214\141\137\142\137\017}{section.80.1}% 1099
\BOOKMARK [2][-]{subsection.80.1.3}{\376\377\122\006\145\160\226\066\000F\000o\000u\000r\000i\000e\000r\123\330\143\142}{section.80.1}% 1100
\BOOKMARK [1][-]{section.80.2}{\376\377\173\054\0002\0000\0000\172\340\377\032\171\357\122\006\123\330\143\142\155\361\123\026}{chapter.80}% 1101
\BOOKMARK [2][-]{subsection.80.2.1}{\376\377\000M\000e\000l\000l\000i\000n\123\330\143\142}{section.80.2}% 1102
\BOOKMARK [2][-]{subsection.80.2.2}{\376\377\000L\000a\000p\000l\000a\000c\000e\123\330\143\142\116\016\000B\000r\000o\000m\000w\000i\000c\000h\123\315\157\024}{section.80.2}% 1103
\BOOKMARK [2][-]{subsection.80.2.3}{\376\377\000H\000a\000n\000k\000e\000l\123\330\143\142}{section.80.2}% 1104
\BOOKMARK [2][-]{subsection.80.2.4}{\376\377\134\017\154\342\123\330\143\142\116\016\131\032\134\072\136\246\122\006\147\220}{section.80.2}% 1105
\BOOKMARK [2][-]{subsection.80.2.5}{\376\377\000G\000a\000b\000o\000r\123\330\143\142\116\016\167\355\145\366\000F\000o\000u\000r\000i\000e\000r\123\330\143\142}{section.80.2}% 1106
\BOOKMARK [0][-]{chapter.81}{\376\377\0000\0006\000-\122\006\147\220\000/\0000\0005\000-\214\003\124\214\122\006\147\220\000/\0000\0004\000-\134\017\154\342\116\016\221\307\150\067\000.\000m\000d}{}% 1107
\BOOKMARK [1][-]{section.81.1}{\376\377\173\054\0002\0000\0001\172\340\377\032\000F\000o\000u\000r\000i\000e\000r\000\040\122\006\147\220\116\016\221\307\150\067\164\006\213\272}{chapter.81}% 1108
\BOOKMARK [2][-]{subsection.81.1.1}{\376\377\0002\0008\0002\000.\0001\000\040\000F\000o\000u\000r\000i\000e\000r\000\040\123\330\143\142\166\204\127\372\147\054\164\006\213\272}{section.81.1}% 1109
\BOOKMARK [2][-]{subsection.81.1.2}{\376\377\0002\0008\0002\000.\0002\000\040\171\273\145\143\000\040\000F\000o\000u\000r\000i\000e\000r\000\040\123\330\143\142}{section.81.1}% 1110
\BOOKMARK [2][-]{subsection.81.1.3}{\376\377\0002\0008\0002\000.\0003\000\040\000N\000y\000q\000u\000i\000s\000t\000-\000S\000h\000a\000n\000n\000o\000n\000\040\221\307\150\067\133\232\164\006}{section.81.1}% 1111
\BOOKMARK [1][-]{section.81.2}{\376\377\173\054\0002\0000\0002\172\340\377\032\131\032\122\006\217\250\122\006\147\220\116\016\134\017\154\342\164\006\213\272}{chapter.81}% 1112
\BOOKMARK [2][-]{subsection.81.2.1}{\376\377\0002\0008\0003\000.\0001\000\040\217\336\176\355\134\017\154\342\123\330\143\142}{section.81.2}% 1113
\BOOKMARK [2][-]{subsection.81.2.2}{\376\377\0002\0008\0003\000.\0002\000\040\131\032\122\006\217\250\122\006\147\220\377\010\000M\000R\000A\377\011}{section.81.2}% 1114
\BOOKMARK [2][-]{subsection.81.2.3}{\376\377\0002\0008\0003\000.\0003\000\040\000B\000e\000s\000o\000v\000\040\172\172\225\364\116\016\134\017\154\342\174\373\145\160\122\073\165\073}{section.81.2}% 1115
\BOOKMARK [2][-]{subsection.81.2.4}{\376\377\134\017\154\342\164\006\213\272\166\204\163\260\116\343\123\321\134\125\116\016\131\032\134\072\136\246\122\006\147\220}{section.81.2}% 1116
\BOOKMARK [1][-]{section.81.3}{\376\377\173\054\0002\0000\0003\172\340\377\032\123\330\122\006\154\325\116\016\120\117\137\256\122\006\145\271\172\013}{chapter.81}% 1117
\BOOKMARK [2][-]{subsection.81.3.1}{\376\377\0002\0008\0004\000.\0001\000\040\121\150\123\330\135\356\154\333\121\375\116\016\000\040\000R\000O\000F\000\040\152\041\127\213}{section.81.3}% 1118
\BOOKMARK [2][-]{subsection.81.3.2}{\376\377\0002\0008\0004\000.\0002\000\040\000M\000u\000m\000f\000o\000r\000d\000-\000S\000h\000a\000h\000\040\154\333\121\375\116\016\201\352\165\061\217\271\165\114\225\356\230\230}{section.81.3}% 1119
\BOOKMARK [2][-]{subsection.81.3.3}{\376\377\0002\0008\0004\000.\0003\000\040\121\340\117\125\000\040\000P\000D\000E\000\040\116\016\123\330\122\006\121\111\155\101}{section.81.3}% 1120
\BOOKMARK [2][-]{subsection.81.3.4}{\376\377\123\330\122\006\154\325\116\016\126\376\120\317\131\004\164\006\166\204\145\160\133\146\176\337\116\000}{section.81.3}% 1121
\BOOKMARK [1][-]{section.81.4}{\376\377\173\054\0002\0000\0004\172\340\377\032\123\213\177\051\141\037\167\345\116\016\172\000\165\217\140\142\131\015\164\006\213\272}{chapter.81}% 1122
\BOOKMARK [2][-]{subsection.81.4.1}{\376\377\0002\0008\0005\000.\0001\000\040\172\000\165\217\140\047\116\016\000\040\000\134\000e\000l\000l\000\137\0000\000\040\225\356\230\230}{section.81.4}% 1123
\BOOKMARK [2][-]{subsection.81.4.2}{\376\377\0002\0008\0005\000.\0002\000\040\000\134\000e\000l\000l\000\137\0001\000\040\147\176\137\033\116\016\226\120\122\066\173\111\215\335\140\047\215\050\377\010\000R\000I\000P\377\011}{section.81.4}% 1124
\BOOKMARK [2][-]{subsection.81.4.3}{\376\377\0002\0008\0005\000.\0003\000\040\172\000\165\217\140\142\131\015\166\204\145\160\133\146\145\271\154\325\213\304\217\360}{section.81.4}% 1125
\BOOKMARK [2][-]{subsection.81.4.4}{\376\377\123\213\177\051\141\037\167\345\166\204\164\006\213\272\142\151\134\125\116\016\122\115\154\277}{section.81.4}% 1126
\BOOKMARK [0][-]{chapter.82}{\376\377\0000\0006\000-\122\006\147\220\000/\0000\0005\000-\214\003\124\214\122\006\147\220\000/\0000\0005\000-\176\317\121\170\122\277\213\272\000.\000m\000d}{}% 1127
\BOOKMARK [1][-]{section.82.1}{\376\377\173\054\0002\0000\0005\172\340\377\032\176\317\121\170\122\277\213\272\116\016\000R\000i\000e\000s\000z\117\115\122\277}{chapter.82}% 1128
\BOOKMARK [2][-]{subsection.82.1.1}{\376\377\214\003\124\214\121\375\145\160\116\016\127\107\120\074\140\047\215\050}{section.82.1}% 1129
\BOOKMARK [2][-]{subsection.82.1.2}{\376\377\116\012\214\003\124\214\121\375\145\160\116\016\000P\000e\000r\000r\000o\000n\145\271\154\325}{section.82.1}% 1130
\BOOKMARK [2][-]{subsection.82.1.3}{\376\377\000N\000e\000w\000t\000o\000n\117\115\122\277\116\016\000R\000i\000e\000s\000z\117\115\122\277}{section.82.1}% 1131
\BOOKMARK [2][-]{subsection.82.1.4}{\376\377\000G\000r\000e\000e\000n\121\375\145\160\116\016\000D\000i\000r\000i\000c\000h\000l\000e\000t\225\356\230\230}{section.82.1}% 1132
\BOOKMARK [2][-]{subsection.82.1.5}{\376\377\133\271\221\317\164\006\213\272}{section.82.1}% 1133
\BOOKMARK [2][-]{subsection.82.1.6}{\376\377\147\201\226\306\116\016\176\306\142\323\142\121}{section.82.1}% 1134
\BOOKMARK [2][-]{subsection.82.1.7}{\376\377\122\277\213\272\116\055\166\204\200\375\221\317\145\271\154\325}{section.82.1}% 1135
\BOOKMARK [2][-]{subsection.82.1.8}{\376\377\000M\000a\000r\000t\000i\000n\217\271\165\114\116\016\153\143\214\003\124\214\121\375\145\160}{section.82.1}% 1136
\BOOKMARK [0][-]{chapter.83}{\376\377\0000\0006\000-\122\006\147\220\000/\0000\0005\000-\214\003\124\214\122\006\147\220\000/\0000\0006\000-\171\357\122\006\123\330\143\142\000.\000m\000d}{}% 1137
\BOOKMARK [0][-]{chapter.84}{\376\377\171\357\122\006\123\330\143\142}{}% 1138
\BOOKMARK [1][-]{section.84.1}{\376\377\173\054\0002\0000\0006\172\340\377\032\000F\000o\000u\000r\000i\000e\000r\123\330\143\142\116\016\000L\000a\000p\000l\000a\000c\000e\123\330\143\142}{chapter.84}% 1139
\BOOKMARK [2][-]{subsection.84.1.1}{\376\377\0001\0005\0003\000.\0001\000\040\000F\000o\000u\000r\000i\000e\000r\123\330\143\142\127\050\000L\0001\124\214\000L\0002\116\012\166\204\164\006\213\272}{section.84.1}% 1140
\BOOKMARK [2][-]{subsection.84.1.2}{\376\377\0001\0005\0003\000.\0002\000\040\000F\000o\000u\000r\000i\000e\000r\123\315\157\024\121\154\137\017\116\016\000P\000a\000r\000s\000e\000v\000a\000l\000-\000P\000l\000a\000n\000c\000h\000e\000r\000e\000l\133\232\164\006}{section.84.1}% 1141
\BOOKMARK [2][-]{subsection.84.1.3}{\376\377\0001\0005\0003\000.\0003\000\040\000L\000a\000p\000l\000a\000c\000e\123\330\143\142\166\204\133\232\116\111\116\016\145\066\145\133\127\337}{section.84.1}% 1142
\BOOKMARK [2][-]{subsection.84.1.4}{\376\377\0001\0005\0003\000.\0004\000\040\123\167\171\357\133\232\164\006\116\016\000A\000b\000e\000l\000-\000A\000s\000k\000e\000y\133\232\164\006}{section.84.1}% 1143
\BOOKMARK [2][-]{subsection.84.1.5}{\376\377\0001\0005\0003\000.\0005\000\040\000F\000o\000u\000r\000i\000e\000r\123\330\143\142\116\016\000L\000a\000p\000l\000a\000c\000e\123\330\143\142\166\204\121\163\174\373}{section.84.1}% 1144
\BOOKMARK [1][-]{section.84.2}{\376\377\173\054\0002\0000\0007\172\340\377\032\121\166\116\326\221\315\211\201\171\357\122\006\123\330\143\142}{chapter.84}% 1145
\BOOKMARK [2][-]{subsection.84.2.1}{\376\377\0001\0005\0004\000.\0001\000\040\000M\000e\000l\000l\000i\000n\123\330\143\142}{section.84.2}% 1146
\BOOKMARK [2][-]{subsection.84.2.2}{\376\377\0001\0005\0004\000.\0002\000\040\000M\000e\000l\000l\000i\000n\123\330\143\142\127\050\145\160\213\272\116\055\166\204\136\224\165\050}{section.84.2}% 1147
\BOOKMARK [2][-]{subsection.84.2.3}{\376\377\0001\0005\0004\000.\0003\000\040\000H\000a\000n\000k\000e\000l\123\330\143\142\116\016\137\204\124\021\121\375\145\160\166\204\000F\000o\000u\000r\000i\000e\000r\123\330\143\142}{section.84.2}% 1148
\BOOKMARK [2][-]{subsection.84.2.4}{\376\377\0001\0005\0004\000.\0004\000\040\000R\000a\000d\000o\000n\123\330\143\142\116\016\000C\000T\142\153\143\317\166\204\145\160\133\146\123\237\164\006}{section.84.2}% 1149
\BOOKMARK [2][-]{subsection.84.2.5}{\376\377\0001\0005\0004\000.\0005\000\040\134\017\154\342\123\330\143\142}{section.84.2}% 1150
\BOOKMARK [1][-]{section.84.3}{\376\377\173\054\0002\0000\0008\172\340\377\032\171\357\122\006\123\330\143\142\127\050\120\117\137\256\122\006\145\271\172\013\116\055\166\204\136\224\165\050}{chapter.84}% 1151
\BOOKMARK [0][-]{chapter.85}{\376\377\0000\0007\000-\142\323\142\121\116\016\121\340\117\125\000/\0000\0006\000-\145\164\117\123\122\006\147\220\116\016\143\007\150\007\164\006\213\272\000.\000m\000d}{}% 1152
\BOOKMARK [0][-]{chapter.86}{\376\377\145\164\117\123\122\006\147\220\116\016\143\007\150\007\164\006\213\272}{}% 1153
\BOOKMARK [1][-]{section.86.1}{\376\377\173\054\0002\0007\0007\172\340\377\032\000A\000t\000i\000y\000a\000h\000-\000S\000i\000n\000g\000e\000r\143\007\150\007\133\232\164\006}{chapter.86}% 1154
\BOOKMARK [2][-]{subsection.86.1.1}{\376\377\000x\000.\0001\000\040\151\055\127\006\173\227\133\120\116\016\000F\000r\000e\000d\000h\000o\000l\000m\140\047\215\050}{section.86.1}% 1155
\BOOKMARK [2][-]{subsection.86.1.2}{\376\377\000x\000.\0002\000\040\143\007\150\007\166\204\133\232\116\111\116\016\124\014\117\046\116\015\123\330\140\047}{section.86.1}% 1156
\BOOKMARK [2][-]{subsection.86.1.3}{\376\377\000x\000.\0003\000\040\000D\000i\000r\000a\000c\173\227\133\120\166\204\000L\000i\000c\000h\000n\000e\000r\000o\000w\000i\000c\000z\121\154\137\017}{section.86.1}% 1157
\BOOKMARK [2][-]{subsection.86.1.4}{\376\377\000x\000.\0004\000\040\000A\000t\000i\000y\000a\000h\000-\000S\000i\000n\000g\000e\000r\143\007\150\007\133\232\164\006\166\204\000K\164\006\213\272\213\301\146\016}{section.86.1}% 1158
\BOOKMARK [2][-]{subsection.86.1.5}{\376\377\000x\000.\0005\000\040\160\355\150\070\213\301\146\016\145\271\154\325}{section.86.1}% 1159
\BOOKMARK [2][-]{subsection.86.1.6}{\376\377\000x\000.\0006\000\040\000G\000a\000u\000\337\000-\000B\000o\000n\000n\000e\000t\000-\000C\000h\000e\000r\000n\133\232\164\006\117\134\116\072\162\171\117\213}{section.86.1}% 1160
\BOOKMARK [1][-]{section.86.2}{\376\377\173\054\0002\0007\0008\172\340\377\032\000M\000o\000r\000s\000e\164\006\213\272\116\016\123\330\122\006\154\325}{chapter.86}% 1161
\BOOKMARK [2][-]{subsection.86.2.1}{\376\377\000x\000+\0001\000.\0001\000\040\000M\000o\000r\000s\000e\137\025\164\006}{section.86.2}% 1162
\BOOKMARK [2][-]{subsection.86.2.2}{\376\377\000x\000+\0001\000.\0002\000\040\000M\000o\000r\000s\000e\116\015\173\111\137\017}{section.86.2}% 1163
\BOOKMARK [2][-]{subsection.86.2.3}{\376\377\000x\000+\0001\000.\0003\000\040\000M\000o\000r\000s\000e\124\014\214\003\116\016\000S\000m\000a\000l\000e\147\141\116\366}{section.86.2}% 1164
\BOOKMARK [2][-]{subsection.86.2.4}{\376\377\000x\000+\0001\000.\0004\000\040\000F\000l\000o\000e\000r\124\014\214\003\173\200\116\313}{section.86.2}% 1165
\BOOKMARK [1][-]{section.86.3}{\376\377\173\054\0002\0007\0009\172\340\377\032\000C\000h\000e\000r\000n\000-\000W\000e\000i\000l\164\006\213\272\116\016\171\072\140\047\174\173}{chapter.86}% 1166
\BOOKMARK [2][-]{subsection.86.3.1}{\376\377\000x\000+\0002\000.\0001\000\040\000C\000h\000e\000r\000n\200\124\176\334\116\016\146\362\163\207}{section.86.3}% 1167
\BOOKMARK [2][-]{subsection.86.3.2}{\376\377\000x\000+\0002\000.\0002\000\040\000C\000h\000e\000r\000n\000-\000W\000e\000i\000l\124\014\140\001}{section.86.3}% 1168
\BOOKMARK [2][-]{subsection.86.3.3}{\376\377\000x\000+\0002\000.\0003\000\040\000C\000h\000e\000r\000n\174\173\166\204\121\154\164\006\123\026\143\317\217\360}{section.86.3}% 1169
\BOOKMARK [2][-]{subsection.86.3.4}{\376\377\000x\000+\0002\000.\0004\000\040\000P\000o\000n\000t\000r\000y\000a\000g\000i\000n\174\173\116\016\000E\000u\000l\000e\000r\174\173}{section.86.3}% 1170
\BOOKMARK [2][-]{subsection.86.3.5}{\376\377\000x\000+\0002\000.\0005\000\040\226\110\000-\000S\000i\000m\000o\000n\000s\137\142\137\017\116\016\153\041\211\201\171\072\140\047\174\173}{section.86.3}% 1171
\BOOKMARK [0][-]{chapter.87}{\376\377\0000\0007\000-\142\323\142\121\116\016\121\340\117\125\000/\0000\0001\000-\142\323\142\121\133\146\000/\0000\0001\000-\142\323\142\121\172\172\225\364\116\016\127\372\147\054\177\244\000.\000m\000d}{}% 1172
\BOOKMARK [1][-]{section.87.1}{\376\377\173\054\0002\0001\0002\172\340\377\032\142\323\142\121\172\172\225\364\127\372\170\100}{chapter.87}% 1173
\BOOKMARK [2][-]{subsection.87.1.1}{\376\377\0005\0007\000.\0001\000\040\142\323\142\121\172\172\225\364\166\204\133\232\116\111}{section.87.1}% 1174
\BOOKMARK [2][-]{subsection.87.1.2}{\376\377\0005\0007\000.\0002\000\040\142\323\142\121\166\204\127\372\116\016\133\120\127\372}{section.87.1}% 1175
\BOOKMARK [2][-]{subsection.87.1.3}{\376\377\0005\0007\000.\0003\000\040\136\070\211\301\142\323\142\121\116\076\117\213}{section.87.1}% 1176
\BOOKMARK [2][-]{subsection.87.1.4}{\376\377\0005\0007\000.\0004\000\040\217\336\176\355\146\040\134\004\116\016\124\014\200\332}{section.87.1}% 1177
\BOOKMARK [2][-]{subsection.87.1.5}{\376\377\0005\0007\000.\0005\000\040\133\120\172\172\225\364\142\323\142\121}{section.87.1}% 1178
\BOOKMARK [2][-]{subsection.87.1.6}{\376\377\0005\0007\000.\0006\000\040\171\357\172\172\225\364}{section.87.1}% 1179
\BOOKMARK [2][-]{subsection.87.1.7}{\376\377\0005\0007\000.\0007\000\040\125\106\172\172\225\364}{section.87.1}% 1180
\BOOKMARK [2][-]{subsection.87.1.8}{\376\377\0005\0007\000.\0008\000\040\177\121\116\016\145\066\145\133}{section.87.1}% 1181
\BOOKMARK [1][-]{section.87.2}{\376\377\173\054\0002\0001\0003\172\340\377\032\217\336\220\032\140\047\116\016\175\047\201\364\140\047}{chapter.87}% 1182
\BOOKMARK [2][-]{subsection.87.2.1}{\376\377\0005\0008\000.\0001\000\040\217\336\220\032\140\047}{section.87.2}% 1183
\BOOKMARK [2][-]{subsection.87.2.2}{\376\377\0005\0008\000.\0002\000\040\175\047\201\364\140\047}{section.87.2}% 1184
\BOOKMARK [2][-]{subsection.87.2.3}{\376\377\0005\0008\000.\0003\000\040\000T\000y\000c\000h\000o\000n\000o\000f\000f\000\040\133\232\164\006}{section.87.2}% 1185
\BOOKMARK [2][-]{subsection.87.2.4}{\376\377\0005\0008\000.\0004\000\040\134\100\220\350\175\047\201\364\116\016\175\047\123\026}{section.87.2}% 1186
\BOOKMARK [2][-]{subsection.87.2.5}{\376\377\0005\0008\000.\0005\000\040\000U\000r\000y\000s\000o\000h\000n\000\040\137\025\164\006\116\016\000\040\000T\000i\000e\000t\000z\000e\000\040\142\151\137\040\133\232\164\006}{section.87.2}% 1187
\BOOKMARK [1][-]{section.87.3}{\376\377\173\054\0002\0001\0004\172\340\377\032\122\006\171\273\121\154\164\006\116\016\136\246\221\317\123\026}{chapter.87}% 1188
\BOOKMARK [2][-]{subsection.87.3.1}{\376\377\0005\0009\000.\0001\000\040\122\006\171\273\121\154\164\006}{section.87.3}% 1189
\BOOKMARK [2][-]{subsection.87.3.2}{\376\377\0005\0009\000.\0002\000\040\136\246\221\317\123\026\133\232\164\006}{section.87.3}% 1190
\BOOKMARK [1][-]{section.87.4}{\376\377\173\054\0002\0001\0005\172\340\377\032\127\372\147\054\177\244}{chapter.87}% 1191
\BOOKMARK [2][-]{subsection.87.4.1}{\376\377\0006\0000\000.\0001\000\040\124\014\117\046}{section.87.4}% 1192
\BOOKMARK [2][-]{subsection.87.4.2}{\376\377\0006\0000\000.\0002\000\040\127\372\147\054\177\244\166\204\133\232\116\111}{section.87.4}% 1193
\BOOKMARK [2][-]{subsection.87.4.3}{\376\377\0006\0000\000.\0003\000\040\127\372\147\054\177\244\166\204\213\241\173\227}{section.87.4}% 1194
\BOOKMARK [2][-]{subsection.87.4.4}{\376\377\0006\0000\000.\0004\000\040\000S\000e\000i\000f\000e\000r\000t\000-\000v\000a\000n\000\040\000K\000a\000m\000p\000e\000n\000\040\133\232\164\006}{section.87.4}% 1195
\BOOKMARK [2][-]{subsection.87.4.5}{\376\377\0006\0000\000.\0005\000\040\127\372\147\054\177\244\166\204\136\224\165\050}{section.87.4}% 1196
\BOOKMARK [2][-]{subsection.87.4.6}{\376\377\127\372\147\054\177\244\116\016\117\116\176\364\142\323\142\121\166\204\155\361\134\102\200\124\174\373}{section.87.4}% 1197
\BOOKMARK [0][-]{chapter.88}{\376\377\0000\0007\000-\142\323\142\121\116\016\121\340\117\125\000/\0000\0001\000-\142\323\142\121\133\146\000/\0000\0002\000-\211\206\123\340\172\172\225\364\000.\000m\000d}{}% 1198
\BOOKMARK [1][-]{section.88.1}{\376\377\173\054\0002\0001\0006\172\340\377\032\211\206\123\340\172\172\225\364\166\204\122\006\174\173}{chapter.88}% 1199
\BOOKMARK [2][-]{subsection.88.1.1}{\376\377\211\206\123\340\172\172\225\364\166\204\000\040\000G\000a\000l\000o\000i\000s\000\040\133\371\136\224\166\204\116\045\150\074\226\110\217\360}{section.88.1}% 1200
\BOOKMARK [2][-]{subsection.88.1.2}{\376\377\211\206\123\340\172\172\225\364\116\016\000\040\000G\000a\000l\000o\000i\000s\000\040\164\006\213\272\166\204\174\173\153\324}{section.88.1}% 1201
\BOOKMARK [2][-]{subsection.88.1.3}{\376\377\211\206\123\340\172\172\225\364\166\204\122\006\174\173\377\032\136\224\165\050\116\016\117\213\133\120}{section.88.1}% 1202
\BOOKMARK [1][-]{section.88.2}{\376\377\173\054\0002\0001\0007\172\340\377\032\211\206\123\340\172\172\225\364}{chapter.88}% 1203
\BOOKMARK [2][-]{subsection.88.2.1}{\376\377\0006\0001\000.\0001\000\040\211\206\123\340\172\172\225\364\166\204\133\232\116\111}{section.88.2}% 1204
\BOOKMARK [2][-]{subsection.88.2.2}{\376\377\0006\0001\000.\0002\000\040\143\320\123\107\140\047\215\050}{section.88.2}% 1205
\BOOKMARK [2][-]{subsection.88.2.3}{\376\377\0006\0001\000.\0003\000\040\211\206\123\340\172\172\225\364\116\016\127\372\147\054\177\244}{section.88.2}% 1206
\BOOKMARK [2][-]{subsection.88.2.4}{\376\377\0006\0001\000.\0004\000\040\211\206\123\340\123\330\143\142\177\244}{section.88.2}% 1207
\BOOKMARK [2][-]{subsection.88.2.5}{\376\377\0006\0001\000.\0005\000\040\211\206\123\340\172\172\225\364\166\204\136\224\165\050}{section.88.2}% 1208
\BOOKMARK [2][-]{subsection.88.2.6}{\376\377\000M\000a\000r\000t\000i\000n\000-\000L\000\366\000f\000\040\117\235\215\126\174\173\127\213\213\272\166\204\153\143\137\017\122\044\145\255\211\304\122\031}{section.88.2}% 1209
\BOOKMARK [2][-]{subsection.88.2.7}{\376\377\140\122\173\111\174\173\127\213\166\204\137\122\176\263\123\237\164\006\116\016\215\357\137\204\137\122\176\263\166\204\173\111\116\367\140\047}{section.88.2}% 1210
\BOOKMARK [2][-]{subsection.88.2.8}{\376\377\177\244\200\332\211\343\221\312}{section.88.2}% 1211
\BOOKMARK [2][-]{subsection.88.2.9}{\376\377\123\125\120\074\121\154\164\006}{section.88.2}% 1212
\BOOKMARK [2][-]{subsection.88.2.10}{\376\377\232\330\226\066\137\122\176\263\174\173\127\213\377\010\000H\000I\000T\000s\377\011}{section.88.2}% 1213
\BOOKMARK [2][-]{subsection.88.2.11}{\376\377\000h\000-\134\102\176\247}{section.88.2}% 1214
\BOOKMARK [2][-]{subsection.88.2.12}{\376\377\127\372\170\100\141\017\116\111}{section.88.2}% 1215
\BOOKMARK [2][-]{subsection.88.2.13}{\376\377\232\330\226\066\137\122\176\263\174\173\127\213\166\204\217\333\116\000\153\145\171\072\117\213}{section.88.2}% 1216
\BOOKMARK [2][-]{subsection.88.2.14}{\376\377\123\125\120\074\121\154\164\006\166\204\213\241\173\227\124\016\147\234}{section.88.2}% 1217
\BOOKMARK [0][-]{chapter.89}{\376\377\0000\0007\000-\142\323\142\121\116\016\121\340\117\125\000/\0000\0002\000-\137\256\122\006\121\340\117\125\000/\0000\0001\000-\146\362\176\277\116\016\146\362\227\142\000.\000m\000d}{}% 1218
\BOOKMARK [1][-]{section.89.1}{\376\377\173\054\0002\0001\0008\172\340\377\032\146\362\176\277\213\272}{chapter.89}% 1219
\BOOKMARK [2][-]{subsection.89.1.1}{\376\377\0006\0002\000.\0001\000\040\123\302\145\160\123\026\146\362\176\277}{section.89.1}% 1220
\BOOKMARK [2][-]{subsection.89.1.2}{\376\377\0006\0002\000.\0002\000\040\000F\000r\000e\000n\000e\000t\000\040\150\007\147\266}{section.89.1}% 1221
\BOOKMARK [2][-]{subsection.89.1.3}{\376\377\0006\0002\000.\0003\000\040\136\163\227\142\146\362\176\277}{section.89.1}% 1222
\BOOKMARK [1][-]{section.89.2}{\376\377\173\054\0002\0001\0009\172\340\377\032\146\362\227\142\213\272}{chapter.89}% 1223
\BOOKMARK [2][-]{subsection.89.2.1}{\376\377\0006\0003\000.\0001\000\040\153\143\122\031\146\362\227\142}{section.89.2}% 1224
\BOOKMARK [2][-]{subsection.89.2.2}{\376\377\0006\0003\000.\0002\000\040\173\054\116\000\127\372\147\054\137\142\137\017}{section.89.2}% 1225
\BOOKMARK [2][-]{subsection.89.2.3}{\376\377\0006\0003\000.\0003\000\040\173\054\116\214\127\372\147\054\137\142\137\017\116\016\154\325\146\362\163\207}{section.89.2}% 1226
\BOOKMARK [2][-]{subsection.89.2.4}{\376\377\0006\0003\000.\0004\000\040\000G\000a\000u\000s\000s\000\040\176\335\131\231\133\232\164\006}{section.89.2}% 1227
\BOOKMARK [2][-]{subsection.89.2.5}{\376\377\0006\0003\000.\0005\000\040\155\113\127\060\176\277\116\016\123\117\123\330\133\374\145\160}{section.89.2}% 1228
\BOOKMARK [1][-]{section.89.3}{\376\377\173\054\0002\0002\0000\172\340\377\032\000G\000a\000u\000\337\000-\000B\000o\000n\000n\000e\000t\133\232\164\006\377\010\133\214\145\164\134\100\220\350\116\016\121\150\134\100\213\301\146\016\377\011}{chapter.89}% 1229
\BOOKMARK [2][-]{subsection.89.3.1}{\376\377\0007\0003\000.\000x\000\040\155\073\122\250\150\007\147\266\154\325\116\016\000G\000a\000u\000\337\000-\000B\000o\000n\000n\000e\000t\134\100\220\350\133\232\164\006}{section.89.3}% 1230
\BOOKMARK [2][-]{subsection.89.3.2}{\376\377\0007\0003\000.\000y\000\040\121\150\134\100\000G\000a\000u\000\337\000-\000B\000o\000n\000n\000e\000t\133\232\164\006}{section.89.3}% 1231
\BOOKMARK [2][-]{subsection.89.3.3}{\376\377\0007\0003\000.\000z\000\040\155\073\122\250\150\007\147\266\154\325\116\013\166\204\000G\000a\000u\000\337\121\154\137\017\116\016\000C\000o\000d\000a\000z\000z\000i\000-\000M\000a\000i\000n\000a\000r\000d\000i\145\271\172\013\213\301\146\016}{section.89.3}% 1232
\BOOKMARK [1][-]{section.89.4}{\376\377\173\054\0002\0002\0001\172\340\377\032\173\111\215\335\135\114\121\145\116\016\000N\000a\000s\000h\135\114\121\145\133\232\164\006}{chapter.89}% 1233
\BOOKMARK [2][-]{subsection.89.4.1}{\376\377\0007\0004\000.\000x\000\040\000N\000a\000s\000h\000-\000M\000o\000s\000e\000r\226\220\121\375\145\160\133\232\164\006\116\016\173\111\215\335\135\114\121\145}{section.89.4}% 1234
\BOOKMARK [2][-]{subsection.89.4.2}{\376\377\0007\0004\000.\000y\000\040\000N\000a\000s\000h\135\114\121\145\133\232\164\006\166\204\226\110\217\360\116\016\213\301\146\016\151\202\211\201}{section.89.4}% 1235
\BOOKMARK [0][-]{chapter.90}{\376\377\0000\0007\000-\142\323\142\121\116\016\121\340\117\125\000/\0000\0002\000-\137\256\122\006\121\340\117\125\000/\0000\0002\000-\137\256\122\006\155\101\137\142\000.\000m\000d}{}% 1236
\BOOKMARK [1][-]{section.90.1}{\376\377\173\054\0002\0002\0002\172\340\377\032\137\256\122\006\155\101\137\142}{chapter.90}% 1237
\BOOKMARK [2][-]{subsection.90.1.1}{\376\377\0006\0004\000.\0001\000\040\137\256\122\006\155\101\137\142\166\204\133\232\116\111}{section.90.1}% 1238
\BOOKMARK [2][-]{subsection.90.1.2}{\376\377\0006\0004\000.\0002\000\040\122\007\172\172\225\364\116\016\122\007\146\040\134\004}{section.90.1}% 1239
\BOOKMARK [2][-]{subsection.90.1.3}{\376\377\0006\0004\000.\0003\000\040\124\021\221\317\127\072\116\016\000\040\000L\000i\000e\000\040\142\354\123\367}{section.90.1}% 1240
\BOOKMARK [2][-]{subsection.90.1.4}{\376\377\0006\0004\000.\0004\000\040\137\256\122\006\137\142\137\017}{section.90.1}% 1241
\BOOKMARK [2][-]{subsection.90.1.5}{\376\377\0006\0004\000.\0005\000\040\133\120\155\101\137\142\116\016\155\170\121\145}{section.90.1}% 1242
\BOOKMARK [1][-]{section.90.2}{\376\377\173\054\0002\0002\0003\172\340\377\032\000R\000i\000e\000m\000a\000n\000n\000\040\121\340\117\125}{chapter.90}% 1243
\BOOKMARK [2][-]{subsection.90.2.1}{\376\377\0006\0005\000.\0001\000\040\000R\000i\000e\000m\000a\000n\000n\000\040\136\246\221\317}{section.90.2}% 1244
\BOOKMARK [2][-]{subsection.90.2.2}{\376\377\0006\0005\000.\0002\000\040\000L\000e\000v\000i\000-\000C\000i\000v\000i\000t\000a\000\040\200\124\176\334}{section.90.2}% 1245
\BOOKMARK [2][-]{subsection.90.2.3}{\376\377\0006\0005\000.\0003\000\040\146\362\163\207}{section.90.2}% 1246
\BOOKMARK [2][-]{subsection.90.2.4}{\376\377\0006\0005\000.\0004\000\040\155\113\127\060\176\277}{section.90.2}% 1247
\BOOKMARK [1][-]{section.90.3}{\376\377\173\054\0002\0002\0004\172\340\377\032\146\362\163\207\116\016\142\323\142\121}{chapter.90}% 1248
\BOOKMARK [2][-]{subsection.90.3.1}{\376\377\0006\0006\000.\0001\000\040\116\214\176\364\140\305\137\142\377\032\000G\000a\000u\000s\000s\000-\000B\000o\000n\000n\000e\000t\000\040\133\232\164\006}{section.90.3}% 1249
\BOOKMARK [2][-]{subsection.90.3.2}{\376\377\0006\0006\000.\0002\000\040\232\330\176\364\143\250\136\177}{section.90.3}% 1250
\BOOKMARK [2][-]{subsection.90.3.3}{\376\377\0006\0006\000.\0003\000\040\146\362\163\207\116\016\142\323\142\121\166\204\121\166\116\326\200\124\174\373}{section.90.3}% 1251
\BOOKMARK [2][-]{subsection.90.3.4}{\376\377\0006\0006\000.\0004\000\040\146\362\163\207\137\040\221\317\166\204\217\333\116\000\153\145\122\006\211\343}{section.90.3}% 1252
\BOOKMARK [0][-]{chapter.91}{\376\377\0000\0007\000-\142\323\142\121\116\016\121\340\117\125\000/\0000\0002\000-\137\256\122\006\121\340\117\125\000/\0000\0003\000-\000G\176\323\147\204\116\016\137\040\221\317\000.\000m\000d}{}% 1253
\BOOKMARK [1][-]{section.91.1}{\376\377\173\054\0002\0002\0005\172\340\377\032\000G\000-\176\323\147\204}{chapter.91}% 1254
\BOOKMARK [2][-]{subsection.91.1.1}{\376\377\0006\0007\000.\0004\000\040\116\377\134\004\137\256\122\006\121\340\117\125}{section.91.1}% 1255
\BOOKMARK [2][-]{subsection.91.1.2}{\376\377\0006\0007\000.\0005\000\040\000T\000w\000i\000s\000t\000o\000r\000\040\164\006\213\272\116\016\215\205\000\040\000K\000a\000h\000l\000e\000r\000\040\121\340\117\125}{section.91.1}% 1256
\BOOKMARK [1][-]{section.91.2}{\376\377\173\054\0002\0002\0006\172\340\377\032\137\040\221\317\122\035\153\145}{chapter.91}% 1257
\BOOKMARK [2][-]{subsection.91.2.1}{\376\377\0006\0008\000.\0001\000\040\131\032\221\315\176\277\140\047\146\040\134\004}{section.91.2}% 1258
\BOOKMARK [2][-]{subsection.91.2.2}{\376\377\0006\0008\000.\0002\000\040\137\040\221\317\171\357}{section.91.2}% 1259
\BOOKMARK [2][-]{subsection.91.2.3}{\376\377\0006\0008\000.\0003\000\040\131\026\116\343\145\160}{section.91.2}% 1260
\BOOKMARK [2][-]{subsection.91.2.4}{\376\377\0006\0008\000.\0004\000\040\133\371\171\360\137\040\221\317}{section.91.2}% 1261
\BOOKMARK [2][-]{subsection.91.2.5}{\376\377\0006\0008\000.\0005\000\040\137\040\221\317\116\343\145\160\116\016\210\150\171\072\213\272\166\204\200\124\174\373}{section.91.2}% 1262
\BOOKMARK [0][-]{chapter.92}{\376\377\0000\0007\000-\142\323\142\121\116\016\121\340\117\125\000/\0000\0002\000-\137\256\122\006\121\340\117\125\000/\0000\0004\000-\217\233\121\340\117\125\000.\000m\000d}{}% 1263
\BOOKMARK [1][-]{subsection.92.0.1}{\376\377\0001\0006\0003\000.\000A\000\040\217\233\121\340\117\125\210\145\121\105}{chapter.92}% 1264
\BOOKMARK [1][-]{section.92.1}{\376\377\173\054\0002\0002\0007\172\340\377\032\217\233\155\101\137\142\127\372\170\100}{chapter.92}% 1265
\BOOKMARK [2][-]{subsection.92.1.1}{\376\377\0002\0004\0002\000.\0001\000\040\217\233\176\277\140\047\116\343\145\160}{section.92.1}% 1266
\BOOKMARK [2][-]{subsection.92.1.2}{\376\377\0002\0004\0002\000.\0002\000\040\217\233\155\101\137\142}{section.92.1}% 1267
\BOOKMARK [2][-]{subsection.92.1.3}{\376\377\0002\0004\0002\000.\0003\000\040\000H\000a\000m\000i\000l\000t\000o\000n\000\040\122\233\133\146\116\016\217\233\121\340\117\125}{section.92.1}% 1268
\BOOKMARK [1][-]{section.92.2}{\376\377\173\054\0002\0002\0008\172\340\377\032\217\233\176\246\123\026\116\016\167\351\146\040\134\004}{chapter.92}% 1269
\BOOKMARK [2][-]{subsection.92.2.1}{\376\377\0002\0004\0003\000.\0001\000\040\167\351\146\040\134\004\116\016\000\040\000H\000a\000m\000i\000l\000t\000o\000n\000\040\177\244\117\134\165\050}{section.92.2}% 1270
\BOOKMARK [2][-]{subsection.92.2.2}{\376\377\0002\0004\0003\000.\0002\000\040\000M\000a\000r\000s\000d\000e\000n\000-\000W\000e\000i\000n\000s\000t\000e\000i\000n\000\040\176\246\123\026}{section.92.2}% 1271
\BOOKMARK [2][-]{subsection.92.2.3}{\376\377\0002\0004\0003\000.\0003\000\040\000D\000e\000l\000z\000a\000n\000t\000\040\133\232\164\006\116\016\163\257\227\142\174\007}{section.92.2}% 1272
\BOOKMARK [1][-]{section.92.3}{\376\377\173\054\0002\0002\0009\172\340\377\032\117\052\121\150\176\257\146\362\176\277\116\016\000\040\000G\000r\000o\000m\000o\000v\000-\000W\000i\000t\000t\000e\000n\000\040\164\006\213\272}{chapter.92}% 1273
\BOOKMARK [2][-]{subsection.92.3.1}{\376\377\0002\0004\0004\000.\0001\000\040\217\321\131\015\176\323\147\204\116\016\117\052\121\150\176\257\146\362\176\277}{section.92.3}% 1274
\BOOKMARK [2][-]{subsection.92.3.2}{\376\377\0002\0004\0004\000.\0002\000\040\000G\000r\000o\000m\000o\000v\000\040\175\047\201\364\140\047\116\016\227\136\123\213\177\051\133\232\164\006}{section.92.3}% 1275
\BOOKMARK [2][-]{subsection.92.3.3}{\376\377\0002\0004\0004\000.\0003\000\040\000G\000r\000o\000m\000o\000v\000-\000W\000i\000t\000t\000e\000n\000\040\116\015\123\330\221\317}{section.92.3}% 1276
\BOOKMARK [2][-]{subsection.92.3.4}{\376\377\0002\0004\0004\000.\0004\000\040\221\317\133\120\116\012\124\014\214\003\116\016\000\040\000W\000D\000V\000V\000\040\145\271\172\013}{section.92.3}% 1277
\BOOKMARK [1][-]{section.92.4}{\376\377\173\054\0002\0003\0000\172\340\377\032\122\007\211\346\121\340\117\125}{chapter.92}% 1278
\BOOKMARK [2][-]{subsection.92.4.1}{\376\377\0002\0004\0005\000.\0001\000\040\122\007\211\346\176\323\147\204}{section.92.4}% 1279
\BOOKMARK [2][-]{subsection.92.4.2}{\376\377\0002\0004\0005\000.\0002\000\040\122\007\211\346\124\014\214\003}{section.92.4}% 1280
\BOOKMARK [2][-]{subsection.92.4.3}{\376\377\0002\0004\0005\000.\0003\000\040\116\011\176\364\122\007\143\245\211\346\142\323\142\121}{section.92.4}% 1281
\BOOKMARK [2][-]{subsection.92.4.4}{\376\377\122\007\211\346\121\340\117\125\116\016\117\116\176\364\142\323\142\121\166\204\155\361\134\102\200\124\174\373}{section.92.4}% 1282
\BOOKMARK [1][-]{section.92.5}{\376\377\173\054\0002\0003\0001\172\340\377\032\000F\000u\000k\000a\000y\000a\000\040\203\003\165\164\116\016\225\134\133\371\171\360}{chapter.92}% 1283
\BOOKMARK [2][-]{subsection.92.5.1}{\376\377\0002\0004\0006\000.\0001\000\040\000L\000a\000g\000r\000a\000n\000g\000i\000a\000n\000\040\133\120\155\101\137\142\116\016\000\040\000F\000l\000o\000e\000r\000\040\124\014\214\003}{section.92.5}% 1284
\BOOKMARK [2][-]{subsection.92.5.2}{\376\377\0002\0004\0006\000.\0002\000\040\000F\000u\000k\000a\000y\000a\000\040\000A\000\137\000\134\000i\000n\000f\000t\000y\000-\203\003\165\164}{section.92.5}% 1285
\BOOKMARK [2][-]{subsection.92.5.3}{\376\377\0002\0004\0006\000.\0003\000\040\000K\000o\000n\000t\000s\000e\000v\000i\000c\000h\000\040\124\014\214\003\225\134\133\371\171\360}{section.92.5}% 1286
\BOOKMARK [2][-]{subsection.92.5.4}{\376\377\0002\0004\0006\000.\0004\000\040\000S\000Y\000Z\000\040\163\034\140\363\116\016\000\040\000S\000t\000r\000o\000m\000i\000n\000g\000e\000r\000-\000Y\000a\000u\000-\000Z\000a\000s\000l\000o\000w}{section.92.5}% 1287
\BOOKMARK [2][-]{subsection.92.5.5}{\376\377\217\233\121\340\117\125\166\204\145\160\133\146\121\150\146\157\116\016\147\052\147\145\145\271\124\021}{section.92.5}% 1288
\BOOKMARK [0][-]{chapter.93}{\376\377\0000\0007\000-\142\323\142\121\116\016\121\340\117\125\000/\0000\0002\000-\137\256\122\006\121\340\117\125\000/\0000\0005\000-\227\136\116\244\143\142\121\340\117\125\000.\000m\000d}{}% 1289
\BOOKMARK [1][-]{subsection.93.0.1}{\376\377\0001\0006\0009\000.\000A\000\040\227\136\116\244\143\142\121\340\117\125\210\145\121\105}{chapter.93}% 1290
\BOOKMARK [1][-]{section.93.1}{\376\377\173\054\0002\0003\0002\172\340\377\032\214\061\116\011\121\103\176\304}{chapter.93}% 1291
\BOOKMARK [2][-]{subsection.93.1.1}{\376\377\0001\0009\0002\000.\0001\000\040\116\316\000\040\000G\000e\000l\000f\000a\000n\000d\000-\000N\000a\000i\000m\000a\000r\000k\000\040\122\060\227\136\116\244\143\142\172\172\225\364}{section.93.1}% 1292
\BOOKMARK [2][-]{subsection.93.1.2}{\376\377\0001\0009\0002\000.\0002\000\040\000D\000i\000r\000a\000c\000\040\173\227\133\120\116\016\227\136\116\244\143\142\136\246\221\317}{section.93.1}% 1293
\BOOKMARK [2][-]{subsection.93.1.3}{\376\377\0001\0009\0002\000.\0003\000\040\153\143\122\031\140\047\116\016\147\011\226\120\140\047}{section.93.1}% 1294
\BOOKMARK [1][-]{section.93.2}{\376\377\173\054\0002\0003\0003\172\340\377\032\137\252\163\257\116\012\124\014\214\003}{chapter.93}% 1295
\BOOKMARK [2][-]{subsection.93.2.1}{\376\377\0001\0009\0003\000.\0001\000\040\000H\000o\000c\000h\000s\000c\000h\000i\000l\000d\000\040\116\016\137\252\163\257\116\012\124\014\214\003}{section.93.2}% 1296
\BOOKMARK [2][-]{subsection.93.2.2}{\376\377\0001\0009\0003\000.\0002\000\040\000C\000h\000e\000r\000n\000\040\162\171\137\201\150\007}{section.93.2}% 1297
\BOOKMARK [2][-]{subsection.93.2.3}{\376\377\0001\0009\0003\000.\0003\000\040\124\150\147\037\137\252\163\257\116\012\124\014\214\003}{section.93.2}% 1298
\BOOKMARK [1][-]{section.93.3}{\376\377\173\054\0002\0003\0004\172\340\377\032\227\136\116\244\143\142\137\256\122\006\137\142\137\017}{chapter.93}% 1299
\BOOKMARK [2][-]{subsection.93.3.1}{\376\377\0001\0009\0004\000.\0001\000\040\154\333\137\256\122\006\122\006\153\041\116\343\145\160}{section.93.3}% 1300
\BOOKMARK [2][-]{subsection.93.3.2}{\376\377\0001\0009\0004\000.\0002\000\040\227\136\116\244\143\142\171\357\122\006}{section.93.3}% 1301
\BOOKMARK [2][-]{subsection.93.3.3}{\376\377\0001\0009\0004\000.\0003\000\040\227\136\116\244\143\142\171\072\140\047\174\173}{section.93.3}% 1302
\BOOKMARK [0][-]{chapter.94}{\376\377\0000\0007\000-\142\323\142\121\116\016\121\340\117\125\000/\0000\0002\000-\137\256\122\006\121\340\117\125\000/\0000\0006\000-\116\023\230\230\000.\000m\000d}{}% 1303
\BOOKMARK [1][-]{section.94.1}{\376\377\173\054\0002\0003\0005\172\340\377\032\150\007\121\306\152\041\127\213\166\204\227\136\116\244\143\142\121\340\117\125}{chapter.94}% 1304
\BOOKMARK [2][-]{subsection.94.1.1}{\376\377\0001\0009\0005\000.\0001\000\040\147\011\226\120\121\340\117\125\116\016\121\205\220\350\172\172\225\364}{section.94.1}% 1305
\BOOKMARK [2][-]{subsection.94.1.2}{\376\377\0001\0009\0005\000.\0002\000\040\214\061\117\134\165\050\221\317}{section.94.1}% 1306
\BOOKMARK [2][-]{subsection.94.1.3}{\376\377\0001\0009\0005\000.\0003\000\040\215\050\221\317\121\163\174\373\116\016\230\204\212\000}{section.94.1}% 1307
\BOOKMARK [1][-]{section.94.2}{\376\377\173\054\0002\0003\0006\172\340\377\032\227\136\116\244\143\142\000\040\000R\000i\000e\000m\000a\000n\000n\000\040\121\340\117\125\116\016\221\317\133\120\177\244}{chapter.94}% 1308
\BOOKMARK [2][-]{subsection.94.2.1}{\376\377\0001\0009\0006\000.\0001\000\040\227\136\116\244\143\142\163\257\227\142}{section.94.2}% 1309
\BOOKMARK [2][-]{subsection.94.2.2}{\376\377\0001\0009\0006\000.\0002\000\040\221\317\133\120\177\244}{section.94.2}% 1310
\BOOKMARK [2][-]{subsection.94.2.3}{\376\377\0001\0009\0006\000.\0003\000\040\000P\000o\000d\000l\000e\001\133\000\040\221\317\133\120\164\003\227\142}{section.94.2}% 1311
\BOOKMARK [2][-]{subsection.94.2.4}{\376\377\0001\0009\0006\000.\0004\000\040\227\136\116\244\143\142\121\340\117\125\166\204\147\052\147\145\145\271\124\021}{section.94.2}% 1312
\BOOKMARK [1][-]{section.94.3}{\376\377\173\054\0002\0003\0007\172\340\377\032\121\166\116\326\121\340\117\125\116\023\230\230}{chapter.94}% 1313
\BOOKMARK [2][-]{subsection.94.3.1}{\376\377\0006\0007\000.\0001\000\040\000F\000i\000n\000s\000l\000e\000r\000\040\121\340\117\125\173\200\116\313}{section.94.3}% 1314
\BOOKMARK [2][-]{subsection.94.3.2}{\376\377\0006\0007\000.\0002\000\040\214\061\121\340\117\125\377\010\000S\000p\000e\000c\000t\000r\000a\000l\000\040\000G\000e\000o\000m\000e\000t\000r\000y\377\011}{section.94.3}% 1315
\BOOKMARK [2][-]{subsection.94.3.3}{\376\377\0006\0007\000.\0003\000\040\171\357\122\006\121\340\117\125\377\010\000I\000n\000t\000e\000g\000r\000a\000l\000\040\000G\000e\000o\000m\000e\000t\000r\000y\377\011}{section.94.3}% 1316
\BOOKMARK [0][-]{chapter.95}{\376\377\0000\0007\000-\142\323\142\121\116\016\121\340\117\125\000/\0000\0003\000-\116\343\145\160\142\323\142\121\000/\0000\0001\000-\124\014\214\003\116\016\116\012\124\014\214\003\000.\000m\000d}{}% 1317
\BOOKMARK [1][-]{section.95.1}{\376\377\173\054\0002\0003\0008\172\340\377\032\131\107\137\002\124\014\214\003}{chapter.95}% 1318
\BOOKMARK [2][-]{subsection.95.1.1}{\376\377\0007\0007\000.\0001\000\040\131\107\137\002\123\125\137\142\116\016\224\376\131\015\137\142}{section.95.1}% 1319
\BOOKMARK [2][-]{subsection.95.1.2}{\376\377\0007\0007\000.\0002\000\040\124\014\214\003\166\204\127\372\147\054\140\047\215\050}{section.95.1}% 1320
\BOOKMARK [2][-]{subsection.95.1.3}{\376\377\0007\0007\000.\0003\000\040\166\370\133\371\124\014\214\003\116\016\122\007\226\144\133\232\164\006}{section.95.1}% 1321
\BOOKMARK [2][-]{subsection.95.1.4}{\376\377\0007\0007\000.\0004\000\040\164\003\227\142\166\204\124\014\214\003}{section.95.1}% 1322
\BOOKMARK [2][-]{subsection.95.1.5}{\376\377\0007\0007\000.\0005\000\040\200\336\201\124\124\014\214\003}{section.95.1}% 1323
\BOOKMARK [1][-]{section.95.2}{\376\377\173\054\0002\0003\0009\172\340\377\032\116\012\124\014\214\003\116\016\147\157\171\357}{chapter.95}% 1324
\BOOKMARK [2][-]{subsection.95.2.1}{\376\377\0007\0008\000.\0001\000\040\116\012\124\014\214\003\177\244}{section.95.2}% 1325
\BOOKMARK [2][-]{subsection.95.2.2}{\376\377\0007\0008\000.\0002\000\040\147\157\171\357}{section.95.2}% 1326
\BOOKMARK [2][-]{subsection.95.2.3}{\376\377\0007\0008\000.\0003\000\040\000P\000o\000i\000n\000c\000a\000r\000\351\000\040\133\371\120\166}{section.95.2}% 1327
\BOOKMARK [2][-]{subsection.95.2.4}{\376\377\0007\0008\000.\0004\000\040\000d\000e\000\040\000R\000h\000a\000m\000\040\116\012\124\014\214\003\126\336\230\176}{section.95.2}% 1328
\BOOKMARK [1][-]{section.95.3}{\376\377\173\054\0002\0004\0000\172\340\377\032\131\107\137\002\124\014\214\003\166\204\000E\000i\000l\000e\000n\000b\000e\000r\000g\000-\000S\000t\000e\000e\000n\000r\000o\000d\121\154\164\006}{chapter.95}% 1329
\BOOKMARK [2][-]{subsection.95.3.1}{\376\377\0007\0008\000.\000x\000\040\000E\000i\000l\000e\000n\000b\000e\000r\000g\000-\000S\000t\000e\000e\000n\000r\000o\000d\121\154\164\006\166\204\226\110\217\360}{section.95.3}% 1330
\BOOKMARK [2][-]{subsection.95.3.2}{\376\377\0007\0008\000.\000y\000\040\136\177\116\111\124\014\214\003\213\272\116\016\214\061}{section.95.3}% 1331
\BOOKMARK [2][-]{subsection.95.3.3}{\376\377\0007\0008\000.\000z\000\040\000E\000i\000l\000e\000n\000b\000e\000r\000g\000-\000S\000t\000e\000e\000n\000r\000o\000d\121\154\164\006\127\050\133\374\121\372\203\003\165\164\116\055\166\204\143\250\136\177}{section.95.3}% 1332
\BOOKMARK [1][-]{section.95.4}{\376\377\173\054\0002\0004\0001\172\340\377\032\116\012\124\014\214\003\166\204\116\130\171\357\176\323\147\204\116\016\000P\000o\000i\000n\000c\000a\000r\000\351\133\371\120\166}{chapter.95}% 1333
\BOOKMARK [2][-]{subsection.95.4.1}{\376\377\0007\0009\000.\0001\000\040\116\012\171\357\116\016\123\141\171\357\166\204\116\343\145\160\147\204\220\040}{section.95.4}% 1334
\BOOKMARK [2][-]{subsection.95.4.2}{\376\377\0007\0009\000.\0002\000\040\000P\000o\000i\000n\000c\000a\000r\000\351\133\371\120\166\133\232\164\006}{section.95.4}% 1335
\BOOKMARK [2][-]{subsection.95.4.3}{\376\377\0007\0009\000.\0003\000\040\116\012\124\014\214\003\163\257\213\241\173\227\133\236\117\213\116\016\000L\000e\000f\000s\000c\000h\000e\000t\000z\133\371\120\166}{section.95.4}% 1336
\BOOKMARK [1][-]{section.95.5}{\376\377\173\054\0002\0004\0002\172\340\377\032\124\014\117\046\177\244}{chapter.95}% 1337
\BOOKMARK [2][-]{subsection.95.5.1}{\376\377\0007\0009\000.\0001\000\040\232\330\176\364\124\014\117\046\177\244\166\204\133\232\116\111}{section.95.5}% 1338
\BOOKMARK [2][-]{subsection.95.5.2}{\376\377\0007\0009\000.\0002\000\040\164\003\227\142\166\204\124\014\117\046\177\244}{section.95.5}% 1339
\BOOKMARK [1][-]{section.95.6}{\376\377\173\054\0002\0004\0003\172\340\377\032\214\061\136\217\122\027\122\035\153\145}{chapter.95}% 1340
\BOOKMARK [2][-]{subsection.95.6.1}{\376\377\0008\0000\000.\0001\000\040\214\061\136\217\122\027\166\204\133\232\116\111\116\016\145\066\145\133}{section.95.6}% 1341
\BOOKMARK [2][-]{subsection.95.6.2}{\376\377\0008\0000\000.\0002\000\040\156\344\217\307\116\016\214\061\136\217\122\027\166\204\147\204\220\040}{section.95.6}% 1342
\BOOKMARK [2][-]{subsection.95.6.3}{\376\377\0008\0000\000.\0003\000\040\000S\000e\000r\000r\000e\000\040\214\061\136\217\122\027}{section.95.6}% 1343
\BOOKMARK [0][-]{chapter.96}{\376\377\0000\0007\000-\142\323\142\121\116\016\121\340\117\125\000/\0000\0003\000-\116\343\145\160\142\323\142\121\000/\0000\0003\000-\116\343\145\160\000K\164\006\213\272\000.\000m\000d}{}% 1344
\BOOKMARK [1][-]{subsection.96.0.1}{\376\377\0001\0008\0002\000.\000A\000\040\116\343\145\160\000K\164\006\213\272\210\145\121\105}{chapter.96}% 1345
\BOOKMARK [1][-]{section.96.1}{\376\377\173\054\0002\0004\0004\172\340\377\032\117\116\226\066\000K\164\006\213\272\133\374\137\025}{chapter.96}% 1346
\BOOKMARK [2][-]{subsection.96.1.1}{\376\377\0001\0009\0006\000.\0001\000\040\000G\000r\000o\000t\000h\000e\000n\000d\000i\000e\000c\000k\000\040\177\244\166\204\133\232\116\111}{section.96.1}% 1347
\BOOKMARK [2][-]{subsection.96.1.2}{\376\377\0001\0009\0006\000.\0002\000\040\000K\000\137\0000\000\040\166\204\127\372\147\054\140\047\215\050}{section.96.1}% 1348
\BOOKMARK [2][-]{subsection.96.1.3}{\376\377\0001\0009\0006\000.\0003\000\040\142\323\142\121\172\172\225\364\166\204\000\040\000K\000\136\003\002\0000}{section.96.1}% 1349
\BOOKMARK [2][-]{subsection.96.1.4}{\376\377\0001\0009\0007\000.\0001\000\040\122\035\173\111\167\351\226\065\116\016\000\040\000W\000h\000i\000t\000e\000h\000e\000a\000d\000\040\137\025\164\006}{section.96.1}% 1350
\BOOKMARK [2][-]{subsection.96.1.5}{\376\377\0001\0009\0007\000.\0002\000\040\000K\000\137\0001\000\040\166\204\133\232\116\111\116\016\127\372\147\054\140\047\215\050}{section.96.1}% 1351
\BOOKMARK [2][-]{subsection.96.1.6}{\376\377\0001\0009\0007\000.\0003\000\040\142\323\142\121\172\172\225\364\166\204\000\040\000K\000\136\003\002\0001}{section.96.1}% 1352
\BOOKMARK [2][-]{subsection.96.1.7}{\376\377\0001\0009\0008\000.\0001\000\040\000S\000t\000e\000i\000n\000b\000e\000r\000g\000\040\177\244\116\016\154\333\116\055\137\303\142\151\137\040}{section.96.1}% 1353
\BOOKMARK [2][-]{subsection.96.1.8}{\376\377\0001\0009\0008\000.\0002\000\040\000K\000\137\0002\000\040\166\204\133\232\116\111}{section.96.1}% 1354
\BOOKMARK [2][-]{subsection.96.1.9}{\376\377\0001\0009\0008\000.\0003\000\040\000M\000i\000l\000n\000o\000r\000\040\000K\000\040\164\006\213\272\173\200\116\313}{section.96.1}% 1355
\BOOKMARK [1][-]{section.96.2}{\376\377\173\054\0002\0004\0005\172\340\377\032\000M\000i\000l\000n\000o\000r\000\040\000K\000\040\164\006\213\272\116\016\000\040\000B\000l\000o\000c\000h\000\040\177\244}{chapter.96}% 1356
\BOOKMARK [2][-]{subsection.96.2.1}{\376\377\0001\0009\0009\000.\0001\000\040\000M\000i\000l\000n\000o\000r\000\040\000K\000\040\177\244}{section.96.2}% 1357
\BOOKMARK [2][-]{subsection.96.2.2}{\376\377\0001\0009\0009\000.\0002\000\040\000B\000l\000o\000c\000h\000\040\177\244\116\016\172\000\221\312\133\120}{section.96.2}% 1358
\BOOKMARK [2][-]{subsection.96.2.3}{\376\377\0001\0009\0009\000.\0003\000\040\214\003\202\202\133\120\146\040\134\004}{section.96.2}% 1359
\BOOKMARK [1][-]{section.96.3}{\376\377\173\054\0002\0004\0006\172\340\377\032\116\343\145\160\000\040\000K\000\040\164\006\213\272\116\016\153\315\230\230}{chapter.96}% 1360
\BOOKMARK [2][-]{subsection.96.3.1}{\376\377\0002\0000\0000\000.\0001\000\040\153\315\230\230\203\003\165\164}{section.96.3}% 1361
\BOOKMARK [2][-]{subsection.96.3.2}{\376\377\0002\0000\0000\000.\0002\000\040\000V\000o\000e\000v\000o\000d\000s\000k\000y\000\040\166\204\153\315\230\230\116\012\124\014\214\003}{section.96.3}% 1362
\BOOKMARK [2][-]{subsection.96.3.3}{\376\377\0002\0000\0000\000.\0003\000\040\000V\000o\000e\000v\000o\000d\000s\000k\000y\000\040\166\204\000\040\000F\000i\000e\000l\000d\000s\000\040\131\126\135\345\117\134}{section.96.3}% 1363
\BOOKMARK [2][-]{subsection.96.3.4}{\376\377\0002\0000\0000\000.\0004\000\040\116\343\145\160\000\040\000K\000\040\164\006\213\272\116\016\000\040\000L\000\040\121\375\145\160}{section.96.3}% 1364
\BOOKMARK [1][-]{section.96.4}{\376\377\173\054\0002\0004\0007\172\340\377\032\000K\000\040\164\006\213\272\166\204\121\166\116\326\145\271\124\021\116\016\136\224\165\050}{chapter.96}% 1365
\BOOKMARK [2][-]{subsection.96.4.1}{\376\377\0002\0000\0001\000.\0001\000\040\142\323\142\121\000\040\000K\000\040\164\006\213\272\116\016\143\007\150\007\133\232\164\006}{section.96.4}% 1366
\BOOKMARK [2][-]{subsection.96.4.2}{\376\377\0002\0000\0001\000.\0002\000\040\000C\000*\000-\116\343\145\160\000\040\000K\000\040\164\006\213\272}{section.96.4}% 1367
\BOOKMARK [2][-]{subsection.96.4.3}{\376\377\0002\0000\0001\000.\0003\000\040\000K\000\040\164\006\213\272\127\050\162\151\164\006\133\146\116\055\166\204\136\224\165\050}{section.96.4}% 1368
\BOOKMARK [2][-]{subsection.96.4.4}{\376\377\0002\0000\0001\000.\0004\000\040\000W\000a\000l\000d\000h\000a\000u\000s\000e\000n\000\040\000K\000\040\164\006\213\272\116\016\116\343\145\160\000\040\000K\000\040\164\006\213\272\172\172\225\364\166\204\147\204\220\040}{section.96.4}% 1369
\BOOKMARK [2][-]{subsection.96.4.5}{\376\377\0001\0008\0007\000.\000A\000\040\000Q\000u\000i\000l\000l\000e\000n\166\204\000+\147\204\220\040\116\016\232\330\226\066\000K\000-\164\006\213\272}{section.96.4}% 1370
\BOOKMARK [2][-]{subsection.96.4.6}{\376\377\172\063\133\232\124\014\117\046\213\272\116\016\202\162\134\125\164\006\213\272}{section.96.4}% 1371
\BOOKMARK [2][-]{subsection.96.4.7}{\376\377\214\061\166\204\153\143\137\017\133\232\116\111}{section.96.4}% 1372
\BOOKMARK [2][-]{subsection.96.4.8}{\376\377\172\063\133\232\124\014\117\046\203\003\165\164\166\204\153\143\137\017\133\232\116\111}{section.96.4}% 1373
\BOOKMARK [2][-]{subsection.96.4.9}{\376\377\176\317\121\170\214\061\166\204\153\143\137\017\133\232\116\111}{section.96.4}% 1374
\BOOKMARK [2][-]{subsection.96.4.10}{\376\377\000\134\000m\000a\000t\000h\000c\000a\000l\000\173\000S\000H\000\175\000\040\166\204\133\371\171\360\136\172\123\112\176\323\147\204}{section.96.4}% 1375
\BOOKMARK [2][-]{subsection.96.4.11}{\376\377\202\162\134\125\164\006\213\272\150\070\137\303}{section.96.4}% 1376
\BOOKMARK [2][-]{subsection.96.4.12}{\376\377\000R\000a\000v\000e\000n\000e\000l\000\040\163\034\140\363}{section.96.4}% 1377
\BOOKMARK [2][-]{subsection.96.4.13}{\376\377\202\162\134\125\176\242\171\373\163\260\214\141}{section.96.4}% 1378
\BOOKMARK [2][-]{subsection.96.4.14}{\376\377\202\162\134\125\130\124\116\016\122\006\134\102\176\306\123\026}{section.96.4}% 1379
\BOOKMARK [2][-]{subsection.96.4.15}{\376\377\202\162\134\125\164\006\213\272\116\016\153\315\230\230\124\014\117\046\213\272}{section.96.4}% 1380
\BOOKMARK [2][-]{subsection.96.4.16}{\376\377\172\063\133\232\124\014\117\046\213\272\166\204\122\115\154\277\145\271\124\021}{section.96.4}% 1381
\BOOKMARK [2][-]{subsection.96.4.17}{\376\377\164\003\227\142\124\014\117\046\177\244\116\016\202\162\134\125\213\241\173\227}{section.96.4}% 1382
\BOOKMARK [0][-]{chapter.97}{\376\377\0000\0007\000-\142\323\142\121\116\016\121\340\117\125\000/\0000\0003\000-\116\343\145\160\142\323\142\121\000/\0000\0004\000-\137\256\122\006\142\323\142\121\000.\000m\000d}{}% 1383
\BOOKMARK [1][-]{subsection.97.0.1}{\376\377\000G\000-\172\172\225\364\116\016\000\040\000G\000-\000C\000W\000\040\131\015\137\142}{chapter.97}% 1384
\BOOKMARK [2][-]{subsection.97.0.2}{\376\377\000E\000l\000m\000e\000n\000d\000o\000r\000f\000\040\133\232\164\006}{subsection.97.0.1}% 1385
\BOOKMARK [2][-]{subsection.97.0.3}{\376\377\000B\000o\000r\000e\000l\000\040\173\111\123\330\116\012\124\014\214\003}{subsection.97.0.1}% 1386
\BOOKMARK [2][-]{subsection.97.0.4}{\376\377\000B\000r\000e\000d\000o\000n\000\040\173\111\123\330\116\012\124\014\214\003}{subsection.97.0.1}% 1387
\BOOKMARK [2][-]{subsection.97.0.5}{\376\377\167\037\153\143\173\111\123\330\172\063\133\232\124\014\117\046\213\272\377\010\000G\000e\000n\000u\000i\000n\000e\000\040\000G\000-\000S\000p\000e\000c\000t\000r\000a\377\011}{subsection.97.0.1}% 1388
\BOOKMARK [2][-]{subsection.97.0.6}{\376\377\000M\000a\000c\000k\000e\000y\000\040\121\375\133\120\116\016\173\111\123\330\172\063\133\232\124\014\117\046\203\003\165\164}{subsection.97.0.1}% 1389
\BOOKMARK [2][-]{subsection.97.0.7}{\376\377\000A\000t\000i\000y\000a\000h\000-\000S\000e\000g\000a\000l\000\040\133\214\131\007\123\026\133\232\164\006}{subsection.97.0.1}% 1390
\BOOKMARK [2][-]{subsection.97.0.8}{\376\377\000G\000r\000e\000e\000n\000\040\121\375\133\120\116\016\173\111\123\330\172\063\133\232\124\014\117\046\203\003\165\164\166\204\116\343\145\160\176\323\147\204}{subsection.97.0.1}% 1391
\BOOKMARK [2][-]{subsection.97.0.9}{\376\377\173\111\123\330\116\012\124\014\214\003\116\016\121\150\134\100\123\315\123\330\134\102\227\142}{subsection.97.0.1}% 1392
\BOOKMARK [2][-]{subsection.97.0.10}{\376\377\173\111\123\330\133\371\120\166\116\016\173\111\123\330\134\102\213\272}{subsection.97.0.1}% 1393
\BOOKMARK [1][-]{section.97.1}{\376\377\173\054\0002\0004\0008\172\340\377\032\000M\000o\000r\000s\000e\164\006\213\272\155\361\123\026\377\010\000M\000o\000r\000s\000e\116\015\173\111\137\017\213\301\146\016\377\011}{chapter.97}% 1394
\BOOKMARK [2][-]{subsection.97.1.1}{\376\377\0001\0008\0009\000.\000x\000\040\000M\000o\000r\000s\000e\137\025\164\006\116\016\000h\000a\000n\000d\000l\000e\122\006\211\343}{section.97.1}% 1395
\BOOKMARK [2][-]{subsection.97.1.2}{\376\377\0001\0008\0009\000.\000y\000\040\000M\000o\000r\000s\000e\116\015\173\111\137\017\166\204\174\276\170\156\226\110\217\360\116\016\213\301\146\016}{section.97.1}% 1396
\BOOKMARK [1][-]{section.97.2}{\376\377\173\054\0002\0004\0009\172\340\377\032\221\115\217\271\164\006\213\272\116\016\000P\000o\000n\000t\000r\000y\000a\000g\000i\000n\000-\000T\000h\000o\000m\147\204\220\040}{chapter.97}% 1397
\BOOKMARK [2][-]{subsection.97.2.1}{\376\377\0001\0009\0000\000.\000x\000\040\000T\000h\000o\000m\172\172\225\364\116\016\000P\000o\000n\000t\000r\000y\000a\000g\000i\000n\000-\000T\000h\000o\000m\124\014\147\204}{section.97.2}% 1398
\BOOKMARK [2][-]{subsection.97.2.2}{\376\377\0001\0009\0000\000.\000y\000\040\000T\000h\000o\000m\214\061\166\204\172\063\133\232\124\014\117\046\177\244\213\241\173\227}{section.97.2}% 1399
\BOOKMARK [2][-]{subsection.97.2.3}{\376\377\0001\0009\0000\000.\000z\000\040\147\011\164\006\221\115\217\271\116\016\000H\000i\000r\000z\000e\000b\000r\000u\000c\000h\173\046\123\367\135\356\133\232\164\006}{section.97.2}% 1400
\BOOKMARK [0][-]{chapter.98}{\376\377\0000\0007\000-\142\323\142\121\116\016\121\340\117\125\000/\0000\0003\000-\116\343\145\160\142\323\142\121\000/\0000\0005\000-\117\116\176\364\142\323\142\121\000.\000m\000d}{}% 1401
\BOOKMARK [1][-]{section.98.1}{\376\377\173\054\0002\0005\0000\172\340\377\032\116\011\176\364\155\101\137\142\127\372\170\100}{chapter.98}% 1402
\BOOKMARK [2][-]{subsection.98.1.1}{\376\377\0002\0001\0007\000.\0001\000\040\116\011\176\364\155\101\137\142\166\204\127\372\147\054\147\204\220\040}{section.98.1}% 1403
\BOOKMARK [2][-]{subsection.98.1.2}{\376\377\0002\0001\0007\000.\0002\000\040\116\011\176\364\155\101\137\142\166\204\122\006\211\343}{section.98.1}% 1404
\BOOKMARK [2][-]{subsection.98.1.3}{\376\377\0002\0001\0007\000.\0003\000\040\121\340\117\125\123\026\176\262\230\206}{section.98.1}% 1405
\BOOKMARK [1][-]{section.98.2}{\376\377\173\054\0002\0005\0001\172\340\377\032\176\275\176\323\164\006\213\272\127\372\170\100}{chapter.98}% 1406
\BOOKMARK [2][-]{subsection.98.2.1}{\376\377\0002\0001\0008\000.\0001\000\040\176\275\176\323\116\016\224\376\163\257}{section.98.2}% 1407
\BOOKMARK [2][-]{subsection.98.2.2}{\376\377\0002\0001\0008\000.\0002\000\040\176\317\121\170\176\275\176\323\116\015\123\330\221\317}{section.98.2}% 1408
\BOOKMARK [2][-]{subsection.98.2.3}{\376\377\0002\0001\0008\000.\0003\000\040\000J\000o\000n\000e\000s\000\040\131\032\230\171\137\017\116\016\221\317\133\120\116\015\123\330\221\317}{section.98.2}% 1409
\BOOKMARK [2][-]{subsection.98.2.4}{\376\377\0002\0001\0008\000.\0004\000\040\000K\000h\000o\000v\000a\000n\000o\000v\000\040\124\014\214\003}{section.98.2}% 1410
\BOOKMARK [1][-]{section.98.3}{\376\377\173\054\0002\0005\0002\172\340\377\032\221\317\133\120\142\323\142\121\116\015\123\330\221\317}{chapter.98}% 1411
\BOOKMARK [2][-]{subsection.98.3.1}{\376\377\0002\0001\0009\000.\0001\000\040\217\253\177\244\116\016\000\040\000M\000a\000r\000k\000o\000v\000\040\133\232\164\006}{section.98.3}% 1412
\BOOKMARK [2][-]{subsection.98.3.2}{\376\377\0002\0001\0009\000.\0002\000\040\221\317\133\120\177\244\116\016\000\040\000R\000-\167\351\226\065}{section.98.3}% 1413
\BOOKMARK [2][-]{subsection.98.3.3}{\376\377\0002\0001\0009\000.\0003\000\040\142\323\142\121\221\317\133\120\127\072\213\272\116\016\000\040\000W\000i\000t\000t\000e\000n\000\040\116\015\123\330\221\317}{section.98.3}% 1414
\BOOKMARK [2][-]{subsection.98.3.4}{\376\377\0002\0001\0009\000.\0004\000\040\203\003\165\164\123\026\116\016\124\014\214\003\116\015\123\330\221\317}{section.98.3}% 1415
\BOOKMARK [1][-]{section.98.4}{\376\377\173\054\0002\0005\0003\172\340\377\032\000F\000l\000o\000e\000r\000\040\124\014\214\003}{chapter.98}% 1416
\BOOKMARK [2][-]{subsection.98.4.1}{\376\377\0002\0002\0000\000.\0001\000\040\000M\000o\000r\000s\000e\000\040\124\014\214\003\116\016\000\040\000F\000l\000o\000e\000r\000\040\124\014\214\003\166\204\127\372\147\054\140\035\140\363}{section.98.4}% 1417
\BOOKMARK [2][-]{subsection.98.4.2}{\376\377\0002\0002\0000\000.\0002\000\040\000I\000n\000s\000t\000a\000n\000t\000o\000n\000\040\000F\000l\000o\000e\000r\000\040\124\014\214\003}{section.98.4}% 1418
\BOOKMARK [2][-]{subsection.98.4.3}{\376\377\0002\0002\0000\000.\0003\000\040\000H\000e\000e\000g\000a\000a\000r\000d\000\040\000F\000l\000o\000e\000r\000\040\124\014\214\003}{section.98.4}% 1419
\BOOKMARK [2][-]{subsection.98.4.4}{\376\377\0002\0002\0000\000.\0004\000\040\121\166\116\326\000\040\000F\000l\000o\000e\000r\000\040\124\014\214\003\164\006\213\272}{section.98.4}% 1420
\BOOKMARK [1][-]{section.98.5}{\376\377\173\054\0002\0005\0004\172\340\377\032\126\333\176\364\155\101\137\142}{chapter.98}% 1421
\BOOKMARK [2][-]{subsection.98.5.1}{\376\377\0002\0002\0001\000.\0001\000\040\126\333\176\364\155\101\137\142\166\204\162\171\153\212\140\047}{section.98.5}% 1422
\BOOKMARK [2][-]{subsection.98.5.2}{\376\377\0002\0002\0001\000.\0002\000\040\000D\000o\000n\000a\000l\000d\000s\000o\000n\000\040\164\006\213\272}{section.98.5}% 1423
\BOOKMARK [2][-]{subsection.98.5.3}{\376\377\0002\0002\0001\000.\0003\000\040\000S\000e\000i\000b\000e\000r\000g\000-\000W\000i\000t\000t\000e\000n\000\040\164\006\213\272}{section.98.5}% 1424
\BOOKMARK [2][-]{subsection.98.5.4}{\376\377\0002\0002\0001\000.\0004\000\040\000E\000x\000o\000t\000i\000c\000\040\176\323\147\204\116\016\226\073\130\136\164\006\213\272}{section.98.5}% 1425
\BOOKMARK [2][-]{subsection.98.5.5}{\376\377\0001\0009\0004\000.\000A\000\040\117\116\176\364\142\323\142\121\210\145\121\105}{section.98.5}% 1426
\BOOKMARK [2][-]{subsection.98.5.6}{\376\377\000G\000r\000o\000m\000o\000v\123\314\146\362\177\244}{section.98.5}% 1427
\BOOKMARK [2][-]{subsection.98.5.7}{\376\377\142\337\173\111\215\335\116\016\142\337\173\111\215\335\116\015\123\330\221\317}{section.98.5}% 1428
\BOOKMARK [2][-]{subsection.98.5.8}{\376\377\000C\000A\000T\000\050\0000\000\051\172\172\225\364\116\016\177\244}{section.98.5}% 1429
\BOOKMARK [2][-]{subsection.98.5.9}{\376\377\000B\000a\000s\000s\000-\000S\000e\000r\000r\000e\164\006\213\272\116\016\177\244\126\376}{section.98.5}% 1430
\BOOKMARK [2][-]{subsection.98.5.10}{\376\377\0001\0009\0005\000.\000A\000\040\117\116\176\364\142\323\142\121\210\145\121\105\0002}{section.98.5}% 1431
\BOOKMARK [2][-]{subsection.98.5.11}{\376\377\152\052\142\052\140\047\164\006\213\272}{section.98.5}% 1432
\BOOKMARK [2][-]{subsection.98.5.12}{\376\377\000M\000o\000r\000s\000e\164\006\213\272}{section.98.5}% 1433
\BOOKMARK [2][-]{subsection.98.5.13}{\376\377\221\115\217\271\164\006\213\272}{section.98.5}% 1434
\BOOKMARK [2][-]{subsection.98.5.14}{\376\377\142\113\147\057\164\006\213\272}{section.98.5}% 1435
\BOOKMARK [2][-]{subsection.98.5.15}{\376\377\0002\0001\0008\000.\0001\000\040\000W\000h\000i\000t\000n\000e\000y\000\040\142\200\135\347\123\312\121\166\127\050\126\333\176\364\166\204\131\061\145\110}{section.98.5}% 1436
\BOOKMARK [2][-]{subsection.98.5.16}{\376\377\0002\0001\0008\000.\0002\000\040\000F\000r\000e\000e\000d\000m\000a\000n\000\040\133\232\164\006\116\016\142\323\142\121\000\040\0004\000\040\176\364\155\101\137\142\166\204\122\006\174\173}{section.98.5}% 1437
\BOOKMARK [2][-]{subsection.98.5.17}{\376\377\0002\0001\0008\000.\0003\000\040\000D\000o\000n\000a\000l\000d\000s\000o\000n\000\040\133\232\164\006\116\016\121\111\156\321\176\323\147\204\166\204\226\120\122\066}{section.98.5}% 1438
\BOOKMARK [2][-]{subsection.98.5.18}{\376\377\0002\0001\0008\000.\0004\000\040\000E\000x\000o\000t\000i\000c\000\040\000\134\000m\000a\000t\000h\000b\000b\000\173\000R\000\175\000\136\003\002\0004\000\040\166\204\147\204\220\040\140\035\215\357}{section.98.5}% 1439
\BOOKMARK [2][-]{subsection.98.5.19}{\376\377\0002\0001\0008\000.\0005\000\040\117\116\176\364\142\323\142\121\166\204\176\337\116\000\211\306\211\322}{section.98.5}% 1440
\BOOKMARK [0][-]{chapter.99}{\376\377\0000\0007\000-\142\323\142\121\116\016\121\340\117\125\000/\0000\0003\000-\116\343\145\160\142\323\142\121\000/\0000\0007\000-\176\244\176\364\116\033\116\016\171\072\140\047\174\173\000.\000m\000d}{}% 1441
\BOOKMARK [1][-]{section.99.1}{\376\377\173\054\0002\0005\0006\172\340\377\032\176\244\176\364\116\033\116\016\171\072\140\047\174\173}{chapter.99}% 1442
\BOOKMARK [2][-]{subsection.99.1.1}{\376\377\0008\0001\000.\0001\000\040\176\244\176\364\116\033\166\204\127\372\147\054\151\202\137\365}{section.99.1}% 1443
\BOOKMARK [2][-]{subsection.99.1.2}{\376\377\0008\0001\000.\0002\000\040\000S\000t\000i\000e\000f\000e\000l\000-\000W\000h\000i\000t\000n\000e\000y\000\040\174\173\116\016\000\040\000C\000h\000e\000r\000n\000\040\174\173}{section.99.1}% 1444
\BOOKMARK [2][-]{subsection.99.1.3}{\376\377\0008\0001\000.\0003\000\040\000P\000o\000n\000t\000r\000y\000a\000g\000i\000n\000\040\174\173\116\016\000\040\000E\000u\000l\000e\000r\000\040\174\173}{section.99.1}% 1445
\BOOKMARK [2][-]{subsection.99.1.4}{\376\377\0008\0001\000.\0004\000\040\171\072\140\047\174\173\116\016\143\007\150\007\133\232\164\006}{section.99.1}% 1446
\BOOKMARK [2][-]{subsection.99.1.5}{\376\377\0008\0001\000.\0005\000\040\134\017\176\323\377\032\171\072\140\047\174\173\166\204\176\337\116\000\211\306\211\322}{section.99.1}% 1447
\BOOKMARK [0][-]{chapter.100}{\376\377\0000\0007\000-\142\323\142\121\116\016\121\340\117\125\000/\0000\0004\000-\131\015\121\340\117\125\000/\0000\0002\000-\000H\000o\000d\000g\000e\116\016\000C\000a\000l\000a\000b\000i\000-\000Y\000a\000u\000.\000m\000d}{}% 1448
\BOOKMARK [1][-]{section.100.1}{\376\377\173\054\0002\0005\0007\172\340\377\032\000H\000o\000d\000g\000e\000\040\164\006\213\272}{chapter.100}% 1449
\BOOKMARK [2][-]{subsection.100.1.1}{\376\377\0001\0007\0009\000.\0001\000\040\214\003\124\214\137\142\137\017\116\016\000\040\000H\000o\000d\000g\000e\000\040\133\232\164\006}{section.100.1}% 1450
\BOOKMARK [2][-]{subsection.100.1.2}{\376\377\0001\0007\0009\000.\0002\000\040\000L\000e\000f\000s\000c\000h\000e\000t\000z\000\040\122\006\211\343\116\016\000\040\000\134\000m\000a\000t\000h\000f\000r\000a\000k\000\173\000s\000l\000\175\000\137\0002\000-\210\150\171\072}{section.100.1}% 1451
\BOOKMARK [2][-]{subsection.100.1.3}{\376\377\0001\0007\0009\000.\0003\000\040\000H\000o\000d\000g\000e\000\040\203\361\137\142\116\016\000\040\000H\000o\000d\000g\000e\000\040\163\034\140\363}{section.100.1}% 1452
\BOOKMARK [2][-]{subsection.100.1.4}{\376\377\0001\0007\0009\000.\0004\000\040\000H\000o\000d\000g\000e\000\040\176\323\147\204\166\204\123\330\122\006}{section.100.1}% 1453
\BOOKMARK [1][-]{section.100.2}{\376\377\173\054\0002\0005\0008\172\340\377\032\137\142\123\330\164\006\213\272}{chapter.100}% 1454
\BOOKMARK [2][-]{subsection.100.2.1}{\376\377\0001\0008\0000\000.\0001\000\040\145\340\172\167\134\017\137\142\123\330}{section.100.2}% 1455
\BOOKMARK [2][-]{subsection.100.2.2}{\376\377\0001\0008\0000\000.\0002\000\040\226\073\170\215\116\016\000\040\000K\000u\000r\000a\000n\000i\000s\000h\000i\000\040\145\317}{section.100.2}% 1456
\BOOKMARK [2][-]{subsection.100.2.3}{\376\377\0001\0008\0000\000.\0003\000\040\137\142\123\330\221\317\133\120\123\026}{section.100.2}% 1457
\BOOKMARK [1][-]{section.100.3}{\376\377\173\054\0002\0005\0009\172\340\377\032\000C\000a\000l\000a\000b\000i\000-\000Y\000a\000u\000\040\155\101\137\142\116\016\225\134\133\371\171\360}{chapter.100}% 1458
\BOOKMARK [2][-]{subsection.100.3.1}{\376\377\0001\0008\0001\000.\0001\000\040\000C\000a\000l\000a\000b\000i\000\040\163\034\140\363\116\016\000\040\000Y\000a\000u\000\040\133\232\164\006}{section.100.3}% 1459
\BOOKMARK [2][-]{subsection.100.3.2}{\376\377\0001\0008\0001\000.\0002\000\040\000C\000a\000l\000a\000b\000i\000-\000Y\000a\000u\000\040\0003\000\040\176\364\155\101\137\142}{section.100.3}% 1460
\BOOKMARK [2][-]{subsection.100.3.3}{\376\377\0001\0008\0001\000.\0003\000\040\225\134\133\371\171\360}{section.100.3}% 1461
\BOOKMARK [2][-]{subsection.100.3.4}{\376\377\0001\0008\0001\000.\0004\000\040\000S\000Y\000Z\000\040\163\034\140\363}{section.100.3}% 1462
\BOOKMARK [2][-]{subsection.100.3.5}{\376\377\0001\0009\0006\000.\000A\000\040\131\015\155\101\137\142\210\145\121\105}{section.100.3}% 1463
\BOOKMARK [1][-]{section.100.4}{\376\377\173\054\0002\0006\0000\172\340\377\032\131\015\155\101\137\142}{chapter.100}% 1464
\BOOKMARK [2][-]{subsection.100.4.1}{\376\377\0001\0007\0007\000.\0001\000\040\131\015\155\101\137\142\166\204\133\232\116\111}{section.100.4}% 1465
\BOOKMARK [2][-]{subsection.100.4.2}{\376\377\0001\0007\0007\000.\0002\000\040\217\321\131\015\176\323\147\204\116\016\123\357\171\357\140\047}{section.100.4}% 1466
\BOOKMARK [2][-]{subsection.100.4.3}{\376\377\0001\0007\0007\000.\0003\000\040\000D\000o\000l\000b\000e\000a\000u\000l\000t\000\040\116\012\124\014\214\003}{section.100.4}% 1467
\BOOKMARK [1][-]{section.100.5}{\376\377\173\054\0002\0006\0001\172\340\377\032\000K\000a\000h\000l\000e\000r\000\040\121\340\117\125}{chapter.100}% 1468
\BOOKMARK [2][-]{subsection.100.5.1}{\376\377\0001\0007\0008\000.\0001\000\040\000K\000a\000h\000l\000e\000r\000\040\136\246\221\317\166\204\133\232\116\111}{section.100.5}% 1469
\BOOKMARK [2][-]{subsection.100.5.2}{\376\377\0001\0007\0008\000.\0002\000\040\000K\000a\000h\000l\000e\000r\000\040\140\122\173\111\137\017}{section.100.5}% 1470
\BOOKMARK [2][-]{subsection.100.5.3}{\376\377\0001\0007\0008\000.\0003\000\040\000H\000o\000d\000g\000e\000\040\122\006\211\343\133\232\164\006}{section.100.5}% 1471
\BOOKMARK [2][-]{subsection.100.5.4}{\376\377\0001\0007\0008\000.\0004\000\040\000C\000a\000l\000a\000b\000i\000\040\163\034\140\363\116\016\000\040\000Y\000a\000u\000\040\133\232\164\006}{section.100.5}% 1472
\BOOKMARK [2][-]{subsection.100.5.5}{\376\377\0001\0007\0008\000.\0005\000\040\000C\000h\000e\000r\000n\000\040\174\173\116\016\000\040\000C\000h\000e\000r\000n\000-\000W\000e\000i\000l\000\040\164\006\213\272}{section.100.5}% 1473
\BOOKMARK [0][-]{chapter.101}{\376\377\0000\0007\000-\142\323\142\121\116\016\121\340\117\125\000/\0000\0005\000-\121\340\117\125\122\006\147\220\000/\0000\0001\000-\147\201\134\017\146\362\227\142\116\016\214\003\124\214\146\040\134\004\000.\000m\000d}{}% 1474
\BOOKMARK [1][-]{section.101.1}{\376\377\173\054\0002\0006\0002\172\340\377\032\147\201\134\017\146\362\227\142}{chapter.101}% 1475
\BOOKMARK [2][-]{subsection.101.1.1}{\376\377\0001\0008\0002\000.\0001\000\040\147\201\134\017\146\362\227\142\145\271\172\013}{section.101.1}% 1476
\BOOKMARK [2][-]{subsection.101.1.2}{\376\377\0001\0008\0002\000.\0002\000\040\000W\000e\000i\000e\000r\000s\000t\000r\000a\000s\000s\000\040\210\150\171\072\121\154\137\017}{section.101.1}% 1477
\BOOKMARK [2][-]{subsection.101.1.3}{\376\377\0001\0008\0002\000.\0003\000\040\000P\000l\000a\000t\000e\000a\000u\000\040\225\356\230\230}{section.101.1}% 1478
\BOOKMARK [2][-]{subsection.101.1.4}{\376\377\0001\0008\0002\000.\0004\000\040\147\201\134\017\146\362\227\142\166\204\117\213\133\120}{section.101.1}% 1479
\BOOKMARK [2][-]{subsection.101.1.5}{\376\377\0001\0008\0002\000.\0005\000\040\121\340\117\125\155\113\136\246\213\272\145\271\154\325}{section.101.1}% 1480
\BOOKMARK [2][-]{subsection.101.1.6}{\376\377\0001\0008\0002\000.\0006\000\040\147\201\134\017\146\362\227\142\166\204\172\063\133\232\140\047}{section.101.1}% 1481
\BOOKMARK [1][-]{section.101.2}{\376\377\173\054\0002\0006\0003\172\340\377\032\214\003\124\214\146\040\134\004}{chapter.101}% 1482
\BOOKMARK [2][-]{subsection.101.2.1}{\376\377\0001\0008\0003\000.\0001\000\040\200\375\221\317\154\333\121\375\116\016\214\003\124\214\146\040\134\004\145\271\172\013}{section.101.2}% 1483
\BOOKMARK [2][-]{subsection.101.2.2}{\376\377\0001\0008\0003\000.\0002\000\040\000E\000e\000l\000l\000s\000-\000S\000a\000m\000p\000s\000o\000n\000\040\133\232\164\006}{section.101.2}% 1484
\BOOKMARK [2][-]{subsection.101.2.3}{\376\377\0001\0008\0003\000.\0003\000\040\214\003\124\214\146\040\134\004\166\204\133\130\127\050\140\047\116\016\226\234\170\215}{section.101.2}% 1485
\BOOKMARK [2][-]{subsection.101.2.4}{\376\377\0001\0008\0003\000.\0004\000\040\214\003\124\214\146\040\134\004\166\204\131\107\160\271\164\006\213\272}{section.101.2}% 1486
\BOOKMARK [1][-]{section.101.3}{\376\377\173\054\0002\0006\0004\172\340\377\032\000P\000l\000a\000t\000e\000a\000u\000\040\225\356\230\230\377\010\123\330\122\006\211\306\211\322\377\011}{chapter.101}% 1487
\BOOKMARK [2][-]{subsection.101.3.1}{\376\377\0001\0008\0002\000.\0007\000\040\147\201\134\017\146\362\227\142\145\271\172\013\116\016\121\161\137\142\210\150\171\072}{section.101.3}% 1488
\BOOKMARK [2][-]{subsection.101.3.2}{\376\377\0001\0008\0003\000.\0005\000\040\214\003\124\214\146\040\134\004\116\016\000\040\000T\000e\000i\000c\000h\000m\000u\000l\000l\000e\000r\000\040\164\006\213\272}{section.101.3}% 1489
\BOOKMARK [0][-]{chapter.102}{\376\377\0000\0007\000-\142\323\142\121\116\016\121\340\117\125\000/\0000\0005\000-\121\340\117\125\122\006\147\220\000/\0000\0002\000-\000R\000i\000c\000c\000i\155\101\116\016\121\161\137\142\121\340\117\125\000.\000m\000d}{}% 1490
\BOOKMARK [1][-]{section.102.1}{\376\377\173\054\0002\0006\0005\172\340\377\032\000R\000i\000c\000c\000i\000\040\155\101}{chapter.102}% 1491
\BOOKMARK [2][-]{subsection.102.1.1}{\376\377\0001\0008\0004\000.\0001\000\040\000R\000i\000c\000c\000i\000\040\155\101\145\271\172\013}{section.102.1}% 1492
\BOOKMARK [2][-]{subsection.102.1.2}{\376\377\0001\0008\0004\000.\0002\000\040\000H\000a\000m\000i\000l\000t\000o\000n\000\040\166\204\133\232\164\006}{section.102.1}% 1493
\BOOKMARK [2][-]{subsection.102.1.3}{\376\377\0001\0008\0004\000.\0003\000\040\000P\000e\000r\000e\000l\000m\000a\000n\000\040\166\204\135\345\117\134\116\016\000\040\000P\000o\000i\000n\000c\000a\000r\000\351\000\040\163\034\140\363\377\010\151\202\217\360\377\014\213\346\211\301\000\040\000V\0001\0003\377\011}{section.102.1}% 1494
\BOOKMARK [2][-]{subsection.102.1.4}{\376\377\0001\0008\0004\000.\0004\000\040\000R\000i\000c\000c\000i\000\040\155\101\127\050\131\015\121\340\117\125\116\055\166\204\136\224\165\050}{section.102.1}% 1495
\BOOKMARK [2][-]{subsection.102.1.5}{\376\377\0001\0008\0004\000.\0005\000\040\000C\000h\000e\000e\000g\000e\000r\000-\000G\000r\000o\000m\000o\000l\000l\000\040\122\006\210\302\133\232\164\006}{section.102.1}% 1496
\BOOKMARK [1][-]{section.102.2}{\376\377\173\054\0002\0006\0006\172\340\377\032\000Y\000a\000m\000a\000b\000e\000\040\225\356\230\230\116\016\121\161\137\142\121\340\117\125}{chapter.102}% 1497
\BOOKMARK [2][-]{subsection.102.2.1}{\376\377\0001\0008\0005\000.\0001\000\040\000Y\000a\000m\000a\000b\000e\000\040\225\356\230\230}{section.102.2}% 1498
\BOOKMARK [2][-]{subsection.102.2.2}{\376\377\0001\0008\0005\000.\0002\000\040\000Y\000a\000m\000a\000b\000e\000\040\225\356\230\230\166\204\211\343\121\263}{section.102.2}% 1499
\BOOKMARK [2][-]{subsection.102.2.3}{\376\377\0001\0008\0005\000.\0003\000\040\230\204\133\232\150\007\221\317\146\362\163\207}{section.102.2}% 1500
\BOOKMARK [1][-]{section.102.3}{\376\377\173\054\0002\0006\0007\172\340\377\032\121\340\117\125\000\040\000P\000D\000E\000\040\220\011\213\262}{chapter.102}% 1501
\BOOKMARK [2][-]{subsection.102.3.1}{\376\377\0001\0008\0006\000.\0001\000\040\136\163\127\107\146\362\163\207\155\101}{section.102.3}% 1502
\BOOKMARK [2][-]{subsection.102.3.2}{\376\377\0001\0008\0006\000.\0002\000\040\000Y\000a\000n\000g\000-\000M\000i\000l\000l\000s\000\040\145\271\172\013}{section.102.3}% 1503
\BOOKMARK [2][-]{subsection.102.3.3}{\376\377\0001\0008\0006\000.\0003\000\040\214\003\124\214\146\040\134\004\160\355\155\101}{section.102.3}% 1504
\BOOKMARK [0][-]{chapter.103}{\376\377\0000\0007\000-\142\323\142\121\116\016\121\340\117\125\000/\0000\0005\000-\121\340\117\125\122\006\147\220\000/\0000\0003\000-\214\061\116\016\173\111\124\150\116\015\173\111\137\017\000.\000m\000d}{}% 1505
\BOOKMARK [1][-]{section.103.1}{\376\377\173\054\0002\0006\0008\172\340\377\032\214\061\121\340\117\125}{chapter.103}% 1506
\BOOKMARK [2][-]{subsection.103.1.1}{\376\377\0001\0008\0008\000.\0001\000\040\000L\000a\000p\000l\000a\000c\000e\173\227\133\120\116\016\160\355\150\070}{section.103.1}% 1507
\BOOKMARK [2][-]{subsection.103.1.2}{\376\377\0001\0008\0008\000.\0002\000\040\173\111\214\061\225\356\230\230\116\016\123\315\214\061\225\356\230\230}{section.103.1}% 1508
\BOOKMARK [2][-]{subsection.103.1.3}{\376\377\0001\0008\0008\000.\0003\000\040\162\171\137\201\120\074\117\060\213\241}{section.103.1}% 1509
\BOOKMARK [1][-]{section.103.2}{\376\377\173\054\0002\0006\0009\172\340\377\032\173\111\124\150\116\015\173\111\137\017\116\016\121\340\117\125\116\015\173\111\137\017}{chapter.103}% 1510
\BOOKMARK [2][-]{subsection.103.2.1}{\376\377\0001\0008\0009\000.\0001\000\040\176\317\121\170\173\111\124\150\116\015\173\111\137\017}{section.103.2}% 1511
\BOOKMARK [2][-]{subsection.103.2.2}{\376\377\0001\0008\0009\000.\0002\000\040\146\362\163\207\116\016\173\111\124\150\116\015\173\111\137\017}{section.103.2}% 1512
\BOOKMARK [2][-]{subsection.103.2.3}{\376\377\0001\0008\0009\000.\0003\000\040\000B\000r\000u\000n\000n\000-\000M\000i\000n\000k\000o\000w\000s\000k\000i\000\040\116\015\173\111\137\017}{section.103.2}% 1513
\BOOKMARK [2][-]{subsection.103.2.4}{\376\377\0001\0008\0009\000.\0004\000\040\173\111\124\150\116\015\173\111\137\017\127\050\121\340\117\125\122\006\147\220\116\055\166\204\136\224\165\050}{section.103.2}% 1514
\BOOKMARK [0][-]{chapter.104}{\376\377\0000\0007\000-\142\323\142\121\116\016\121\340\117\125\000/\0000\0005\000-\121\340\117\125\122\006\147\220\000/\0000\0005\000-\122\006\137\142\116\016\000P\000l\000a\000t\000e\000a\000u\000.\000m\000d}{}% 1515
\BOOKMARK [1][-]{section.104.1}{\376\377\173\054\0002\0007\0000\172\340\377\032\000P\000l\000a\000t\000e\000a\000u\000\040\225\356\230\230\116\016\147\201\134\017\146\362\227\142}{chapter.104}% 1516
\BOOKMARK [2][-]{subsection.104.1.1}{\376\377\0002\0005\0000\000.\0001\000\040\176\317\121\170\000\040\000P\000l\000a\000t\000e\000a\000u\000\040\225\356\230\230}{section.104.1}% 1517
\BOOKMARK [2][-]{subsection.104.1.2}{\376\377\0002\0005\0000\000.\0002\000\040\147\201\134\017\146\362\227\142\166\204\153\143\122\031\140\047}{section.104.1}% 1518
\BOOKMARK [2][-]{subsection.104.1.3}{\376\377\0002\0005\0000\000.\0003\000\040\201\352\165\061\217\271\165\114\225\356\230\230\116\016\153\333\176\306\146\362\227\142}{section.104.1}% 1519
\BOOKMARK [1][-]{section.104.2}{\376\377\173\054\0002\0007\0001\172\340\377\032\123\330\122\006\154\325\166\204\121\340\117\125\155\113\136\246\213\272}{chapter.104}% 1520
\BOOKMARK [2][-]{subsection.104.2.1}{\376\377\0002\0005\0001\000.\0001\000\040\000C\000a\000c\000c\000i\000o\000p\000p\000o\000l\000i\000\040\226\306\116\016\147\011\226\120\124\150\225\177\226\306}{section.104.2}% 1521
\BOOKMARK [2][-]{subsection.104.2.2}{\376\377\0002\0005\0001\000.\0002\000\040\000B\000V\000\040\121\375\145\160\116\016\140\073\123\330\135\356}{section.104.2}% 1522
\BOOKMARK [2][-]{subsection.104.2.3}{\376\377\0002\0005\0001\000.\0003\000\040\126\376\120\317\131\004\164\006\116\055\166\204\123\330\122\006\145\271\154\325}{section.104.2}% 1523
\BOOKMARK [2][-]{subsection.104.2.4}{\376\377\0002\0005\0001\000.\0004\000\040\226\306\116\055\175\047\201\364\140\047\123\237\164\006\116\016\000\040\000G\000a\000m\000m\000a\000\040\145\066\145\133}{section.104.2}% 1524
\BOOKMARK [2][-]{subsection.104.2.5}{\376\377\0002\0005\0002\000.\0001\000\040\000D\000v\000o\000r\000e\000t\000z\000k\000y\133\232\164\006}{section.104.2}% 1525
\BOOKMARK [2][-]{subsection.104.2.6}{\376\377\0002\0005\0002\000.\0002\000\040\000J\000o\000h\000n\151\055\164\003\116\016\000B\000a\000n\000a\000c\000h\000-\000M\000a\000z\000u\000r\215\335\171\273}{section.104.2}% 1526
\BOOKMARK [2][-]{subsection.104.2.7}{\376\377\0002\0005\0002\000.\0003\000\040\121\370\117\123\166\204\156\020\217\321\155\123\136\246\163\260\214\141}{section.104.2}% 1527
\BOOKMARK [2][-]{subsection.104.2.8}{\376\377\0002\0005\0002\000.\0004\000\040\124\004\124\021\124\014\140\047\136\070\145\160\116\016\122\007\162\107\225\356\230\230}{section.104.2}% 1528
\BOOKMARK [2][-]{subsection.104.2.9}{\376\377\0002\0001\0000\000.\000A\000\040\121\340\117\125\155\113\136\246\213\272\210\145\121\105}{section.104.2}% 1529
\BOOKMARK [1][-]{section.104.3}{\376\377\173\054\0002\0007\0002\172\340\377\032\000H\000a\000u\000s\000d\000o\000r\000f\000f\000\040\155\113\136\246\116\016\122\006\137\142\176\364\145\160}{chapter.104}% 1530
\BOOKMARK [2][-]{subsection.104.3.1}{\376\377\0002\0004\0007\000.\0001\000\040\000H\000a\000u\000s\000d\000o\000r\000f\000f\000\040\155\113\136\246}{section.104.3}% 1531
\BOOKMARK [2][-]{subsection.104.3.2}{\376\377\0002\0004\0007\000.\0002\000\040\122\006\137\142\176\364\145\160}{section.104.3}% 1532
\BOOKMARK [2][-]{subsection.104.3.3}{\376\377\0002\0004\0007\000.\0003\000\040\201\352\166\370\117\074\226\306\116\016\217\355\116\343\121\375\145\160\174\373}{section.104.3}% 1533
\BOOKMARK [1][-]{section.104.4}{\376\377\173\054\0002\0007\0003\172\340\377\032\122\006\137\142\176\323\147\204\166\204\201\352\166\370\117\074\116\016\131\032\221\315\122\006\137\142}{chapter.104}% 1534
\BOOKMARK [2][-]{subsection.104.4.1}{\376\377\0002\0004\0008\000.\0001\000\040\201\352\116\377\134\004\122\006\137\142\116\016\226\217\147\072\122\006\137\142}{section.104.4}% 1535
\BOOKMARK [2][-]{subsection.104.4.2}{\376\377\0002\0004\0008\000.\0002\000\040\131\032\221\315\122\006\137\142\122\006\147\220}{section.104.4}% 1536
\BOOKMARK [2][-]{subsection.104.4.3}{\376\377\0002\0004\0008\000.\0003\000\040\156\027\155\101\116\016\122\006\137\142}{section.104.4}% 1537
\BOOKMARK [1][-]{section.104.5}{\376\377\173\054\0002\0007\0004\172\340\377\032\145\164\155\101\116\016\165\065\155\101}{chapter.104}% 1538
\BOOKMARK [2][-]{subsection.104.5.1}{\376\377\0002\0004\0009\000.\0001\000\040\123\357\145\164\155\101\226\306}{section.104.5}% 1539
\BOOKMARK [2][-]{subsection.104.5.2}{\376\377\0002\0004\0009\000.\0002\000\040\145\164\174\373\145\160\145\164\155\101\224\376}{section.104.5}% 1540
\BOOKMARK [2][-]{subsection.104.5.3}{\376\377\0002\0004\0009\000.\0003\000\040\173\111\124\150\116\015\173\111\137\017\116\016\000\040\000S\000o\000b\000o\000l\000e\000v\000\040\116\015\173\111\137\017}{section.104.5}% 1541
\BOOKMARK [0][-]{chapter.105}{\376\377\0000\0007\000-\142\323\142\121\116\016\121\340\117\125\000/\0000\0005\000-\121\340\117\125\122\006\147\220\000/\0000\0006\000-\121\370\121\340\117\125\000.\000m\000d}{}% 1542
\BOOKMARK [0][-]{chapter.106}{\376\377\121\370\121\340\117\125}{}% 1543
\BOOKMARK [1][-]{section.106.1}{\376\377\173\054\0002\0007\0005\172\340\377\032\121\370\117\123\164\006\213\272}{chapter.106}% 1544
\BOOKMARK [2][-]{subsection.106.1.1}{\376\377\0001\0009\0004\000.\0001\000\040\121\370\226\306\127\372\147\054\140\047\215\050}{section.106.1}% 1545
\BOOKMARK [2][-]{subsection.106.1.2}{\376\377\0001\0009\0004\000.\0002\000\040\000B\000r\000u\000n\000n\000-\000M\000i\000n\000k\000o\000w\000s\000k\000i\116\015\173\111\137\017}{section.106.1}% 1546
\BOOKMARK [2][-]{subsection.106.1.3}{\376\377\0001\0009\0004\000.\0003\000\040\173\111\124\150\116\015\173\111\137\017\116\016\121\370\117\123\166\204\173\111\124\150\125\106}{section.106.1}% 1547
\BOOKMARK [2][-]{subsection.106.1.4}{\376\377\0001\0009\0004\000.\0004\000\040\155\367\124\010\117\123\171\357\164\006\213\272}{section.106.1}% 1548
\BOOKMARK [2][-]{subsection.106.1.5}{\376\377\0001\0009\0004\000.\0005\000\040\000A\000l\000e\000k\000s\000a\000n\000d\000r\000o\000v\000-\000F\000e\000n\000c\000h\000e\000l\116\015\173\111\137\017}{section.106.1}% 1549
\BOOKMARK [1][-]{section.106.2}{\376\377\173\054\0002\0007\0006\172\340\377\032\121\370\117\123\147\201\120\074\225\356\230\230}{chapter.106}% 1550
\BOOKMARK [2][-]{subsection.106.2.1}{\376\377\0001\0009\0005\000.\0001\000\040\000M\000a\000h\000l\000e\000r\163\034\140\363\116\016\000S\000a\000n\000t\000a\000l\000o\116\015\173\111\137\017}{section.106.2}% 1551
\BOOKMARK [2][-]{subsection.106.2.2}{\376\377\0001\0009\0005\000.\0002\000\040\000J\000o\000h\000n\151\055\164\003\116\016\147\201\131\047\117\123\171\357\151\055\164\003}{section.106.2}% 1552
\BOOKMARK [2][-]{subsection.106.2.3}{\376\377\0001\0009\0005\000.\0003\000\040\173\111\124\150\127\213\225\356\230\230\116\016\000B\000l\000a\000s\000c\000h\000k\000e\000-\000S\000a\000n\000t\000a\000l\000o\116\015\173\111\137\017}{section.106.2}% 1553
\BOOKMARK [2][-]{subsection.106.2.4}{\376\377\0001\0009\0005\000.\0004\000\040\000D\000v\000o\000r\000e\000t\000z\000k\000y\133\232\164\006\116\016\000M\000i\000l\000m\000a\000n\155\123\136\246\163\260\214\141}{section.106.2}% 1554
\BOOKMARK [2][-]{subsection.106.2.5}{\376\377\0001\0009\0005\000.\0005\000\040\121\370\117\123\166\204\000B\000a\000n\000a\000c\000h\000-\000M\000a\000z\000u\000r\215\335\171\273}{section.106.2}% 1555
\BOOKMARK [0][-]{chapter.107}{\376\377\0000\0008\000-\116\343\145\160\121\340\117\125\116\016\145\160\213\272\000/\0000\0001\000-\116\343\145\160\121\340\117\125\000/\0000\0001\000-\116\377\134\004\116\016\134\004\137\161\174\007\000.\000m\000d}{}% 1556
\BOOKMARK [1][-]{section.107.1}{\376\377\173\054\0002\0008\0000\172\340\377\032\116\377\134\004\116\343\145\160\174\007}{chapter.107}% 1557
\BOOKMARK [2][-]{subsection.107.1.1}{\376\377\0008\0001\000.\0001\000\040\116\377\134\004\116\343\145\160\226\306}{section.107.1}% 1558
\BOOKMARK [2][-]{subsection.107.1.2}{\376\377\0008\0001\000.\0002\000\040\000H\000i\000l\000b\000e\000r\000t\000\040\226\366\160\271\133\232\164\006}{section.107.1}% 1559
\BOOKMARK [2][-]{subsection.107.1.3}{\376\377\0008\0001\000.\0003\000\040\116\015\123\357\176\246\140\047\116\016\116\343\145\160\174\007}{section.107.1}% 1560
\BOOKMARK [2][-]{subsection.107.1.4}{\376\377\0008\0001\000.\0004\000\040\127\120\150\007\163\257\116\016\140\001\134\004}{section.107.1}% 1561
\BOOKMARK [2][-]{subsection.107.1.5}{\376\377\0008\0001\000.\0005\000\040\176\364\145\160\164\006\213\272}{section.107.1}% 1562
\BOOKMARK [1][-]{section.107.2}{\376\377\173\054\0002\0008\0001\172\340\377\032\134\004\137\161\174\007\116\016\140\001\134\004}{chapter.107}% 1563
\BOOKMARK [2][-]{subsection.107.2.1}{\376\377\0008\0002\000.\0001\000\040\134\004\137\161\172\172\225\364}{section.107.2}% 1564
\BOOKMARK [2][-]{subsection.107.2.2}{\376\377\0008\0002\000.\0002\000\040\147\011\164\006\146\040\134\004\116\016\123\314\147\011\164\006\173\111\116\367}{section.107.2}% 1565
\BOOKMARK [2][-]{subsection.107.2.3}{\376\377\0008\0002\000.\0003\000\040\000V\000e\000r\000o\000n\000e\000s\000e\000\040\135\114\121\145\116\016\000\040\000S\000e\000g\000r\000e\000\040\135\114\121\145}{section.107.2}% 1566
\BOOKMARK [1][-]{section.107.3}{\376\377\173\054\0002\0008\0002\172\340\377\032\000G\000r\000\366\000b\000n\000e\000r\127\372\116\016\213\241\173\227\116\343\145\160\121\340\117\125}{chapter.107}% 1567
\BOOKMARK [2][-]{subsection.107.3.1}{\376\377\000H\000i\000l\000b\000e\000r\000t\127\372\133\232\164\006\116\016\230\171\136\217\164\006\213\272}{section.107.3}% 1568
\BOOKMARK [2][-]{subsection.107.3.2}{\376\377\000B\000u\000c\000h\000b\000e\000r\000g\000e\000r\173\227\154\325\116\016\000S\000-\131\032\230\171\137\017\150\007\121\306}{section.107.3}% 1569
\BOOKMARK [2][-]{subsection.107.3.3}{\376\377\155\210\121\103\164\006\213\272\116\016\211\343\131\032\230\171\137\017\145\271\172\013\176\304}{section.107.3}% 1570
\BOOKMARK [2][-]{subsection.107.3.4}{\376\377\000H\000i\000l\000b\000e\000r\000t\226\366\160\271\133\232\164\006\166\204\213\241\173\227\162\110\147\054}{section.107.3}% 1571
\BOOKMARK [1][-]{section.107.4}{\376\377\173\054\0002\0008\0003\172\340\377\032\116\343\145\160\174\007\166\204\131\107\160\271\116\016\211\343\155\210}{chapter.107}% 1572
\BOOKMARK [2][-]{subsection.107.4.1}{\376\377\000Z\000a\000r\000i\000s\000k\000i\122\007\172\172\225\364\116\016\153\143\122\031\134\100\220\350\163\257}{section.107.4}% 1573
\BOOKMARK [2][-]{subsection.107.4.2}{\376\377\131\107\160\271\226\306\166\204\176\323\147\204}{section.107.4}% 1574
\BOOKMARK [2][-]{subsection.107.4.3}{\376\377\153\143\211\304\123\026\116\016\131\107\160\271\211\343\155\210}{section.107.4}% 1575
\BOOKMARK [0][-]{chapter.108}{\376\377\0000\0008\000-\116\343\145\160\121\340\117\125\116\016\145\160\213\272\000/\0000\0001\000-\116\343\145\160\121\340\117\125\000/\0000\0002\000-\151\202\137\142\164\006\213\272\000.\000m\000d}{}% 1576
\BOOKMARK [1][-]{section.108.1}{\376\377\173\054\0002\0008\0004\172\340\377\032\151\202\137\142\164\006\213\272}{chapter.108}% 1577
\BOOKMARK [2][-]{subsection.108.1.1}{\376\377\0008\0003\000.\0001\000\040\116\377\134\004\151\202\137\142}{section.108.1}% 1578
\BOOKMARK [2][-]{subsection.108.1.2}{\376\377\0008\0003\000.\0002\000\040\134\102\116\016\163\257\134\102\172\172\225\364}{section.108.1}% 1579
\BOOKMARK [2][-]{subsection.108.1.3}{\376\377\0008\0003\000.\0003\000\040\134\004\137\161\151\202\137\142}{section.108.1}% 1580
\BOOKMARK [2][-]{subsection.108.1.4}{\376\377\0008\0003\000.\0004\000\040\151\202\137\142\166\204\140\001\134\004}{section.108.1}% 1581
\BOOKMARK [2][-]{subsection.108.1.5}{\376\377\0008\0003\000.\0005\000\040\151\202\137\142\116\012\166\204\142\337\121\335\200\132\134\102}{section.108.1}% 1582
\BOOKMARK [2][-]{subsection.108.1.6}{\376\377\0008\0003\000.\0006\000\040\151\202\137\142\164\006\213\272\116\055\166\204\176\364\145\160\213\272}{section.108.1}% 1583
\BOOKMARK [2][-]{subsection.108.1.7}{\376\377\0008\0003\000.\0007\000\040\151\202\137\142\164\006\213\272\116\055\166\204\116\012\124\014\214\003}{section.108.1}% 1584
\BOOKMARK [2][-]{subsection.108.1.8}{\376\377\0008\0003\000.\0008\000\040\151\202\137\142\164\006\213\272\116\055\166\204\137\142\137\017\151\202\137\142\116\016\137\142\123\330}{section.108.1}% 1585
\BOOKMARK [2][-]{subsection.108.1.9}{\376\377\0008\0003\000.\0009\000\040\151\202\137\142\164\006\213\272\116\016\152\041\172\172\225\364}{section.108.1}% 1586
\BOOKMARK [0][-]{chapter.109}{\376\377\0000\0008\000-\116\343\145\160\121\340\117\125\116\016\145\160\213\272\000/\0000\0001\000-\116\343\145\160\121\340\117\125\000/\0000\0003\000-\116\012\124\014\214\003\116\016\173\227\147\057\121\340\117\125\000.\000m\000d}{}% 1587
\BOOKMARK [1][-]{section.109.1}{\376\377\173\054\0002\0008\0005\172\340\377\032\116\012\124\014\214\003\145\271\154\325}{chapter.109}% 1588
\BOOKMARK [2][-]{subsection.109.1.1}{\376\377\0008\0004\000.\0001\000\040\134\102\116\012\124\014\214\003\166\204\133\232\116\111}{section.109.1}% 1589
\BOOKMARK [2][-]{subsection.109.1.2}{\376\377\0008\0004\000.\0002\000\040\000C\000e\000c\000h\000\040\116\012\124\014\214\003}{section.109.1}% 1590
\BOOKMARK [2][-]{subsection.109.1.3}{\376\377\0008\0004\000.\0003\000\040\000d\000e\000\040\000R\000h\000a\000m\000\040\116\012\124\014\214\003\116\016\000\040\000H\000o\000d\000g\000e\000\040\164\006\213\272}{section.109.1}% 1591
\BOOKMARK [2][-]{subsection.109.1.4}{\376\377\0008\0004\000.\0004\000\040\121\335\200\132\134\102\116\016\000\040\000S\000e\000r\000r\000e\000\040\133\232\164\006}{section.109.1}% 1592
\BOOKMARK [2][-]{subsection.109.1.5}{\376\377\0008\0004\000.\0005\000\040\000S\000e\000r\000r\000e\000\040\133\371\120\166}{section.109.1}% 1593
\BOOKMARK [2][-]{subsection.109.1.6}{\376\377\0008\0004\000.\0006\000\040\000E\000t\000a\000l\000e\000\040\116\012\124\014\214\003\116\016\000\040\000W\000e\000i\000l\000\040\163\034\140\363}{section.109.1}% 1594
\BOOKMARK [2][-]{subsection.109.1.7}{\376\377\0008\0004\000.\0007\000\040\146\166\117\123\116\012\124\014\214\003\116\016\000\040\000G\000r\000o\000t\000h\000e\000n\000d\000i\000e\000c\000k\000\040\166\204\121\155\116\052\121\375\133\120}{section.109.1}% 1595
\BOOKMARK [1][-]{section.109.2}{\376\377\173\054\0002\0008\0006\172\340\377\032\000A\000r\000a\000k\000e\000l\000o\000v\000\040\121\340\117\125}{chapter.109}% 1596
\BOOKMARK [2][-]{subsection.109.2.1}{\376\377\0008\0008\000.\0001\000\040\173\227\147\057\146\362\227\142\116\016\000\040\000H\000e\000r\000m\000i\000t\000e\000\040\136\246\221\317}{section.109.2}% 1597
\BOOKMARK [2][-]{subsection.109.2.2}{\376\377\0008\0008\000.\0002\000\040\173\227\147\057\000\040\000C\000h\000o\000w\000\040\177\244\116\016\173\227\147\057\166\370\116\244\164\006\213\272}{section.109.2}% 1598
\BOOKMARK [2][-]{subsection.109.2.3}{\376\377\0008\0008\000.\0003\000\040\173\227\147\057\000\040\000R\000i\000e\000m\000a\000n\000n\000-\000R\000o\000c\000h\000\040\133\232\164\006}{section.109.2}% 1599
\BOOKMARK [2][-]{subsection.109.2.4}{\376\377\0008\0008\000.\0004\000\040\173\227\147\057\000\040\000H\000i\000l\000b\000e\000r\000t\000-\000S\000a\000m\000u\000e\000l\000\040\133\232\164\006}{section.109.2}% 1600
\BOOKMARK [2][-]{subsection.109.2.5}{\376\377\0008\0008\000.\0005\000\040\136\224\165\050\377\032\000M\000o\000r\000d\000e\000l\000l\000\040\163\034\140\363\116\016\173\227\147\057\000\040\000B\000o\000g\000o\000m\000o\000l\000o\000v\000\040\163\034\140\363}{section.109.2}% 1601
\BOOKMARK [2][-]{subsection.109.2.6}{\376\377\0002\0003\0001\000.\000A\000\040\142\323\142\121\145\257\210\145\121\105}{section.109.2}% 1602
\BOOKMARK [2][-]{subsection.109.2.7}{\376\377\000G\000r\000o\000t\000h\000e\000n\000d\000i\000e\000c\000k\142\323\142\121\116\016\146\157}{section.109.2}% 1603
\BOOKMARK [2][-]{subsection.109.2.8}{\376\377\142\323\142\121\145\257\166\204\133\232\116\111\116\016\127\372\147\054\117\213\133\120}{section.109.2}% 1604
\BOOKMARK [2][-]{subsection.109.2.9}{\376\377\122\006\174\173\142\323\142\121\145\257\116\016\000L\000a\000w\000v\000e\000r\000e\000-\000T\000i\000e\000r\000n\000e\000y\142\323\142\121}{section.109.2}% 1605
\BOOKMARK [2][-]{subsection.109.2.10}{\376\377\142\323\142\121\145\257\164\006\213\272\166\204\145\160\133\146\137\161\124\315}{section.109.2}% 1606
\BOOKMARK [0][-]{chapter.110}{\376\377\0000\0008\000-\116\343\145\160\121\340\117\125\116\016\145\160\213\272\000/\0000\0001\000-\116\343\145\160\121\340\117\125\000/\0000\0004\000-\152\041\172\172\225\364\000.\000m\000d}{}% 1607
\BOOKMARK [1][-]{section.110.1}{\376\377\173\054\0002\0008\0007\172\340\377\032\163\257\227\142\174\007\116\016\152\041\172\172\225\364}{chapter.110}% 1608
\BOOKMARK [2][-]{subsection.110.1.1}{\376\377\0008\0005\000.\0001\000\040\163\257\227\142\174\007\166\204\147\204\220\040}{section.110.1}% 1609
\BOOKMARK [2][-]{subsection.110.1.2}{\376\377\0008\0005\000.\0002\000\040\152\041\172\172\225\364\164\006\213\272}{section.110.1}% 1610
\BOOKMARK [2][-]{subsection.110.1.3}{\376\377\0008\0005\000.\0003\000\040\123\314\147\011\164\006\121\340\117\125\116\016\147\201\134\017\152\041\127\213\176\262\230\206}{section.110.1}% 1611
\BOOKMARK [1][-]{section.110.2}{\376\377\173\054\0002\0008\0008\172\340\377\032\000F\000a\000n\000o\000\040\174\007\116\016\147\011\164\006\174\007}{chapter.110}% 1612
\BOOKMARK [2][-]{subsection.110.2.1}{\376\377\0008\0006\000.\0001\000\040\000F\000a\000n\000o\000\040\174\007\166\204\127\372\147\054\140\047\215\050}{section.110.2}% 1613
\BOOKMARK [2][-]{subsection.110.2.2}{\376\377\0008\0006\000.\0002\000\040\116\214\176\364\124\214\116\011\176\364\000\040\000F\000a\000n\000o\000\040\174\007\166\204\122\006\174\173}{section.110.2}% 1614
\BOOKMARK [2][-]{subsection.110.2.3}{\376\377\0008\0006\000.\0003\000\040\000M\000o\000r\000i\000\040\176\244\176\364\172\172\225\364\116\016\147\011\164\006\217\336\220\032\174\007}{section.110.2}% 1615
\BOOKMARK [2][-]{subsection.110.2.4}{\376\377\0008\0006\000.\0004\000\040\000L\000u\000r\000o\000t\000h\000\040\225\356\230\230\116\016\147\011\164\006\140\047}{section.110.2}% 1616
\BOOKMARK [1][-]{section.110.3}{\376\377\173\054\0002\0008\0009\172\340\377\032\147\201\123\026\174\007\116\016\000\040\000H\000i\000l\000b\000e\000r\000t\000\040\151\202\127\213}{chapter.110}% 1617
\BOOKMARK [2][-]{subsection.110.3.1}{\376\377\0008\0007\000.\0001\000\040\000H\000i\000l\000b\000e\000r\000t\000\040\131\032\230\171\137\017\116\016\000\040\000H\000i\000l\000b\000e\000r\000t\000\040\151\202\127\213}{section.110.3}% 1618
\BOOKMARK [2][-]{subsection.110.3.2}{\376\377\0008\0007\000.\0002\000\040\152\041\172\172\225\364\166\204\147\204\220\040\377\032\172\063\133\232\146\362\176\277}{section.110.3}% 1619
\BOOKMARK [2][-]{subsection.110.3.3}{\376\377\0008\0007\000.\0003\000\040\000G\000I\000T\000\040\172\063\133\232\140\047\116\016\000\040\000H\000i\000l\000b\000e\000r\000t\000-\000M\000u\000m\000f\000o\000r\000d\000\040\145\160\120\074\121\306\122\031}{section.110.3}% 1620
\BOOKMARK [0][-]{chapter.111}{\376\377\0000\0008\000-\116\343\145\160\121\340\117\125\116\016\145\160\213\272\000/\0000\0001\000-\116\343\145\160\121\340\117\125\000/\0000\0005\000-\203\003\165\164\213\272\000.\000m\000d}{}% 1621
\BOOKMARK [1][-]{subsection.111.0.1}{\376\377\0002\0002\0004\000.\000A\000\040\203\003\165\164\213\272\210\145\121\105}{chapter.111}% 1622
\BOOKMARK [1][-]{section.111.1}{\376\377\173\054\0002\0009\0000\172\340\377\032\203\003\165\164\060\001\121\375\133\120\116\016\201\352\161\066\123\330\143\142}{chapter.111}% 1623
\BOOKMARK [2][-]{subsection.111.1.1}{\376\377\0009\0004\000.\0001\000\040\203\003\165\164\166\204\133\232\116\111}{section.111.1}% 1624
\BOOKMARK [2][-]{subsection.111.1.2}{\376\377\0009\0004\000.\0002\000\040\121\375\133\120}{section.111.1}% 1625
\BOOKMARK [2][-]{subsection.111.1.3}{\376\377\0009\0004\000.\0003\000\040\201\352\161\066\123\330\143\142}{section.111.1}% 1626
\BOOKMARK [2][-]{subsection.111.1.4}{\376\377\0009\0004\000.\0004\000\040\000Y\000o\000n\000e\000d\000a\000\040\137\025\164\006}{section.111.1}% 1627
\BOOKMARK [1][-]{section.111.2}{\376\377\173\054\0002\0009\0001\172\340\377\032\147\201\226\120\116\016\117\131\147\201\226\120}{chapter.111}% 1628
\BOOKMARK [2][-]{subsection.111.2.1}{\376\377\0009\0005\000.\0001\000\040\147\201\226\120\166\204\146\156\220\115\133\232\116\111}{section.111.2}% 1629
\BOOKMARK [2][-]{subsection.111.2.2}{\376\377\0009\0005\000.\0002\000\040\162\171\153\212\147\201\226\120\116\016\117\131\147\201\226\120}{section.111.2}% 1630
\BOOKMARK [2][-]{subsection.111.2.3}{\376\377\0009\0005\000.\0003\000\040\133\214\131\007\140\047}{section.111.2}% 1631
\BOOKMARK [1][-]{section.111.3}{\376\377\173\054\0002\0009\0002\172\340\377\032\117\064\226\217\121\375\133\120}{chapter.111}% 1632
\BOOKMARK [2][-]{subsection.111.3.1}{\376\377\0009\0006\000.\0001\000\040\117\064\226\217\166\204\133\232\116\111}{section.111.3}% 1633
\BOOKMARK [2][-]{subsection.111.3.2}{\376\377\0009\0006\000.\0002\000\040\117\064\226\217\121\375\133\120\166\204\140\047\215\050}{section.111.3}% 1634
\BOOKMARK [2][-]{subsection.111.3.3}{\376\377\0009\0006\000.\0003\000\040\117\064\226\217\116\016\173\111\116\367}{section.111.3}% 1635
\BOOKMARK [1][-]{section.111.4}{\376\377\173\054\0002\0009\0003\172\340\377\032\123\125\133\120\116\016\116\343\145\160}{chapter.111}% 1636
\BOOKMARK [2][-]{subsection.111.4.1}{\376\377\0009\0007\000.\0001\000\040\123\125\133\120\166\204\133\232\116\111}{section.111.4}% 1637
\BOOKMARK [2][-]{subsection.111.4.2}{\376\377\0009\0007\000.\0002\000\040\000E\000i\000l\000e\000n\000b\000e\000r\000g\000-\000M\000o\000o\000r\000e\000\040\116\343\145\160\116\016\000\040\000K\000l\000e\000i\000s\000l\000i\000\040\203\003\165\164}{section.111.4}% 1638
\BOOKMARK [2][-]{subsection.111.4.3}{\376\377\0009\0007\000.\0003\000\040\123\125\133\120\116\016\116\343\145\160\164\006\213\272}{section.111.4}% 1639
\BOOKMARK [1][-]{section.111.5}{\376\377\173\054\0002\0009\0004\172\340\377\032\000A\000b\000e\000l\000\040\203\003\165\164\116\016\133\374\121\372\203\003\165\164\122\035\153\145}{chapter.111}% 1640
\BOOKMARK [2][-]{subsection.111.5.1}{\376\377\0009\0008\000.\0001\000\040\000A\000b\000e\000l\000\040\203\003\165\164}{section.111.5}% 1641
\BOOKMARK [2][-]{subsection.111.5.2}{\376\377\0009\0008\000.\0002\000\040\131\015\137\142\116\016\124\014\214\003}{section.111.5}% 1642
\BOOKMARK [2][-]{subsection.111.5.3}{\376\377\0009\0008\000.\0003\000\040\133\374\121\372\203\003\165\164}{section.111.5}% 1643
\BOOKMARK [0][-]{chapter.112}{\376\377\0000\0008\000-\116\343\145\160\121\340\117\125\116\016\145\160\213\272\000/\0000\0001\000-\116\343\145\160\121\340\117\125\000/\0000\0007\000-\232\330\226\066\203\003\165\164\213\272\116\016\133\374\121\372\121\340\117\125\000.\000m\000d}{}% 1644
\BOOKMARK [1][-]{subsection.112.0.1}{\376\377\133\374\121\372\116\343\145\160\121\340\117\125\133\374\137\025}{chapter.112}% 1645
\BOOKMARK [2][-]{subsection.112.0.2}{\376\377\176\317\121\170\116\343\145\160\121\340\117\125\166\204\116\011\131\047\226\120\122\066}{subsection.112.0.1}% 1646
\BOOKMARK [2][-]{subsection.112.0.3}{\376\377\123\125\176\257\163\257\116\016\133\374\121\372\163\257}{subsection.112.0.1}% 1647
\BOOKMARK [2][-]{subsection.112.0.4}{\376\377\133\374\121\372\151\202\137\142\166\204\133\232\116\111}{subsection.112.0.1}% 1648
\BOOKMARK [2][-]{subsection.112.0.5}{\376\377\117\131\122\007\131\015\137\142\166\204\153\143\137\017\133\232\116\111}{subsection.112.0.1}% 1649
\BOOKMARK [2][-]{subsection.112.0.6}{\376\377\133\374\121\372\137\142\123\330\164\006\213\272}{subsection.112.0.1}% 1650
\BOOKMARK [2][-]{subsection.112.0.7}{\376\377\133\374\121\372\116\244\164\006\213\272}{subsection.112.0.1}% 1651
\BOOKMARK [2][-]{subsection.112.0.8}{\376\377\214\061\116\343\145\160\121\340\117\125\173\200\116\313}{subsection.112.0.1}% 1652
\BOOKMARK [2][-]{subsection.112.0.9}{\376\377\133\374\121\372\123\340\116\016\121\375\133\120\211\302\160\271}{subsection.112.0.1}% 1653
\BOOKMARK [2][-]{subsection.112.0.10}{\376\377\133\374\121\372\151\202\137\142\166\204\136\163\134\125\116\012\124\014\214\003\116\016\121\155\121\375\133\120}{subsection.112.0.1}% 1654
\BOOKMARK [2][-]{subsection.112.0.11}{\376\377\232\330\226\066\203\003\165\164\213\272\133\374\137\025\377\032\042\036\000-\203\003\165\164}{subsection.112.0.1}% 1655
\BOOKMARK [2][-]{subsection.112.0.12}{\376\377\122\250\147\072\377\032\116\072\116\300\116\110\227\000\211\201\232\330\226\066\203\003\165\164}{subsection.112.0.1}% 1656
\BOOKMARK [2][-]{subsection.112.0.13}{\376\377\000\050\000\134\000i\000n\000f\000t\000y\000,\0001\000\051\000-\203\003\165\164\166\204\166\364\211\302\133\232\116\111}{subsection.112.0.1}% 1657
\BOOKMARK [2][-]{subsection.112.0.14}{\376\377\116\011\171\315\152\041\127\213\166\204\153\143\137\017\133\232\116\111\116\016\173\111\116\367\140\047}{subsection.112.0.1}% 1658
\BOOKMARK [2][-]{subsection.112.0.15}{\376\377\000\134\000i\000n\000f\000t\000y\000-\203\003\165\164\116\055\166\204\147\201\226\120\116\016\117\131\147\201\226\120}{subsection.112.0.1}% 1659
\BOOKMARK [2][-]{subsection.112.0.16}{\376\377\117\064\226\217\121\375\133\120\133\232\164\006\116\016\123\357\210\150\140\047}{subsection.112.0.1}% 1660
\BOOKMARK [2][-]{subsection.112.0.17}{\376\377\172\063\133\232\000\040\000\134\000i\000n\000f\000t\000y\000-\203\003\165\164}{subsection.112.0.1}% 1661
\BOOKMARK [2][-]{subsection.112.0.18}{\376\377\172\063\133\232\000\040\000\134\000i\000n\000f\000t\000y\000-\203\003\165\164\166\204\124\014\214\003\116\343\145\160}{subsection.112.0.1}% 1662
\BOOKMARK [2][-]{subsection.112.0.19}{\376\377\133\374\121\372\203\003\165\164\116\016\152\041\172\172\225\364}{subsection.112.0.1}% 1663
\BOOKMARK [2][-]{subsection.112.0.20}{\376\377\000\134\000i\000n\000f\000t\000y\000-\203\003\165\164\211\306\211\322\116\013\166\204\221\315\147\204}{subsection.112.0.1}% 1664
\BOOKMARK [2][-]{subsection.112.0.21}{\376\377\136\224\165\050\176\265\211\310\116\016\122\115\146\157}{subsection.112.0.1}% 1665
\BOOKMARK [0][-]{chapter.113}{\376\377\0000\0008\000-\116\343\145\160\121\340\117\125\116\016\145\160\213\272\000/\0000\0002\000-\145\160\213\272\000/\0000\0002\000-\152\041\137\142\137\017\000.\000m\000d}{}% 1666
\BOOKMARK [1][-]{section.113.1}{\376\377\173\054\0002\0009\0005\172\340\377\032\152\041\137\142\137\017}{chapter.113}% 1667
\BOOKMARK [2][-]{subsection.113.1.1}{\376\377\0008\0006\000.\0001\000\040\152\041\177\244\116\016\152\041\137\142\137\017}{section.113.1}% 1668
\BOOKMARK [2][-]{subsection.113.1.2}{\376\377\0008\0006\000.\0002\000\040\000E\000i\000s\000e\000n\000s\000t\000e\000i\000n\000\040\176\247\145\160\116\016\134\026\160\271\137\142\137\017}{section.113.1}% 1669
\BOOKMARK [2][-]{subsection.113.1.3}{\376\377\0008\0006\000.\0003\000\040\000H\000e\000c\000k\000e\000\040\173\227\133\120\116\016\000\040\000L\000\040\121\375\145\160}{section.113.1}% 1670
\BOOKMARK [2][-]{subsection.113.1.4}{\376\377\0008\0006\000.\0004\000\040\152\041\146\362\176\277\116\016\152\041\137\142\137\017}{section.113.1}% 1671
\BOOKMARK [2][-]{subsection.113.1.5}{\376\377\0008\0006\000.\0005\000\040\000J\000a\000c\000o\000b\000i\000\040\137\142\137\017\116\016\000\040\000S\000i\000e\000g\000e\000l\000\040\152\041\137\142\137\017}{section.113.1}% 1672
\BOOKMARK [1][-]{section.113.2}{\376\377\173\054\0002\0009\0006\172\340\377\032\211\343\147\220\145\160\213\272}{chapter.113}% 1673
\BOOKMARK [2][-]{subsection.113.2.1}{\376\377\0008\0005\000.\0001\000\040\173\227\147\057\121\375\145\160\116\016\000\040\000D\000i\000r\000i\000c\000h\000l\000e\000t\000\040\123\167\171\357}{section.113.2}% 1674
\BOOKMARK [2][-]{subsection.113.2.2}{\376\377\0008\0005\000.\0002\000\040\000D\000i\000r\000i\000c\000h\000l\000e\000t\000\040\176\247\145\160\116\016\000\040\000E\000u\000l\000e\000r\000\040\116\130\171\357}{section.113.2}% 1675
\BOOKMARK [2][-]{subsection.113.2.3}{\376\377\0008\0005\000.\0003\000\040\000R\000i\000e\000m\000a\000n\000n\000\040\000z\000e\000t\000a\000\040\121\375\145\160}{section.113.2}% 1676
\BOOKMARK [2][-]{subsection.113.2.4}{\376\377\0008\0005\000.\0004\000\040\175\040\145\160\133\232\164\006}{section.113.2}% 1677
\BOOKMARK [2][-]{subsection.113.2.5}{\376\377\0008\0005\000.\0005\000\040\130\006\127\222\145\160\213\272}{section.113.2}% 1678
\BOOKMARK [2][-]{subsection.113.2.6}{\376\377\0008\0005\000.\0006\000\040\217\336\122\006\145\160\164\006\213\272}{section.113.2}% 1679
\BOOKMARK [2][-]{subsection.113.2.7}{\376\377\0008\0005\000.\0007\000\040\145\160\166\204\121\340\117\125}{section.113.2}% 1680
\BOOKMARK [2][-]{subsection.113.2.8}{\376\377\0008\0005\000.\0008\000\040\173\133\154\325}{section.113.2}% 1681
\BOOKMARK [2][-]{subsection.113.2.9}{\376\377\0008\0005\000.\0009\000\040\143\007\145\160\124\214\116\016\116\011\211\322\124\214}{section.113.2}% 1682
\BOOKMARK [0][-]{chapter.114}{\376\377\0000\0008\000-\116\343\145\160\121\340\117\125\116\016\145\160\213\272\000/\0000\0002\000-\145\160\213\272\000/\0000\0003\000-\151\055\127\006\146\362\176\277\000.\000m\000d}{}% 1683
\BOOKMARK [1][-]{section.114.1}{\376\377\173\054\0002\0009\0007\172\340\377\032\151\055\127\006\146\362\176\277}{chapter.114}% 1684
\BOOKMARK [2][-]{subsection.114.1.1}{\376\377\0008\0007\000.\0001\000\040\000W\000e\000i\000e\000r\000s\000t\000r\000a\000s\000s\000\040\145\271\172\013\116\016\177\244\137\213}{section.114.1}% 1685
\BOOKMARK [2][-]{subsection.114.1.2}{\376\377\0008\0007\000.\0002\000\040\151\055\127\006\146\362\176\277\116\012\166\204\147\011\164\006\160\271\116\016\000\040\000M\000o\000r\000d\000e\000l\000l\000-\000W\000e\000i\000l\000\040\133\232\164\006}{section.114.1}% 1686
\BOOKMARK [2][-]{subsection.114.1.3}{\376\377\0008\0007\000.\0003\000\040\000T\000a\000t\000e\000\040\152\041\116\016\000\040\000e\000t\000a\000l\000e\000\040\116\012\124\014\214\003}{section.114.1}% 1687
\BOOKMARK [2][-]{subsection.114.1.4}{\376\377\0008\0007\000.\0004\000\040\000L\000\040\121\375\145\160\116\016\000\040\000B\000S\000D\000\040\163\034\140\363}{section.114.1}% 1688
\BOOKMARK [2][-]{subsection.114.1.5}{\376\377\0008\0007\000.\0005\000\040\152\041\140\047\133\232\164\006\116\016\000\040\000F\000e\000r\000m\000a\000t\000\040\131\047\133\232\164\006}{section.114.1}% 1689
\BOOKMARK [1][-]{section.114.2}{\376\377\173\054\0002\0009\0008\172\340\377\032\000B\000i\000r\000c\000h\000-\000S\000w\000i\000n\000n\000e\000r\000t\000o\000n\000-\000D\000y\000e\000r\163\034\140\363\116\016\000H\000e\000e\000g\000n\000e\000r\160\271}{chapter.114}% 1690
\BOOKMARK [2][-]{subsection.114.2.1}{\376\377\0008\0008\000.\0001\000\040\000M\000o\000r\000d\000e\000l\000l\146\362\176\277\116\016\000B\000S\000D\163\034\140\363\166\204\145\160\120\074\215\167\156\220}{section.114.2}% 1691
\BOOKMARK [2][-]{subsection.114.2.2}{\376\377\0008\0008\000.\0002\000\040\000H\000e\000e\000g\000n\000e\000r\160\271\147\204\220\040\116\016\000G\000r\000o\000s\000s\000-\000Z\000a\000g\000i\000e\000r\133\232\164\006}{section.114.2}% 1692
\BOOKMARK [2][-]{subsection.114.2.3}{\376\377\0008\0008\000.\0003\000\040\000K\000o\000l\000y\000v\000a\000g\000i\000n\000\040\000E\000u\000l\000e\000r\174\373\145\271\154\325}{section.114.2}% 1693
\BOOKMARK [2][-]{subsection.114.2.4}{\376\377\0008\0008\000.\0004\000\040\000B\000S\000D\163\034\140\363\166\204\220\350\122\006\176\323\147\234}{section.114.2}% 1694
\BOOKMARK [2][-]{subsection.114.2.5}{\376\377\0008\0008\000.\0005\000\040\000C\000o\000n\000g\000r\000u\000e\000n\000t\000\040\000N\000u\000m\000b\000e\000r\225\356\230\230\116\016\000T\000u\000n\000n\000e\000l\000l\133\232\164\006}{section.114.2}% 1695
\BOOKMARK [0][-]{chapter.115}{\376\377\0000\0008\000-\116\343\145\160\121\340\117\125\116\016\145\160\213\272\000/\0000\0002\000-\145\160\213\272\000/\0000\0005\000-\134\251\154\375\116\016\201\352\133\210\000.\000m\000d}{}% 1696
\BOOKMARK [1][-]{section.115.1}{\376\377\173\054\0002\0009\0009\172\340\377\032\134\251\154\375\164\006\213\272}{chapter.115}% 1697
\BOOKMARK [2][-]{subsection.115.1.1}{\376\377\0002\0003\0006\000.\0001\000\040\000\134\000m\000a\000t\000h\000b\000b\000\173\000Z\000\175\000\137\000p\000-\142\151\137\040\116\016\134\251\154\375\116\343\145\160}{section.115.1}% 1698
\BOOKMARK [2][-]{subsection.115.1.2}{\376\377\0002\0003\0006\000.\0002\000\040\134\251\154\375\127\372\147\054\133\232\164\006}{section.115.1}% 1699
\BOOKMARK [2][-]{subsection.115.1.3}{\376\377\0002\0003\0006\000.\0003\000\040\134\251\154\375\116\073\163\034\140\363}{section.115.1}% 1700
\BOOKMARK [1][-]{section.115.2}{\376\377\173\054\0003\0000\0000\172\340\377\032\201\352\133\210\137\142\137\017\116\016\152\041\137\142\137\017}{chapter.115}% 1701
\BOOKMARK [2][-]{subsection.115.2.1}{\376\377\0002\0003\0007\000.\0001\000\040\152\041\137\142\137\017}{section.115.2}% 1702
\BOOKMARK [2][-]{subsection.115.2.2}{\376\377\0002\0003\0007\000.\0002\000\040\000H\000e\000c\000k\000e\000\040\173\227\133\120\116\016\000\040\000E\000u\000l\000e\000r\000\040\171\357}{section.115.2}% 1703
\BOOKMARK [2][-]{subsection.115.2.3}{\376\377\0002\0003\0007\000.\0003\000\040\152\041\140\047\133\232\164\006\116\016\000\040\000L\000a\000n\000g\000l\000a\000n\000d\000s\000\040\176\262\230\206}{section.115.2}% 1704
\BOOKMARK [1][-]{section.115.3}{\376\377\173\054\0003\0000\0001\172\340\377\032\000S\000h\000i\000m\000u\000r\000a\000\040\174\007}{chapter.115}% 1705
\BOOKMARK [2][-]{subsection.115.3.1}{\376\377\0009\0001\000.\0001\000\040\000S\000h\000i\000m\000u\000r\000a\000\040\145\160\143\156\116\016\000\040\000S\000h\000i\000m\000u\000r\000a\000\040\174\007\166\204\147\204\220\040}{section.115.3}% 1706
\BOOKMARK [2][-]{subsection.115.3.2}{\376\377\0009\0001\000.\0002\000\040\176\317\121\170\117\213\133\120}{section.115.3}% 1707
\BOOKMARK [2][-]{subsection.115.3.3}{\376\377\0009\0001\000.\0003\000\040\000B\000a\000i\000l\000y\000-\000B\000o\000r\000e\000l\000\040\133\232\164\006\116\016\121\170\203\003\152\041\127\213}{section.115.3}% 1708
\BOOKMARK [2][-]{subsection.115.3.4}{\376\377\0009\0001\000.\0004\000\040\116\012\124\014\214\003\116\016\000\040\000L\000a\000n\000g\000l\000a\000n\000d\000s\000\040\176\262\230\206}{section.115.3}% 1709
\BOOKMARK [2][-]{subsection.115.3.5}{\376\377\0009\0001\000.\0005\000\040\000L\000a\000n\000g\000l\000a\000n\000d\000s\000-\000K\000o\000t\000t\000w\000i\000t\000z\000\040\145\271\154\325\116\016\000\040\000H\000a\000s\000s\000e\000-\000W\000e\000i\000l\000\040\000Z\000e\000t\000a\000\040\121\375\145\160}{section.115.3}% 1710
\BOOKMARK [2][-]{subsection.115.3.6}{\376\377\0009\0001\000.\0006\000\040\000S\000h\000i\000m\000u\000r\000a\000\040\174\007\166\204\173\227\147\057\136\224\165\050}{section.115.3}% 1711
\BOOKMARK [1][-]{section.115.4}{\376\377\173\054\0003\0000\0002\172\340\377\032\174\173\127\337\213\272}{chapter.115}% 1712
\BOOKMARK [2][-]{subsection.115.4.1}{\376\377\0002\0003\0005\000.\0001\000\040\123\206\123\362\122\250\147\072\116\016\127\372\147\054\225\356\230\230}{section.115.4}% 1713
\BOOKMARK [2][-]{subsection.115.4.2}{\376\377\0002\0003\0005\000.\0002\000\040\134\100\220\350\174\173\127\337\213\272}{section.115.4}% 1714
\BOOKMARK [2][-]{subsection.115.4.3}{\376\377\0002\0003\0005\000.\0003\000\040\145\164\117\123\174\173\127\337\213\272\377\032\000I\000d\000\350\000l\000e\000\040\137\142\137\017}{section.115.4}% 1715
\BOOKMARK [2][-]{subsection.115.4.4}{\376\377\0002\0003\0005\000.\0004\000\040\174\173\127\337\213\272\166\204\116\073\133\232\164\006\150\106\147\266}{section.115.4}% 1716
\BOOKMARK [2][-]{subsection.115.4.5}{\376\377\0002\0003\0005\000.\0005\000\040\000L\000a\000n\000g\000l\000a\000n\000d\000s\000\040\176\262\230\206\377\032\174\173\127\337\213\272\117\134\116\072\000\040\000n\000=\0001\000\040\140\305\137\142}{section.115.4}% 1717
\BOOKMARK [2][-]{subsection.115.4.6}{\376\377\0002\0003\0005\000.\0006\000\040\134\004\147\011\226\120\177\244\116\016\000\040\000G\000a\000l\000o\000i\000s\000\040\177\244\166\204\133\214\131\007\123\026}{section.115.4}% 1718
\BOOKMARK [2][-]{subsection.115.4.7}{\376\377\0002\0003\0005\000.\0007\000\040\116\222\123\315\137\213\166\204\121\167\117\123\137\142\137\017}{section.115.4}% 1719
\BOOKMARK [2][-]{subsection.115.4.8}{\376\377\0002\0003\0005\000.\0008\000\040\000T\000a\000k\000a\000g\000i\000\040\133\130\127\050\133\232\164\006}{section.115.4}% 1720
\BOOKMARK [0][-]{chapter.116}{\376\377\0000\0008\000-\116\343\145\160\121\340\117\125\116\016\145\160\213\272\000/\0000\0002\000-\145\160\213\272\000/\0000\0006\000-\133\306\170\001\116\016\150\074\133\306\170\001\000.\000m\000d}{}% 1721
\BOOKMARK [1][-]{subsection.116.0.1}{\376\377\0002\0003\0009\000.\000A\000\040\133\306\170\001\133\146\210\145\121\105}{chapter.116}% 1722
\BOOKMARK [1][-]{section.116.1}{\376\377\173\054\0003\0000\0003\172\340\377\032\177\026\170\001\164\006\213\272\155\361\123\026}{chapter.116}% 1723
\BOOKMARK [2][-]{subsection.116.1.1}{\376\377\0002\0005\0007\000.\0001\000\040\225\031\213\357\150\300\155\113\116\016\176\240\225\031}{section.116.1}% 1724
\BOOKMARK [2][-]{subsection.116.1.2}{\376\377\0002\0005\0007\000.\0002\000\040\176\317\121\170\116\343\145\160\177\026\170\001}{section.116.1}% 1725
\BOOKMARK [2][-]{subsection.116.1.3}{\376\377\0002\0005\0007\000.\0003\000\040\163\260\116\343\177\026\170\001\377\032\000T\000u\000r\000b\000o\000\040\170\001\060\001\000L\000D\000P\000C\000\040\116\016\000\040\000P\000o\000l\000a\000r\000\040\170\001}{section.116.1}% 1726
\BOOKMARK [1][-]{section.116.2}{\376\377\173\054\0003\0000\0004\172\340\377\032\133\371\171\360\133\306\170\001}{chapter.116}% 1727
\BOOKMARK [2][-]{subsection.116.2.1}{\376\377\0002\0005\0008\000.\0001\000\040\133\306\170\001\133\146\127\372\170\100\151\202\137\365}{section.116.2}% 1728
\BOOKMARK [2][-]{subsection.116.2.2}{\376\377\0002\0005\0008\000.\0002\000\040\122\006\176\304\133\306\170\001\116\016\155\101\133\306\170\001}{section.116.2}% 1729
\BOOKMARK [2][-]{subsection.116.2.3}{\376\377\0002\0005\0008\000.\0003\000\040\213\244\213\301\116\016\000\040\000H\000a\000s\000h}{section.116.2}% 1730
\BOOKMARK [1][-]{section.116.3}{\376\377\173\054\0003\0000\0005\172\340\377\032\121\154\224\245\133\306\170\001}{chapter.116}% 1731
\BOOKMARK [2][-]{subsection.116.3.1}{\376\377\0002\0005\0009\000.\0001\000\040\000R\000S\000A\000\040\116\016\126\340\133\120\122\006\211\343}{section.116.3}% 1732
\BOOKMARK [2][-]{subsection.116.3.2}{\376\377\0002\0005\0009\000.\0002\000\040\171\273\145\143\133\371\145\160\116\016\151\055\127\006\146\362\176\277\133\306\170\001}{section.116.3}% 1733
\BOOKMARK [2][-]{subsection.116.3.3}{\376\377\0002\0005\0009\000.\0003\000\040\124\014\140\001\122\240\133\306\116\016\133\211\121\150\213\241\173\227}{section.116.3}% 1734
\BOOKMARK [1][-]{section.116.4}{\376\377\173\054\0003\0000\0006\172\340\377\032\150\074\133\306\170\001\116\016\124\016\221\317\133\120\133\306\170\001}{chapter.116}% 1735
\BOOKMARK [2][-]{subsection.116.4.1}{\376\377\0002\0006\0000\000.\0001\000\040\150\074\127\372\170\100}{section.116.4}% 1736
\BOOKMARK [2][-]{subsection.116.4.2}{\376\377\0002\0006\0000\000.\0002\000\040\127\372\116\216\150\074\166\204\133\306\170\001\117\123\122\066}{section.116.4}% 1737
\BOOKMARK [2][-]{subsection.116.4.3}{\376\377\0002\0006\0000\000.\0003\000\040\121\166\116\326\124\016\221\317\133\120\133\306\170\001\145\271\154\325}{section.116.4}% 1738
\BOOKMARK [2][-]{subsection.116.4.4}{\376\377\124\016\221\317\133\120\133\306\170\001\133\146\166\204\145\160\133\146\127\372\170\100\116\016\122\115\154\277}{section.116.4}% 1739
\BOOKMARK [1][-]{section.116.5}{\376\377\173\054\0003\0000\0007\172\340\377\032\133\306\170\001\123\117\213\256}{chapter.116}% 1740
\BOOKMARK [2][-]{subsection.116.5.1}{\376\377\0002\0006\0001\000.\0001\000\040\145\160\133\127\173\176\124\015}{section.116.5}% 1741
\BOOKMARK [2][-]{subsection.116.5.2}{\376\377\0002\0006\0001\000.\0002\000\040\226\366\167\345\213\306\213\301\146\016}{section.116.5}% 1742
\BOOKMARK [2][-]{subsection.116.5.3}{\376\377\0002\0006\0001\000.\0003\000\040\133\211\121\150\131\032\145\271\213\241\173\227}{section.116.5}% 1743
\BOOKMARK [2][-]{subsection.116.5.4}{\376\377\133\306\170\001\123\117\213\256\166\204\163\260\116\343\123\321\134\125\116\016\232\214\213\301}{section.116.5}% 1744
\BOOKMARK [2][-]{subsection.116.5.5}{\376\377\0002\0004\0005\000.\000A\000\040\221\317\133\120\133\306\170\001\133\146\116\016\117\341\140\157\213\272\133\211\121\150}{section.116.5}% 1745
\BOOKMARK [2][-]{subsection.116.5.6}{\376\377\0002\0006\0002\000.\0001\000\040\221\317\133\120\133\306\224\245\122\006\123\321\166\204\145\160\133\146\127\372\170\100}{section.116.5}% 1746
\BOOKMARK [2][-]{subsection.116.5.7}{\376\377\0002\0006\0002\000.\0002\000\040\150\074\133\306\170\001\116\016\124\016\221\317\133\120\133\211\121\150}{section.116.5}% 1747
\BOOKMARK [2][-]{subsection.116.5.8}{\376\377\0002\0006\0002\000.\0003\000\040\117\341\140\157\213\272\133\211\121\150}{section.116.5}% 1748
\BOOKMARK [0][-]{chapter.117}{\376\377\0000\0008\000-\116\343\145\160\121\340\117\125\116\016\145\160\213\272\000/\0000\0002\000-\145\160\213\272\000/\0000\0007\000-\122\035\173\111\145\160\213\272\000.\000m\000d}{}% 1749
\BOOKMARK [0][-]{chapter.118}{\376\377\122\035\173\111\145\160\213\272}{}% 1750
\BOOKMARK [1][-]{section.118.1}{\376\377\173\054\0003\0000\0008\172\340\377\032\145\164\226\144\116\016\124\014\117\131\164\006\213\272}{chapter.118}% 1751
\BOOKMARK [2][-]{subsection.118.1.1}{\376\377\0002\0004\0006\000.\0001\000\040\145\164\226\144\116\016\136\046\117\131\226\144\154\325}{section.118.1}% 1752
\BOOKMARK [2][-]{subsection.118.1.2}{\376\377\0002\0004\0006\000.\0002\000\040\173\227\147\057\127\372\147\054\133\232\164\006}{section.118.1}% 1753
\BOOKMARK [2][-]{subsection.118.1.3}{\376\377\0002\0004\0006\000.\0003\000\040\124\014\117\131\116\016\124\014\117\131\174\173}{section.118.1}% 1754
\BOOKMARK [2][-]{subsection.118.1.4}{\376\377\0002\0004\0006\000.\0004\000\040\000E\000u\000l\000e\000r\133\232\164\006\060\001\000F\000e\000r\000m\000a\000t\134\017\133\232\164\006\116\016\000W\000i\000l\000s\000o\000n\133\232\164\006}{section.118.1}% 1755
\BOOKMARK [2][-]{subsection.118.1.5}{\376\377\0002\0004\0006\000.\0005\000\040\123\237\150\071\116\016\171\273\145\143\133\371\145\160}{section.118.1}% 1756
\BOOKMARK [1][-]{section.118.2}{\376\377\173\054\0003\0000\0009\172\340\377\032\116\214\153\041\116\222\123\315\137\213\116\016\000D\000i\000o\000p\000h\000a\000n\000t\000i\000n\000e\145\271\172\013}{chapter.118}% 1757
\BOOKMARK [2][-]{subsection.118.2.1}{\376\377\0002\0004\0007\000.\0001\000\040\116\214\153\041\122\151\117\131\116\016\000L\000e\000g\000e\000n\000d\000r\000e\173\046\123\367}{section.118.2}% 1758
\BOOKMARK [2][-]{subsection.118.2.2}{\376\377\0002\0004\0007\000.\0002\000\040\116\214\153\041\116\222\123\315\137\213}{section.118.2}% 1759
\BOOKMARK [2][-]{subsection.118.2.3}{\376\377\0002\0004\0007\000.\0003\000\040\000J\000a\000c\000o\000b\000i\173\046\123\367\116\016\000K\000r\000o\000n\000e\000c\000k\000e\000r\173\046\123\367}{section.118.2}% 1760
\BOOKMARK [2][-]{subsection.118.2.4}{\376\377\0002\0004\0007\000.\0004\000\040\217\336\122\006\145\160\164\006\213\272}{section.118.2}% 1761
\BOOKMARK [2][-]{subsection.118.2.5}{\376\377\0002\0004\0007\000.\0005\000\040\000P\000e\000l\000l\145\271\172\013\116\016\116\214\153\041\127\213\166\204\173\227\147\057}{section.118.2}% 1762
\BOOKMARK [2][-]{subsection.118.2.6}{\376\377\0002\0004\0007\000.\0006\000\040\116\000\116\233\176\317\121\170\000D\000i\000o\000p\000h\000a\000n\000t\000i\000n\000e\145\271\172\013}{section.118.2}% 1763
\BOOKMARK [1][-]{section.118.3}{\376\377\173\054\0003\0001\0000\172\340\377\032\211\343\147\220\145\271\154\325\166\204\122\035\173\111\136\224\165\050}{chapter.118}% 1764
\BOOKMARK [2][-]{subsection.118.3.1}{\376\377\0002\0004\0008\000.\0001\000\040\000M\000\366\000b\000i\000u\000s\123\315\157\024\121\154\137\017}{section.118.3}% 1765
\BOOKMARK [2][-]{subsection.118.3.2}{\376\377\0002\0004\0008\000.\0002\000\040\175\040\145\160\133\232\164\006\166\204\122\035\173\111\213\301\146\016\151\202\217\360}{section.118.3}% 1766
\BOOKMARK [2][-]{subsection.118.3.3}{\376\377\0002\0004\0008\000.\0003\000\040\173\111\135\356\145\160\122\027\116\055\166\204\175\040\145\160}{section.118.3}% 1767
\BOOKMARK [0][-]{chapter.119}{\376\377\0000\0009\000-\137\256\122\006\145\271\172\013\116\016\122\250\122\233\174\373\176\337\000/\0000\0001\000-\137\256\122\006\145\271\172\013\000/\0000\0001\000-\136\070\137\256\122\006\145\271\172\013\000.\000m\000d}{}% 1768
\BOOKMARK [1][-]{section.119.1}{\376\377\173\054\0003\0001\0001\172\340\377\032\136\070\137\256\122\006\145\271\172\013\127\372\170\100}{chapter.119}% 1769
\BOOKMARK [2][-]{subsection.119.1.1}{\376\377\0008\0009\000.\0001\000\040\127\372\147\054\151\202\137\365}{section.119.1}% 1770
\BOOKMARK [2][-]{subsection.119.1.2}{\376\377\0008\0009\000.\0002\000\040\000P\000i\000c\000a\000r\000d\000-\000L\000i\000n\000d\000e\000l\000\366\000f\000\040\133\232\164\006}{section.119.1}% 1771
\BOOKMARK [2][-]{subsection.119.1.3}{\376\377\0008\0009\000.\0003\000\040\211\343\166\204\136\366\142\323\116\016\147\201\131\047\211\343}{section.119.1}% 1772
\BOOKMARK [2][-]{subsection.119.1.4}{\376\377\0008\0009\000.\0004\000\040\201\352\154\273\174\373\176\337\116\016\166\370\136\163\227\142\122\006\147\220}{section.119.1}% 1773
\BOOKMARK [2][-]{subsection.119.1.5}{\376\377\0008\0009\000.\0005\000\040\153\324\217\203\133\232\164\006\116\016\137\256\122\006\116\015\173\111\137\017}{section.119.1}% 1774
\BOOKMARK [1][-]{section.119.2}{\376\377\173\054\0003\0001\0002\172\340\377\032\176\277\140\047\000O\000D\000E\174\373\176\337}{chapter.119}% 1775
\BOOKMARK [2][-]{subsection.119.2.1}{\376\377\0009\0000\000.\0001\000\040\167\351\226\065\143\007\145\160}{section.119.2}% 1776
\BOOKMARK [2][-]{subsection.119.2.2}{\376\377\0009\0000\000.\0002\000\040\136\070\174\373\145\160\176\277\140\047\174\373\176\337\166\204\172\063\133\232\140\047}{section.119.2}% 1777
\BOOKMARK [2][-]{subsection.119.2.3}{\376\377\0009\0000\000.\0003\000\040\172\063\133\232\155\101\137\142\133\232\164\006}{section.119.2}% 1778
\BOOKMARK [2][-]{subsection.119.2.4}{\376\377\0009\0000\000.\0004\000\040\000L\000y\000a\000p\000u\000n\000o\000v\000\040\121\375\145\160}{section.119.2}% 1779
\BOOKMARK [2][-]{subsection.119.2.5}{\376\377\0009\0000\000.\0005\000\040\000F\000l\000o\000q\000u\000e\000t\000\040\164\006\213\272\116\016\124\150\147\037\174\373\145\160\174\373\176\337}{section.119.2}% 1780
\BOOKMARK [0][-]{chapter.120}{\376\377\0000\0009\000-\137\256\122\006\145\271\172\013\116\016\122\250\122\233\174\373\176\337\000/\0000\0001\000-\137\256\122\006\145\271\172\013\000/\0000\0002\000-\120\117\137\256\122\006\145\271\172\013\000.\000m\000d}{}% 1781
\BOOKMARK [1][-]{section.120.1}{\376\377\173\054\0003\0001\0003\172\340\377\032\120\117\137\256\122\006\145\271\172\013\127\372\170\100}{chapter.120}% 1782
\BOOKMARK [2][-]{subsection.120.1.1}{\376\377\0009\0001\000.\0001\000\040\127\372\147\054\151\202\137\365\116\016\122\006\174\173}{section.120.1}% 1783
\BOOKMARK [2][-]{subsection.120.1.2}{\376\377\0009\0001\000.\0002\000\040\116\000\226\066\000\040\000P\000D\000E\000\040\116\016\162\171\137\201\176\277\154\325}{section.120.1}% 1784
\BOOKMARK [2][-]{subsection.120.1.3}{\376\377\0009\0001\000.\0003\000\040\220\002\133\232\140\047}{section.120.1}% 1785
\BOOKMARK [2][-]{subsection.120.1.4}{\376\377\0009\0001\000.\0004\000\040\122\006\171\273\123\330\221\317\154\325}{section.120.1}% 1786
\BOOKMARK [1][-]{section.120.2}{\376\377\173\054\0003\0001\0004\172\340\377\032\151\055\127\006\060\001\142\233\162\151\116\016\123\314\146\362\127\213\145\271\172\013}{chapter.120}% 1787
\BOOKMARK [2][-]{subsection.120.2.1}{\376\377\0009\0002\000.\0001\000\040\000L\000a\000p\000l\000a\000c\000e\000\040\145\271\172\013\116\016\000\040\000P\000o\000i\000s\000s\000o\000n\000\040\145\271\172\013}{section.120.2}% 1788
\BOOKMARK [2][-]{subsection.120.2.2}{\376\377\0009\0002\000.\0002\000\040\160\355\145\271\172\013}{section.120.2}% 1789
\BOOKMARK [2][-]{subsection.120.2.3}{\376\377\0009\0002\000.\0003\000\040\154\342\122\250\145\271\172\013}{section.120.2}% 1790
\BOOKMARK [1][-]{section.120.3}{\376\377\173\054\0003\0001\0005\172\340\377\032\000S\000o\000b\000o\000l\000e\000v\000\040\172\172\225\364\116\016\137\061\211\343}{chapter.120}% 1791
\BOOKMARK [2][-]{subsection.120.3.1}{\376\377\0009\0003\000.\0001\000\040\137\061\133\374\145\160\116\016\000\040\000S\000o\000b\000o\000l\000e\000v\000\040\172\172\225\364}{section.120.3}% 1792
\BOOKMARK [2][-]{subsection.120.3.2}{\376\377\0009\0003\000.\0002\000\040\000S\000o\000b\000o\000l\000e\000v\000\040\135\114\121\145\133\232\164\006}{section.120.3}% 1793
\BOOKMARK [2][-]{subsection.120.3.3}{\376\377\0009\0003\000.\0004\000\040\153\143\122\031\140\047\164\006\213\272}{section.120.3}% 1794
\BOOKMARK [0][-]{chapter.121}{\376\377\0000\0009\000-\137\256\122\006\145\271\172\013\116\016\122\250\122\233\174\373\176\337\000/\0000\0001\000-\137\256\122\006\145\271\172\013\000/\0000\0003\000-\000S\000o\000b\000o\000l\000e\000v\172\172\225\364\116\016\162\171\153\212\121\375\145\160\000.\000m\000d}{}% 1795
\BOOKMARK [1][-]{section.121.1}{\376\377\173\054\0003\0001\0006\172\340\377\032\000S\000o\000b\000o\000l\000e\000v\000\040\172\172\225\364}{chapter.121}% 1796
\BOOKMARK [2][-]{subsection.121.1.1}{\376\377\137\061\133\374\145\160\116\016\000\040\000S\000o\000b\000o\000l\000e\000v\000\040\172\172\225\364\000\040\000W\000\136\003\002\000\173\000k\000,\000p\000\175}{section.121.1}% 1797
\BOOKMARK [2][-]{subsection.121.1.2}{\376\377\122\006\145\160\226\066\000\040\000S\000o\000b\000o\000l\000e\000v\000\040\172\172\225\364\000\040\000H\000\136\003\002\000s\000\050\000\134\000m\000a\000t\000h\000b\000b\000\173\000R\000\175\000\136\003\002\000n\000\051}{section.121.1}% 1798
\BOOKMARK [2][-]{subsection.121.1.3}{\376\377\220\074\217\321\116\016\172\040\133\306\140\047}{section.121.1}% 1799
\BOOKMARK [2][-]{subsection.121.1.4}{\376\377\000S\000o\000b\000o\000l\000e\000v\000\040\135\114\121\145\133\232\164\006}{section.121.1}% 1800
\BOOKMARK [2][-]{subsection.121.1.5}{\376\377\175\047\135\114\121\145\116\016\000\040\000R\000e\000l\000l\000i\000c\000h\000-\000K\000o\000n\000d\000r\000a\000c\000h\000o\000v\000\040\133\232\164\006}{section.121.1}% 1801
\BOOKMARK [2][-]{subsection.121.1.6}{\376\377\217\371\133\232\164\006}{section.121.1}% 1802
\BOOKMARK [2][-]{subsection.121.1.7}{\376\377\000P\000o\000i\000n\000c\000a\000r\000\351\000\040\116\015\173\111\137\017}{section.121.1}% 1803
\BOOKMARK [2][-]{subsection.121.1.8}{\376\377\000S\000o\000b\000o\000l\000e\000v\000\040\172\172\225\364\127\050\000\040\000P\000D\000E\000\040\116\055\166\204\136\224\165\050\150\106\147\266}{section.121.1}% 1804
\BOOKMARK [1][-]{section.121.2}{\376\377\173\054\0003\0001\0007\172\340\377\032\000K\000A\000M\000\040\164\006\213\272\116\016\201\352\165\061\217\271\165\114\225\356\230\230}{chapter.121}% 1805
\BOOKMARK [2][-]{subsection.121.2.1}{\376\377\0009\0006\000.\0001\000\040\000K\000A\000M\000\040\164\006\213\272\377\010\000K\000o\000l\000m\000o\000g\000o\000r\000o\000v\000-\000A\000r\000n\000o\000l\000d\000-\000M\000o\000s\000e\000r\377\011}{section.121.2}% 1806
\BOOKMARK [2][-]{subsection.121.2.2}{\376\377\0009\0006\000.\0002\000\040\201\352\165\061\217\271\165\114\225\356\230\230\377\010\000F\000r\000e\000e\000\040\000B\000o\000u\000n\000d\000a\000r\000y\000\040\000P\000r\000o\000b\000l\000e\000m\000s\377\011}{section.121.2}% 1807
\BOOKMARK [1][-]{section.121.3}{\376\377\173\054\0003\0001\0008\172\340\377\032\162\171\153\212\121\375\145\160\116\016\153\143\116\244\131\032\230\171\137\017}{chapter.121}% 1808
\BOOKMARK [2][-]{subsection.121.3.1}{\376\377\0009\0007\000.\0001\000\040\000G\000a\000m\000m\000a\000\040\121\375\145\160\116\016\000\040\000B\000e\000t\000a\000\040\121\375\145\160}{section.121.3}% 1809
\BOOKMARK [2][-]{subsection.121.3.2}{\376\377\0009\0007\000.\0002\000\040\000B\000e\000s\000s\000e\000l\000\040\121\375\145\160}{section.121.3}% 1810
\BOOKMARK [2][-]{subsection.121.3.3}{\376\377\0009\0007\000.\0003\000\040\000L\000e\000g\000e\000n\000d\000r\000e\000\040\131\032\230\171\137\017\116\016\164\003\214\020\121\375\145\160}{section.121.3}% 1811
\BOOKMARK [2][-]{subsection.121.3.4}{\376\377\0009\0007\000.\0004\000\040\215\205\121\340\117\125\121\375\145\160\116\016\124\010\155\101\127\213}{section.121.3}% 1812
\BOOKMARK [0][-]{chapter.122}{\376\377\0000\0009\000-\137\256\122\006\145\271\172\013\116\016\122\250\122\233\174\373\176\337\000/\0000\0001\000-\137\256\122\006\145\271\172\013\000/\0000\0004\000-\000D\152\041\116\016\155\367\124\010\127\213\000.\000m\000d}{}% 1813
\BOOKMARK [1][-]{section.122.1}{\376\377\173\054\0003\0001\0009\172\340\377\032\000D\000-\152\041\164\006\213\272}{chapter.122}% 1814
\BOOKMARK [2][-]{subsection.122.1.1}{\376\377\0009\0003\000.\0001\000\040\000W\000e\000y\000l\116\343\145\160\116\016\000D\000-\152\041\166\204\127\372\147\054\133\232\116\111}{section.122.1}% 1815
\BOOKMARK [2][-]{subsection.122.1.2}{\376\377\0009\0003\000.\0002\000\040\166\364\120\317\116\016\220\006\120\317\121\375\133\120}{section.122.1}% 1816
\BOOKMARK [2][-]{subsection.122.1.3}{\376\377\0009\0003\000.\0003\000\040\000R\000i\000e\000m\000a\000n\000n\000-\000H\000i\000l\000b\000e\000r\000t\000\040\133\371\136\224}{section.122.1}% 1817
\BOOKMARK [2][-]{subsection.122.1.4}{\376\377\0009\0003\000.\0004\000\040\000B\000e\000r\000n\000s\000t\000e\000i\000n\000-\000S\000a\000t\000o\000\040\131\032\230\171\137\017}{section.122.1}% 1818
\BOOKMARK [1][-]{section.122.2}{\376\377\173\054\0003\0002\0000\172\340\377\032\162\171\153\212\145\271\172\013\116\016\143\250\136\177}{chapter.122}% 1819
\BOOKMARK [2][-]{subsection.122.2.1}{\376\377\0009\0004\000.\0001\000\040\000P\000a\000i\000n\000l\000e\000v\000e\145\271\172\013}{section.122.2}% 1820
\BOOKMARK [2][-]{subsection.122.2.2}{\376\377\0009\0004\000.\0002\000\040\154\333\121\375\137\256\122\006\145\271\172\013}{section.122.2}% 1821
\BOOKMARK [1][-]{section.122.3}{\376\377\173\054\0003\0002\0001\172\340\377\032\155\367\124\010\127\213\120\117\137\256\122\006\145\271\172\013}{chapter.122}% 1822
\BOOKMARK [2][-]{subsection.122.3.1}{\376\377\0009\0005\000.\0001\000\040\155\367\124\010\127\213\145\271\172\013\166\204\153\143\137\017\133\232\116\111\116\016\122\006\174\173}{section.122.3}% 1823
\BOOKMARK [2][-]{subsection.122.3.2}{\376\377\0009\0005\000.\0002\000\040\155\367\124\010\127\213\145\271\172\013\166\204\217\271\165\114\120\074\225\356\230\230}{section.122.3}% 1824
\BOOKMARK [2][-]{subsection.122.3.3}{\376\377\0009\0005\000.\0003\000\040\155\367\124\010\127\213\145\271\172\013\166\204\220\002\133\232\140\047\150\106\147\266}{section.122.3}% 1825
\BOOKMARK [0][-]{chapter.123}{\376\377\0000\0009\000-\137\256\122\006\145\271\172\013\116\016\122\250\122\233\174\373\176\337\000/\0000\0002\000-\122\250\122\233\174\373\176\337\000/\0000\0001\000-\171\273\145\143\116\016\217\336\176\355\000.\000m\000d}{}% 1826
\BOOKMARK [1][-]{section.123.1}{\376\377\173\054\0003\0002\0002\172\340\377\032\217\336\176\355\116\016\171\273\145\143\122\250\122\233\174\373\176\337}{chapter.123}% 1827
\BOOKMARK [2][-]{subsection.123.1.1}{\376\377\0009\0009\000.\0001\000\040\217\336\176\355\122\250\122\233\174\373\176\337\116\016\171\273\145\143\122\250\122\233\174\373\176\337}{section.123.1}% 1828
\BOOKMARK [2][-]{subsection.123.1.2}{\376\377\0009\0009\000.\0002\000\040\000P\000o\000i\000n\000c\000a\000r\000\351\000-\000B\000e\000n\000d\000i\000x\000s\000o\000n\000\040\133\232\164\006}{section.123.1}% 1829
\BOOKMARK [2][-]{subsection.123.1.3}{\376\377\0009\0009\000.\0003\000\040\163\257\227\142\116\012\166\204\145\340\164\006\155\101}{section.123.1}% 1830
\BOOKMARK [2][-]{subsection.123.1.4}{\376\377\0009\0009\000.\0004\000\040\000S\000m\000a\000l\000e\000\040\232\154\216\104}{section.123.1}% 1831
\BOOKMARK [2][-]{subsection.123.1.5}{\376\377\0009\0009\000.\0005\000\040\173\046\123\367\122\250\122\233\174\373\176\337\116\016\142\323\142\121\121\161\217\155}{section.123.1}% 1832
\BOOKMARK [1][-]{section.123.2}{\376\377\173\054\0003\0002\0003\172\340\377\032\117\335\155\113\123\330\143\142\116\016\220\115\123\206\140\047}{chapter.123}% 1833
\BOOKMARK [2][-]{subsection.123.2.1}{\376\377\0002\0004\0000\000.\0001\000\040\117\335\155\113\123\330\143\142\116\016\116\015\123\330\155\113\136\246}{section.123.2}% 1834
\BOOKMARK [2][-]{subsection.123.2.2}{\376\377\0002\0004\0000\000.\0002\000\040\220\115\123\206\140\047\166\204\173\111\116\367\122\073\165\073}{section.123.2}% 1835
\BOOKMARK [2][-]{subsection.123.2.3}{\376\377\0002\0004\0000\000.\0003\000\040\000B\000i\000r\000k\000h\000o\000f\000f\000\040\220\020\160\271\220\115\123\206\133\232\164\006}{section.123.2}% 1836
\BOOKMARK [2][-]{subsection.123.2.4}{\376\377\0002\0004\0000\000.\0004\000\040\155\367\124\010\140\047}{section.123.2}% 1837
\BOOKMARK [2][-]{subsection.123.2.5}{\376\377\0002\0004\0000\000.\0005\000\040\000K\000o\000l\000m\000o\000g\000o\000r\000o\000v\000-\000S\000i\000n\000a\000i\000\040\161\265}{section.123.2}% 1838
\BOOKMARK [2][-]{subsection.123.2.6}{\376\377\0002\0004\0000\000.\0006\000\040\000O\000r\000n\000s\000t\000e\000i\000n\000\040\124\014\147\204\133\232\164\006}{section.123.2}% 1839
\BOOKMARK [1][-]{section.123.3}{\376\377\173\054\0003\0002\0004\172\340\377\032\155\367\154\214\116\016\122\006\137\142}{chapter.123}% 1840
\BOOKMARK [2][-]{subsection.123.3.1}{\376\377\0001\0009\0006\000.\0001\000\040\116\000\176\364\146\040\134\004\166\204\173\046\123\367\122\250\122\233\133\146}{section.123.3}% 1841
\BOOKMARK [2][-]{subsection.123.3.2}{\376\377\0001\0009\0006\000.\0002\000\040\116\000\176\364\146\040\134\004\166\204\155\367\154\214\164\006\213\272}{section.123.3}% 1842
\BOOKMARK [2][-]{subsection.123.3.3}{\376\377\0001\0009\0006\000.\0003\000\040\116\214\176\364\201\352\154\273\174\373\176\337\116\016\000\040\000P\000o\000i\000n\000c\000a\000r\000\351\000-\000B\000e\000n\000d\000i\000x\000s\000o\000n\000\040\133\232\164\006}{section.123.3}% 1843
\BOOKMARK [2][-]{subsection.123.3.4}{\376\377\0001\0009\0006\000.\0004\000\040\131\107\137\002\124\070\137\025\133\120\116\016\000\040\000L\000o\000r\000e\000n\000z\000\040\174\373\176\337}{section.123.3}% 1844
\BOOKMARK [2][-]{subsection.123.3.5}{\376\377\0001\0009\0006\000.\0005\000\040\122\006\137\142\121\340\117\125}{section.123.3}% 1845
\BOOKMARK [2][-]{subsection.123.3.6}{\376\377\0001\0009\0006\000.\0006\000\040\000J\000u\000l\000i\000a\000\040\226\306\116\016\000\040\000M\000a\000n\000d\000e\000l\000b\000r\000o\000t\000\040\226\306}{section.123.3}% 1846
\BOOKMARK [2][-]{subsection.123.3.7}{\376\377\0002\0003\0009\000.\0001\000\040\000T\000u\000r\000i\000n\000g\000\040\116\015\172\063\133\232\140\047}{section.123.3}% 1847
\BOOKMARK [2][-]{subsection.123.3.8}{\376\377\0002\0003\0009\000.\0002\000\040\000K\000e\000l\000l\000e\000r\000-\000S\000e\000g\000e\000l\000\040\215\213\123\026\140\047\145\271\172\013}{section.123.3}% 1848
\BOOKMARK [2][-]{subsection.123.3.9}{\376\377\0002\0003\0009\000.\0003\000\040\121\164\131\113\116\313\215\050\166\204\210\114\154\342\040\024\040\024\131\107\137\002\144\104\122\250\145\271\154\325}{section.123.3}% 1849
\BOOKMARK [1][-]{section.123.4}{\376\377\173\054\0003\0002\0005\172\340\377\032\134\100\220\350\122\006\145\057\164\006\213\272}{chapter.123}% 1850
\BOOKMARK [2][-]{subsection.123.4.1}{\376\377\0002\0004\0001\000.\0001\000\040\122\006\145\057\166\204\153\143\137\017\133\232\116\111\116\016\227\215\000-\176\323\160\271\122\006\145\057}{section.123.4}% 1851
\BOOKMARK [2][-]{subsection.123.4.2}{\376\377\0002\0004\0001\000.\0002\000\040\000H\000o\000p\000f\000\040\122\006\145\057}{section.123.4}% 1852
\BOOKMARK [2][-]{subsection.123.4.3}{\376\377\0002\0004\0001\000.\0003\000\040\123\311\137\142\122\006\145\057\116\016\215\350\116\064\165\114\122\006\145\057}{section.123.4}% 1853
\BOOKMARK [2][-]{subsection.123.4.4}{\376\377\0002\0004\0001\000.\0004\000\040\116\055\137\303\155\101\137\142\133\232\164\006\116\016\176\246\123\026\123\237\164\006}{section.123.4}% 1854
\BOOKMARK [2][-]{subsection.123.4.5}{\376\377\0002\0004\0001\000.\0005\000\040\121\150\134\100\122\006\145\057\116\016\000\040\000M\000e\000l\000n\000i\000k\000o\000v\000\040\145\271\154\325}{section.123.4}% 1855
\BOOKMARK [2][-]{subsection.123.4.6}{\376\377\0002\0004\0001\000.\0006\000\040\220\115\123\206\213\272\127\050\122\006\145\057\116\055\166\204\136\224\165\050}{section.123.4}% 1856
\BOOKMARK [0][-]{chapter.124}{\376\377\0000\0009\000-\137\256\122\006\145\271\172\013\116\016\122\250\122\233\174\373\176\337\000/\0000\0002\000-\122\250\122\233\174\373\176\337\000/\0000\0005\000-\145\160\133\146\165\037\162\151\133\146\116\055\166\204\122\250\122\233\174\373\176\337\145\271\154\325\000.\000m\000d}{}% 1857
\BOOKMARK [1][-]{section.124.1}{\376\377\173\054\0003\0002\0006\172\340\377\032\165\037\123\026\177\121\176\334\166\204\145\160\133\146\136\372\152\041\040\024\040\024\226\217\147\072\217\307\172\013\116\016\131\107\137\002\144\104\122\250}{chapter.124}% 1858
\BOOKMARK [2][-]{subsection.124.1.1}{\376\377\0002\0004\0000\000.\0001\000\040\000M\000i\000c\000h\000a\000e\000l\000i\000s\000-\000M\000e\000n\000t\000e\000n\000\040\122\250\122\233\133\146\166\204\131\107\137\002\144\104\122\250\122\006\147\220}{section.124.1}% 1859
\BOOKMARK [2][-]{subsection.124.1.2}{\376\377\0002\0004\0000\000.\0002\000\040\127\372\126\340\214\003\143\247\177\121\176\334\166\204\000\040\000O\000D\000E\000\040\152\041\127\213\116\016\122\006\134\224}{section.124.1}% 1860
\BOOKMARK [2][-]{subsection.124.1.3}{\376\377\0002\0004\0000\000.\0003\000\040\171\273\145\143\122\250\122\233\174\373\176\337\116\016\136\003\134\024\177\121\176\334}{section.124.1}% 1861
\BOOKMARK [2][-]{subsection.124.1.4}{\376\377\0002\0004\0000\000.\0004\000\040\123\026\133\146\116\073\145\271\172\013\116\016\000\040\000M\000a\000r\000k\000o\000v\000\040\217\307\172\013}{section.124.1}% 1862
\BOOKMARK [2][-]{subsection.124.1.5}{\376\377\0002\0006\0008\000.\000A\000\040\145\160\133\146\165\037\162\151\133\146\210\145\121\105\0002}{section.124.1}% 1863
\BOOKMARK [2][-]{subsection.124.1.6}{\376\377\0002\0006\0002\000.\000A\000\040\145\160\133\146\165\037\162\151\133\146\210\145\121\105}{section.124.1}% 1864
\BOOKMARK [2][-]{subsection.124.1.7}{\376\377\000G\000a\000m\000m\000a\121\375\145\160\116\016\000B\000e\000t\000a\121\375\145\160}{section.124.1}% 1865
\BOOKMARK [2][-]{subsection.124.1.8}{\376\377\000B\000e\000s\000s\000e\000l\121\375\145\160}{section.124.1}% 1866
\BOOKMARK [2][-]{subsection.124.1.9}{\376\377\153\143\116\244\131\032\230\171\137\017}{section.124.1}% 1867
\BOOKMARK [0][-]{chapter.125}{\376\377\0000\0009\000-\137\256\122\006\145\271\172\013\116\016\122\250\122\233\174\373\176\337\000/\0000\0002\000-\122\250\122\233\174\373\176\337\000/\0000\0007\000-\131\015\122\250\122\233\174\373\176\337\000.\000m\000d}{}% 1868
\BOOKMARK [0][-]{chapter.126}{\376\377\131\015\122\250\122\233\174\373\176\337}{}% 1869
\BOOKMARK [1][-]{section.126.1}{\376\377\173\054\0003\0002\0007\172\340\377\032\131\015\131\032\230\171\137\017\166\204\217\355\116\343\164\006\213\272}{chapter.126}% 1870
\BOOKMARK [2][-]{subsection.126.1.1}{\376\377\000x\000.\0001\000\040\000J\000u\000l\000i\000a\226\306\116\016\000F\000a\000t\000o\000u\226\306\166\204\127\372\147\054\164\006\213\272}{section.126.1}% 1871
\BOOKMARK [2][-]{subsection.126.1.2}{\376\377\000x\000.\0002\000\040\000M\000o\000n\000t\000e\000l\133\232\164\006\116\016\000F\000a\000t\000o\000u\226\306\166\204\153\143\211\304\145\317\122\073\165\073}{section.126.1}% 1872
\BOOKMARK [2][-]{subsection.126.1.3}{\376\377\000x\000.\0003\000\040\000B\000\366\000t\000t\000c\000h\000e\000r\133\232\164\006\116\016\122\277\121\375\145\160}{section.126.1}% 1873
\BOOKMARK [2][-]{subsection.126.1.4}{\376\377\000x\000.\0004\000\040\000J\000u\000l\000i\000a\226\306\166\204\133\214\121\150\116\015\123\330\140\047\116\016\201\352\166\370\117\074\140\047}{section.126.1}% 1874
\BOOKMARK [1][-]{section.126.2}{\376\377\173\054\0003\0002\0008\172\340\377\032\000M\000a\000n\000d\000e\000l\000b\000r\000o\000t\226\306}{chapter.126}% 1875
\BOOKMARK [2][-]{subsection.126.2.1}{\376\377\000x\000+\0001\000.\0001\000\040\000M\000a\000n\000d\000e\000l\000b\000r\000o\000t\226\306\166\204\127\372\147\054\140\047\215\050}{section.126.2}% 1876
\BOOKMARK [2][-]{subsection.126.2.2}{\376\377\000x\000+\0001\000.\0002\000\040\000D\000o\000u\000a\000d\000y\000-\000H\000u\000b\000b\000a\000r\000d\217\336\220\032\140\047\133\232\164\006}{section.126.2}% 1877
\BOOKMARK [2][-]{subsection.126.2.3}{\376\377\000x\000+\0001\000.\0003\000\040\000M\000a\000n\000d\000e\000l\000b\000r\000o\000t\226\306\166\204\122\006\145\057\116\016\124\150\147\037\120\015\123\026}{section.126.2}% 1878
\BOOKMARK [2][-]{subsection.126.2.4}{\376\377\000x\000+\0001\000.\0004\000\040\131\026\134\004\176\277\116\016\000Y\000o\000c\000c\000o\000z\116\015\173\111\137\017}{section.126.2}% 1879
\BOOKMARK [2][-]{subsection.126.2.5}{\376\377\000x\000+\0001\000.\0005\000\040\000M\000L\000C\163\034\140\363}{section.126.2}% 1880
\BOOKMARK [1][-]{section.126.3}{\376\377\173\054\0003\0002\0009\172\340\377\032\147\011\164\006\121\375\145\160\217\355\116\343\116\016\000K\000l\000e\000i\000n\000i\000a\000n\177\244}{chapter.126}% 1881
\BOOKMARK [2][-]{subsection.126.3.1}{\376\377\000x\000+\0002\000.\0001\000\040\000S\000u\000l\000l\000i\000v\000a\000n\145\340\156\070\203\141\127\337\133\232\164\006}{section.126.3}% 1882
\BOOKMARK [2][-]{subsection.126.3.2}{\376\377\000x\000+\0002\000.\0002\000\040\147\011\164\006\121\375\145\160\166\204\123\314\146\362\163\034\140\363}{section.126.3}% 1883
\BOOKMARK [2][-]{subsection.126.3.3}{\376\377\000x\000+\0002\000.\0003\000\040\000K\000l\000e\000i\000n\000i\000a\000n\177\244\116\016\000A\000h\000l\000f\000o\000r\000s\147\011\226\120\140\047\133\232\164\006}{section.126.3}% 1884
\BOOKMARK [2][-]{subsection.126.3.4}{\376\377\000x\000+\0002\000.\0004\000\040\000M\000o\000s\000t\000o\000w\122\032\140\047\133\232\164\006\127\050\131\015\122\250\122\233\174\373\176\337\116\055\166\204\136\224\165\050}{section.126.3}% 1885
\BOOKMARK [2][-]{subsection.126.3.5}{\376\377\000x\000+\0002\000.\0005\000\040\000T\000h\000u\000r\000s\000t\000o\000n\123\314\146\362\217\150\137\142\133\232\164\006}{section.126.3}% 1886
\BOOKMARK [2][-]{subsection.126.3.6}{\376\377\000x\000+\0002\000.\0006\000\040\000J\000u\000l\000i\000a\226\306\166\204\000H\000a\000u\000s\000d\000o\000r\000f\000f\176\364\145\160}{section.126.3}% 1887
\BOOKMARK [2][-]{subsection.126.3.7}{\376\377\000x\000+\0002\000.\0007\000\040\142\233\162\151\162\006\160\270\116\016\000L\000a\000v\000a\000u\000r\000s\133\232\164\006}{section.126.3}% 1888
\BOOKMARK [2][-]{subsection.126.3.8}{\376\377\000x\000+\0002\000.\0008\000\040\000S\000h\000i\000s\000h\000i\000k\000u\000r\000a\133\232\164\006\116\016\000H\000a\000u\000s\000d\000o\000r\000f\000f\176\364\145\160\166\204\123\302\145\160\117\235\215\126\140\047}{section.126.3}% 1889
\BOOKMARK [2][-]{subsection.126.3.9}{\376\377\000x\000+\0002\000.\0009\000\040\131\015\122\250\122\233\174\373\176\337\116\016\000K\000l\000e\000i\000n\000i\000a\000n\177\244\166\204\176\374\124\010\134\125\147\033}{section.126.3}% 1890
\BOOKMARK [2][-]{subsection.126.3.10}{\376\377\000x\000+\0002\000.\0001\0000\000\040\176\277\140\047\123\026\133\232\164\006\116\016\000S\000i\000e\000g\000e\000l\166\330}{section.126.3}% 1891
\BOOKMARK [2][-]{subsection.126.3.11}{\376\377\000x\000+\0002\000.\0001\0001\000\040\000L\000y\000u\000b\000i\000c\000h\133\232\164\006\116\016\155\113\136\246\122\032\140\047}{section.126.3}% 1892
\BOOKMARK [2][-]{subsection.126.3.12}{\376\377\000x\000+\0002\000.\0001\0002\000\040\116\214\153\041\131\032\230\171\137\017\166\204\176\304\124\010\122\032\140\047\040\024\040\024\000D\000o\000u\000a\000d\000y\000-\000H\000u\000b\000b\000a\000r\000d\000-\000L\000a\000v\000a\000u\000r\000s\000-\000Y\000o\000c\000c\000o\000z\142\374\126\376}{section.126.3}% 1893
\BOOKMARK [2][-]{subsection.126.3.13}{\376\377\000x\000+\0002\000.\0001\0003\000\040\000M\000c\000M\000u\000l\000l\000e\000n\133\232\164\006\116\016\131\032\230\171\137\017\000J\000u\000l\000i\000a\226\306\166\204\123\357\133\271\213\270\131\032\217\271\137\142}{section.126.3}% 1894
\BOOKMARK [2][-]{subsection.126.3.14}{\376\377\000x\000+\0002\000.\0001\0004\000\040\000A\000h\000l\000f\000o\000r\000s\000-\000B\000e\000r\000s\123\357\155\113\000R\000i\000e\000m\000a\000n\000n\146\040\134\004\133\232\164\006}{section.126.3}% 1895
\BOOKMARK [2][-]{subsection.126.3.15}{\376\377\000x\000+\0002\000.\0001\0005\000\040\121\150\176\257\217\320\122\250\116\016\131\015\122\250\122\233\174\373\176\337\166\204\137\142\123\330}{section.126.3}% 1896
\BOOKMARK [2][-]{subsection.126.3.16}{\376\377\000x\000+\0002\000.\0001\0006\000\040\215\205\215\212\145\164\121\375\145\160\116\016\000E\000r\000e\000m\000e\000n\000k\000o\163\034\140\363}{section.126.3}% 1897
\BOOKMARK [0][-]{chapter.127}{\376\377\135\356\122\006\145\271\172\013\116\016\121\375\145\160\145\271\172\013}{}% 1898
\BOOKMARK [1][-]{section.127.1}{\376\377\173\054\0003\0003\0000\172\340\377\032\135\356\122\006\145\271\172\013}{chapter.127}% 1899
\BOOKMARK [2][-]{subsection.127.1.1}{\376\377\176\277\140\047\135\356\122\006\145\271\172\013\166\204\127\372\147\054\164\006\213\272}{section.127.1}% 1900
\BOOKMARK [2][-]{subsection.127.1.2}{\376\377\136\070\145\160\123\330\146\023\154\325\116\016\137\205\133\232\174\373\145\160\154\325}{section.127.1}% 1901
\BOOKMARK [2][-]{subsection.127.1.3}{\376\377\172\063\133\232\140\047\164\006\213\272}{section.127.1}% 1902
\BOOKMARK [2][-]{subsection.127.1.4}{\376\377\000Z\000-\123\330\143\142\116\016\154\102\211\343\142\200\135\347}{section.127.1}% 1903
\BOOKMARK [2][-]{subsection.127.1.5}{\376\377\227\136\176\277\140\047\135\356\122\006\145\271\172\013\116\016\155\367\154\214}{section.127.1}% 1904
\BOOKMARK [1][-]{section.127.2}{\376\377\173\054\0003\0003\0001\172\340\377\032\121\375\145\160\145\271\172\013}{chapter.127}% 1905
\BOOKMARK [2][-]{subsection.127.2.1}{\376\377\000C\000a\000u\000c\000h\000y\127\213\121\375\145\160\145\271\172\013}{section.127.2}% 1906
\BOOKMARK [2][-]{subsection.127.2.2}{\376\377\000J\000e\000n\000s\000e\000n\145\271\172\013\116\016\121\370\140\047}{section.127.2}% 1907
\BOOKMARK [2][-]{subsection.127.2.3}{\376\377\000D\000'\000A\000l\000e\000m\000b\000e\000r\000t\145\271\172\013}{section.127.2}% 1908
\BOOKMARK [2][-]{subsection.127.2.4}{\376\377\000P\000e\000x\000i\000d\000e\000r\127\213\145\271\172\013\123\312\121\166\143\250\136\177}{section.127.2}% 1909
\BOOKMARK [2][-]{subsection.127.2.5}{\376\377\217\355\116\343\121\375\145\160\145\271\172\013\116\016\000S\000c\000h\000r\000\366\000d\000e\000r\145\271\172\013}{section.127.2}% 1910
\BOOKMARK [0][-]{chapter.128}{\376\377\0001\0000\000-\151\202\163\207\116\016\176\337\213\241\000/\0000\0001\000-\151\202\163\207\213\272\000/\0000\0001\000-\155\113\136\246\213\272\151\202\163\207\127\372\170\100\000.\000m\000d}{}% 1911
\BOOKMARK [1][-]{section.128.1}{\376\377\173\054\0003\0003\0002\172\340\377\032\155\113\136\246\213\272\151\202\163\207\127\372\170\100}{chapter.128}% 1912
\BOOKMARK [2][-]{subsection.128.1.1}{\376\377\0001\0000\0004\000.\0001\000\040\151\202\163\207\172\172\225\364}{section.128.1}% 1913
\BOOKMARK [2][-]{subsection.128.1.2}{\376\377\0001\0000\0004\000.\0002\000\040\226\217\147\072\123\330\221\317\116\016\122\006\136\003}{section.128.1}% 1914
\BOOKMARK [2][-]{subsection.128.1.3}{\376\377\0001\0000\0004\000.\0003\000\040\147\037\147\033\166\204\155\113\136\246\213\272\133\232\116\111}{section.128.1}% 1915
\BOOKMARK [2][-]{subsection.128.1.4}{\376\377\0001\0000\0004\000.\0004\000\040\162\354\172\313\140\047}{section.128.1}% 1916
\BOOKMARK [1][-]{section.128.2}{\376\377\173\054\0003\0003\0003\172\340\377\032\131\047\145\160\133\232\137\213\116\016\116\055\137\303\147\201\226\120\133\232\164\006}{chapter.128}% 1917
\BOOKMARK [2][-]{subsection.128.2.1}{\376\377\0001\0000\0005\000.\0001\000\040\131\047\145\160\133\232\137\213}{section.128.2}% 1918
\BOOKMARK [2][-]{subsection.128.2.2}{\376\377\0001\0000\0005\000.\0002\000\040\116\055\137\303\147\201\226\120\133\232\164\006}{section.128.2}% 1919
\BOOKMARK [2][-]{subsection.128.2.3}{\376\377\0001\0000\0005\000.\0003\000\040\162\171\137\201\121\375\145\160}{section.128.2}% 1920
\BOOKMARK [1][-]{section.128.3}{\376\377\173\054\0003\0003\0004\172\340\377\032\151\202\163\207\213\272\147\201\226\120\164\006\213\272\155\361\123\026}{chapter.128}% 1921
\BOOKMARK [2][-]{subsection.128.3.1}{\376\377\000L\000i\000n\000d\000e\000b\000e\000r\000g\000-\000F\000e\000l\000l\000e\000r\116\055\137\303\147\201\226\120\133\232\164\006}{section.128.3}% 1922
\BOOKMARK [2][-]{subsection.128.3.2}{\376\377\000B\000e\000r\000r\000y\000-\000E\000s\000s\000e\000e\000n\133\232\164\006}{section.128.3}% 1923
\BOOKMARK [2][-]{subsection.128.3.3}{\376\377\000C\000r\000a\000m\000\351\000r\131\047\120\117\135\356\133\232\164\006}{section.128.3}% 1924
\BOOKMARK [1][-]{section.128.4}{\376\377\173\054\0003\0003\0005\172\340\377\032\226\217\147\072\156\070\215\160\116\016\146\364\145\260\164\006\213\272}{chapter.128}% 1925
\BOOKMARK [2][-]{subsection.128.4.1}{\376\377\000P\000\363\000l\000y\000a\133\232\164\006\377\032\226\217\147\072\156\070\215\160\166\204\220\022\143\250\116\016\146\202\165\131}{section.128.4}% 1926
\BOOKMARK [2][-]{subsection.128.4.2}{\376\377\000B\000l\000a\000c\000k\000w\000e\000l\000l\146\364\145\260\133\232\164\006}{section.128.4}% 1927
\BOOKMARK [2][-]{subsection.128.4.3}{\376\377\121\163\225\056\146\364\145\260\133\232\164\006}{section.128.4}% 1928
\BOOKMARK [0][-]{chapter.129}{\376\377\0001\0000\000-\151\202\163\207\116\016\176\337\213\241\000/\0000\0001\000-\151\202\163\207\213\272\000/\0000\0002\000-\227\205\116\016\000M\000a\000r\000k\000o\000v\224\376\000.\000m\000d}{}% 1929
\BOOKMARK [1][-]{section.129.1}{\376\377\173\054\0003\0003\0006\172\340\377\032\147\141\116\366\147\037\147\033\116\016\227\205}{chapter.129}% 1930
\BOOKMARK [2][-]{subsection.129.1.1}{\376\377\0001\0000\0006\000.\0001\000\040\147\141\116\366\147\037\147\033}{section.129.1}% 1931
\BOOKMARK [2][-]{subsection.129.1.2}{\376\377\0001\0000\0006\000.\0002\000\040\227\205\166\204\133\232\116\111\116\016\127\372\147\054\140\047\215\050}{section.129.1}% 1932
\BOOKMARK [2][-]{subsection.129.1.3}{\376\377\0001\0000\0006\000.\0003\000\040\227\205\145\066\145\133\133\232\164\006}{section.129.1}% 1933
\BOOKMARK [2][-]{subsection.129.1.4}{\376\377\0001\0000\0006\000.\0004\000\040\123\357\220\011\120\134\153\142\133\232\164\006}{section.129.1}% 1934
\BOOKMARK [1][-]{section.129.2}{\376\377\173\054\0003\0003\0007\172\340\377\032\000M\000a\000r\000k\000o\000v\000\040\224\376}{chapter.129}% 1935
\BOOKMARK [2][-]{subsection.129.2.1}{\376\377\0001\0000\0007\000.\0001\000\040\000M\000a\000r\000k\000o\000v\000\040\224\376\166\204\133\232\116\111}{section.129.2}% 1936
\BOOKMARK [2][-]{subsection.129.2.2}{\376\377\0001\0000\0007\000.\0002\000\040\162\266\140\001\166\204\122\006\174\173}{section.129.2}% 1937
\BOOKMARK [2][-]{subsection.129.2.3}{\376\377\0001\0000\0007\000.\0003\000\040\136\163\172\063\122\006\136\003}{section.129.2}% 1938
\BOOKMARK [2][-]{subsection.129.2.4}{\376\377\0001\0000\0007\000.\0004\000\040\123\357\220\006\140\047\116\016\176\306\201\364\136\163\210\141}{section.129.2}% 1939
\BOOKMARK [1][-]{section.129.3}{\376\377\173\054\0003\0003\0008\172\340\377\032\000B\000r\000o\000w\000n\000\040\217\320\122\250\116\016\226\217\147\072\217\307\172\013}{chapter.129}% 1940
\BOOKMARK [2][-]{subsection.129.3.1}{\376\377\0001\0000\0008\000.\0001\000\040\000B\000r\000o\000w\000n\000\040\217\320\122\250\166\204\133\232\116\111\116\016\147\204\220\040}{section.129.3}% 1941
\BOOKMARK [2][-]{subsection.129.3.2}{\376\377\0001\0000\0008\000.\0002\000\040\000B\000r\000o\000w\000n\000\040\217\320\122\250\166\204\000\040\000M\000a\000r\000k\000o\000v\000\040\140\047\116\016\137\072\000\040\000M\000a\000r\000k\000o\000v\000\040\140\047}{section.129.3}% 1942
\BOOKMARK [2][-]{subsection.129.3.3}{\376\377\0001\0000\0008\000.\0003\000\040\217\336\176\355\145\366\225\364\227\205}{section.129.3}% 1943
\BOOKMARK [2][-]{subsection.129.3.4}{\376\377\0001\0000\0008\000.\0004\000\040\000I\000t\000\364\000\040\171\357\122\006\173\200\116\313}{section.129.3}% 1944
\BOOKMARK [0][-]{chapter.130}{\376\377\0001\0000\000-\151\202\163\207\116\016\176\337\213\241\000/\0000\0001\000-\151\202\163\207\213\272\000/\0000\0003\000-\176\337\213\241\122\233\133\146\151\202\163\207\176\323\147\204\000.\000m\000d}{}% 1945
\BOOKMARK [1][-]{subsection.130.0.1}{\376\377\0002\0007\0004\000.\000A\000\040\176\337\213\241\122\233\133\146\210\145\121\105}{chapter.130}% 1946
\BOOKMARK [1][-]{section.130.1}{\376\377\173\054\0003\0003\0009\172\340\377\032\000G\000i\000b\000b\000s\000\040\155\113\136\246\060\001\160\355\122\233\133\146\147\201\226\120\116\016\166\370\123\330}{chapter.130}% 1947
\BOOKMARK [2][-]{subsection.130.1.1}{\376\377\0002\0001\0003\000.\0001\000\040\000G\000i\000b\000b\000s\000\040\155\113\136\246\116\016\221\115\122\006\121\375\145\160}{section.130.1}% 1948
\BOOKMARK [2][-]{subsection.130.1.2}{\376\377\0002\0001\0003\000.\0002\000\040\160\355\122\233\133\146\147\201\226\120}{section.130.1}% 1949
\BOOKMARK [2][-]{subsection.130.1.3}{\376\377\0002\0001\0003\000.\0003\000\040\000I\000s\000i\000n\000g\000\040\152\041\127\213\116\016\166\370\123\330\166\204\000\040\000P\000e\000i\000e\000r\000l\000s\000\040\213\272\213\301}{section.130.1}% 1950
\BOOKMARK [1][-]{section.130.2}{\376\377\173\054\0003\0004\0000\172\340\377\032\221\315\145\164\123\026\177\244\166\204\145\160\133\146\176\323\147\204}{chapter.130}% 1951
\BOOKMARK [2][-]{subsection.130.2.1}{\376\377\0002\0001\0004\000.\0001\000\040\221\315\145\164\123\026\177\244\123\330\143\142}{section.130.2}% 1952
\BOOKMARK [2][-]{subsection.130.2.2}{\376\377\0002\0001\0004\000.\0002\000\040\000\134\000v\000a\000r\000e\000p\000s\000i\000l\000o\000n\000-\134\125\137\000}{section.130.2}% 1953
\BOOKMARK [2][-]{subsection.130.2.3}{\376\377\0002\0001\0004\000.\0003\000\040\121\161\137\142\127\072\213\272\116\016\116\064\165\114\163\260\214\141}{section.130.2}% 1954
\BOOKMARK [1][-]{section.130.3}{\376\377\173\054\0003\0004\0001\172\340\377\032\174\276\170\156\123\357\211\343\152\041\127\213}{chapter.130}% 1955
\BOOKMARK [2][-]{subsection.130.3.1}{\376\377\0002\0001\0005\000.\0001\000\040\116\214\176\364\000\040\000I\000s\000i\000n\000g\000\040\152\041\127\213\166\204\000\040\000O\000n\000s\000a\000g\000e\000r\000\040\211\343}{section.130.3}% 1956
\BOOKMARK [2][-]{subsection.130.3.2}{\376\377\0002\0001\0005\000.\0002\000\040\000B\000e\000t\000h\000e\000\040\142\337\213\276}{section.130.3}% 1957
\BOOKMARK [2][-]{subsection.130.3.3}{\376\377\0002\0001\0005\000.\0003\000\040\121\155\230\166\211\322\152\041\127\213\116\016\121\153\230\166\211\322\152\041\127\213}{section.130.3}% 1958
\BOOKMARK [2][-]{subsection.130.3.4}{\376\377\123\357\211\343\150\074\160\271\152\041\127\213\116\016\151\202\163\207\213\272\166\204\155\361\134\102\200\124\174\373}{section.130.3}% 1959
\BOOKMARK [1][-]{section.130.4}{\376\377\173\054\0003\0004\0002\172\340\377\032\227\136\136\163\210\141\140\001\166\204\151\202\163\207\143\317\217\360}{chapter.130}% 1960
\BOOKMARK [2][-]{subsection.130.4.1}{\376\377\0002\0001\0006\000.\0001\000\040\000B\000o\000l\000t\000z\000m\000a\000n\000n\000\040\145\271\172\013\116\016\000\040\000H\000\040\133\232\164\006}{section.130.4}% 1961
\BOOKMARK [2][-]{subsection.130.4.2}{\376\377\0002\0001\0006\000.\0002\000\040\155\250\204\075\200\027\145\143\133\232\164\006}{section.130.4}% 1962
\BOOKMARK [2][-]{subsection.130.4.3}{\376\377\0002\0001\0006\000.\0003\000\040\155\250\204\075\133\232\164\006}{section.130.4}% 1963
\BOOKMARK [2][-]{subsection.130.4.4}{\376\377\0002\0001\0006\000.\0004\000\040\000F\000o\000k\000k\000e\000r\000-\000P\000l\000a\000n\000c\000k\000\040\145\271\172\013\116\016\000\040\000L\000a\000n\000g\000e\000v\000i\000n\000\040\122\250\122\233\133\146}{section.130.4}% 1964
\BOOKMARK [2][-]{subsection.130.4.5}{\376\377\0002\0007\0009\000.\000A\000\040\176\337\213\241\122\233\133\146\210\145\121\105\0002}{section.130.4}% 1965
\BOOKMARK [0][-]{chapter.131}{\376\377\0001\0000\000-\151\202\163\207\116\016\176\337\213\241\000/\0000\0001\000-\151\202\163\207\213\272\000/\0000\0004\000-\226\217\147\072\167\351\226\065\164\006\213\272\000.\000m\000d}{}% 1966
\BOOKMARK [1][-]{section.131.1}{\376\377\173\054\0003\0004\0003\172\340\377\032\000W\000i\000g\000n\000e\000r\000\040\123\112\127\006\137\213}{chapter.131}% 1967
\BOOKMARK [2][-]{subsection.131.1.1}{\376\377\0002\0006\0007\000.\0001\000\040\176\317\121\170\000\040\000W\000i\000g\000n\000e\000r\000\040\167\351\226\065}{section.131.1}% 1968
\BOOKMARK [2][-]{subsection.131.1.2}{\376\377\0002\0006\0007\000.\0002\000\040\167\351\154\325\116\016\201\352\165\061\162\354\172\313}{section.131.1}% 1969
\BOOKMARK [2][-]{subsection.131.1.3}{\376\377\0002\0006\0007\000.\0003\000\040\000W\000i\000s\000h\000a\000r\000t\000\040\167\351\226\065\116\016\000\040\000M\000a\000r\000c\000h\000e\000n\000k\000o\000-\000P\000a\000s\000t\000u\000r\000\040\137\213}{section.131.1}% 1970
\BOOKMARK [1][-]{section.131.2}{\376\377\173\054\0003\0004\0004\172\340\377\032\201\352\165\061\151\202\163\207\213\272}{chapter.131}% 1971
\BOOKMARK [2][-]{subsection.131.2.1}{\376\377\0002\0006\0008\000.\0001\000\040\227\136\116\244\143\142\151\202\163\207\172\172\225\364}{section.131.2}% 1972
\BOOKMARK [2][-]{subsection.131.2.2}{\376\377\0002\0006\0008\000.\0002\000\040\201\352\165\061\123\167\171\357\116\016\000\040\000R\000-\123\330\143\142}{section.131.2}% 1973
\BOOKMARK [2][-]{subsection.131.2.3}{\376\377\0002\0006\0008\000.\0003\000\040\201\352\165\061\116\130\154\325\123\167\171\357\116\016\000\040\000S\000-\123\330\143\142}{section.131.2}% 1974
\BOOKMARK [2][-]{subsection.131.2.4}{\376\377\0002\0006\0008\000.\0004\000\040\201\352\165\061\161\265\116\016\201\352\165\061\000\040\000F\000i\000s\000h\000e\000r\000\040\117\341\140\157}{section.131.2}% 1975
\BOOKMARK [1][-]{section.131.3}{\376\377\173\054\0003\0004\0005\172\340\377\032\000T\000r\000a\000c\000y\000-\000W\000i\000d\000o\000m\000\040\122\006\136\003\116\016\217\271\177\030\176\337\213\241}{chapter.131}% 1976
\BOOKMARK [2][-]{subsection.131.3.1}{\376\377\0002\0006\0009\000.\0001\000\040\000G\000a\000u\000s\000s\000i\000a\000n\000\040\174\373\176\374}{section.131.3}% 1977
\BOOKMARK [2][-]{subsection.131.3.2}{\376\377\0002\0006\0009\000.\0002\000\040\147\000\131\047\162\171\137\201\120\074\116\016\000\040\000T\000r\000a\000c\000y\000-\000W\000i\000d\000o\000m\000\040\122\006\136\003}{section.131.3}% 1978
\BOOKMARK [2][-]{subsection.131.3.3}{\376\377\0002\0006\0009\000.\0003\000\040\000T\000r\000a\000c\000y\000-\000W\000i\000d\000o\000m\000\040\166\204\140\312\116\272\121\372\163\260}{section.131.3}% 1979
\BOOKMARK [1][-]{section.131.4}{\376\377\173\054\0003\0004\0006\172\340\377\032\226\217\147\072\167\351\226\065\116\016\201\352\165\061\151\202\163\207\166\204\136\224\165\050}{chapter.131}% 1980
\BOOKMARK [2][-]{subsection.131.4.1}{\376\377\0002\0007\0000\000.\0001\000\040\145\160\213\272\116\016\000\040\000R\000i\000e\000m\000a\000n\000n\000\040\000\134\000z\000e\000t\000a\000\040\121\375\145\160}{section.131.4}% 1981
\BOOKMARK [2][-]{subsection.131.4.2}{\376\377\0002\0007\0000\000.\0002\000\040\145\340\176\277\220\032\117\341\116\016\232\330\176\364\176\337\213\241}{section.131.4}% 1982
\BOOKMARK [2][-]{subsection.131.4.3}{\376\377\0002\0007\0000\000.\0003\000\040\221\317\133\120\155\367\154\214\116\016\150\070\162\151\164\006}{section.131.4}% 1983
\BOOKMARK [2][-]{subsection.131.4.4}{\376\377\0002\0007\0000\000.\0004\000\040\201\352\165\061\151\202\163\207\127\050\173\227\133\120\116\343\145\160\116\055\166\204\136\224\165\050}{section.131.4}% 1984
\BOOKMARK [2][-]{subsection.131.4.5}{\376\377\226\217\147\072\167\351\226\065\164\006\213\272\166\204\122\115\154\277\142\151\134\125}{section.131.4}% 1985
\BOOKMARK [2][-]{subsection.131.4.6}{\376\377\0002\0007\0001\000.\0001\000\040\146\156\220\115\140\047\133\232\164\006\166\204\116\045\150\074\213\301\146\016}{section.131.4}% 1986
\BOOKMARK [2][-]{subsection.131.4.7}{\376\377\0002\0007\0001\000.\0002\000\040\226\217\147\072\167\351\226\065\116\016\147\072\126\150\133\146\116\140}{section.131.4}% 1987
\BOOKMARK [2][-]{subsection.131.4.8}{\376\377\0002\0007\0001\000.\0003\000\040\172\000\165\217\226\217\147\072\167\351\226\065\116\016\172\000\165\217\000\040\000W\000i\000g\000n\000e\000r}{section.131.4}% 1988
\BOOKMARK [1][-]{section.131.5}{\376\377\173\054\0003\0004\0007\172\340\377\032\127\006\137\213\116\016\000S\000t\000i\000e\000l\000t\000j\000e\000s\123\330\143\142\145\271\154\325}{chapter.131}% 1989
\BOOKMARK [2][-]{subsection.131.5.1}{\376\377\0002\0007\0002\000.\0001\000\040\227\136\000H\000e\000r\000m\000i\000t\000i\000a\000n\167\351\226\065\116\016\127\006\137\213}{section.131.5}% 1990
\BOOKMARK [2][-]{subsection.131.5.2}{\376\377\0002\0007\0002\000.\0002\000\040\000S\000t\000i\000e\000l\000t\000j\000e\000s\123\330\143\142\116\016\000H\000e\000r\000m\000i\000t\000i\000z\000a\000t\000i\000o\000n\145\271\154\325}{section.131.5}% 1991
\BOOKMARK [2][-]{subsection.131.5.3}{\376\377\0002\0007\0002\000.\0003\000\040\201\352\165\061\151\202\163\207\213\272\116\016\000S\000t\000i\000e\000l\000t\000j\000e\000s\123\330\143\142}{section.131.5}% 1992
\BOOKMARK [1][-]{section.131.6}{\376\377\173\054\0003\0004\0008\172\340\377\032\210\114\122\027\137\017\160\271\217\307\172\013\116\016\003\262\174\373\176\374}{chapter.131}% 1993
\BOOKMARK [2][-]{subsection.131.6.1}{\376\377\0002\0007\0003\000.\0001\000\040\210\114\122\027\137\017\160\271\217\307\172\013}{section.131.6}% 1994
\BOOKMARK [2][-]{subsection.131.6.2}{\376\377\0002\0007\0003\000.\0002\000\040\003\262\174\373\176\374\116\016\133\371\145\160\154\024\117\123}{section.131.6}% 1995
\BOOKMARK [2][-]{subsection.131.6.3}{\376\377\0002\0007\0003\000.\0003\000\040\226\217\147\072\167\351\226\065\166\204\146\156\220\115\140\047\134\102\176\247}{section.131.6}% 1996
\BOOKMARK [0][-]{chapter.132}{\376\377\0001\0000\000-\151\202\163\207\116\016\176\337\213\241\000/\0000\0001\000-\151\202\163\207\213\272\000/\0000\0005\000-\226\217\147\072\121\340\117\125\116\016\171\357\122\006\121\340\117\125\000.\000m\000d}{}% 1997
\BOOKMARK [0][-]{chapter.133}{\376\377\226\217\147\072\121\340\117\125\116\016\171\357\122\006\121\340\117\125}{}% 1998
\BOOKMARK [1][-]{section.133.1}{\376\377\173\054\0003\0004\0009\172\340\377\032\171\357\122\006\121\340\117\125\127\372\170\100}{chapter.133}% 1999
\BOOKMARK [2][-]{subsection.133.1.1}{\376\377\000x\000.\0001\000\040\000C\000r\000o\000f\000t\000o\000n\121\154\137\017}{section.133.1}% 2000
\BOOKMARK [2][-]{subsection.133.1.2}{\376\377\000x\000.\0002\000\040\000B\000l\000a\000s\000c\000h\000k\000e\217\320\122\250\133\146\127\372\147\054\121\154\137\017}{section.133.1}% 2001
\BOOKMARK [2][-]{subsection.133.1.3}{\376\377\000x\000.\0003\000\040\000H\000a\000d\000w\000i\000g\000e\000r\122\073\165\073\133\232\164\006}{section.133.1}% 2002
\BOOKMARK [1][-]{section.133.2}{\376\377\173\054\0003\0005\0000\172\340\377\032\226\217\147\072\160\271\217\307\172\013}{chapter.133}% 2003
\BOOKMARK [2][-]{subsection.133.2.1}{\376\377\000x\000+\0001\000.\0001\000\040\000P\000o\000i\000s\000s\000o\000n\160\271\217\307\172\013\116\016\000P\000a\000l\000m\122\006\136\003}{section.133.2}% 2004
\BOOKMARK [2][-]{subsection.133.2.2}{\376\377\000x\000+\0001\000.\0002\000\040\226\217\147\072\121\340\117\125\126\376}{section.133.2}% 2005
\BOOKMARK [2][-]{subsection.133.2.3}{\376\377\000x\000+\0001\000.\0003\000\040\226\217\147\072\121\370\123\005}{section.133.2}% 2006
\BOOKMARK [1][-]{section.133.3}{\376\377\173\054\0003\0005\0001\172\340\377\032\226\217\147\072\130\153\121\105\116\016\211\206\166\326}{chapter.133}% 2007
\BOOKMARK [2][-]{subsection.133.3.1}{\376\377\000x\000+\0002\000.\0001\000\040\000M\000i\000n\000k\000o\000w\000s\000k\000i\000-\000H\000l\000a\000w\000k\000a\133\232\164\006}{section.133.3}% 2008
\BOOKMARK [2][-]{subsection.133.3.2}{\376\377\000x\000+\0002\000.\0002\000\040\000R\000o\000g\000e\000r\000s\130\153\121\105\116\013\165\114}{section.133.3}% 2009
\BOOKMARK [2][-]{subsection.133.3.3}{\376\377\000x\000+\0002\000.\0003\000\040\000C\000o\000h\000n\000-\000E\000l\000k\000i\000e\000s\176\277\140\047\211\304\122\022\217\271\165\114}{section.133.3}% 2010
\BOOKMARK [2][-]{subsection.133.3.4}{\376\377\000x\000+\0002\000.\0004\000\040\000V\000i\000a\000z\000o\000v\000s\000k\000a\166\204\000E\0008\116\016\000L\000e\000e\000c\000h\150\074\133\232\164\006}{section.133.3}% 2011
\BOOKMARK [2][-]{subsection.133.3.5}{\376\377\000x\000+\0002\000.\0005\000\040\000P\000o\000i\000s\000s\000o\000n\217\307\172\013\166\204\147\000\117\030\130\153\121\105}{section.133.3}% 2012
\BOOKMARK [2][-]{subsection.133.3.6}{\376\377\000x\000+\0002\000.\0006\000\040\226\217\147\072\121\340\117\125\116\055\166\204\131\047\120\117\135\356\123\237\164\006}{section.133.3}% 2013
\BOOKMARK [2][-]{subsection.133.3.7}{\376\377\000x\000+\0002\000.\0007\000\040\171\357\122\006\121\340\117\125\127\050\226\217\147\072\121\340\117\125\116\055\166\204\136\224\165\050\040\024\040\024\217\320\122\250\116\015\123\330\121\154\137\017\166\204\143\250\213\272}{section.133.3}% 2014
\BOOKMARK [2][-]{subsection.133.3.8}{\376\377\000x\000+\0002\000.\0008\000\040\226\217\147\072\177\121\176\334\116\016\217\336\176\355\156\027\220\017}{section.133.3}% 2015
\BOOKMARK [2][-]{subsection.133.3.9}{\376\377\000x\000+\0002\000.\0009\000\040\226\217\147\072\175\047\226\306\116\016\000C\000h\000o\000q\000u\000e\000t\133\271\221\317\133\232\164\006}{section.133.3}% 2016
\BOOKMARK [2][-]{subsection.133.3.10}{\376\377\000x\000+\0002\000.\0001\0000\000\040\121\340\117\125\154\333\121\375\116\015\173\111\137\017\116\016\173\111\124\150\225\356\230\230}{section.133.3}% 2017
\BOOKMARK [2][-]{subsection.133.3.11}{\376\377\000x\000+\0002\000.\0001\0001\000\040\172\063\133\232\226\217\147\072\121\340\117\125\116\016\000G\000e\000r\000m\000-\000G\000r\000a\000i\000n\152\041\127\213}{section.133.3}% 2018
\BOOKMARK [2][-]{subsection.133.3.12}{\376\377\000x\000+\0002\000.\0001\0002\000\040\000S\000t\000e\000r\000e\000o\000l\000o\000g\000y\116\016\142\052\227\142\145\271\154\325}{section.133.3}% 2019
\BOOKMARK [2][-]{subsection.133.3.13}{\376\377\000x\000+\0002\000.\0001\0003\000\040\171\357\122\006\121\340\117\125\116\016\000F\000i\000n\000s\000l\000e\000r\121\340\117\125\166\204\116\244\123\311}{section.133.3}% 2020
\BOOKMARK [2][-]{subsection.133.3.14}{\376\377\000x\000+\0002\000.\0001\0004\000\040\226\217\147\072\117\335\137\142\121\340\117\125\116\016\000S\000c\000h\000r\000a\000m\000m\000-\000L\000o\000e\000w\000n\000e\000r\157\024\123\026}{section.133.3}% 2021
\BOOKMARK [0][-]{chapter.134}{\376\377\0001\0000\000-\151\202\163\207\116\016\176\337\213\241\000/\0000\0002\000-\226\217\147\072\217\307\172\013\000/\0000\0002\000-\000M\000a\000l\000l\000i\000a\000v\000i\000n\116\016\000S\000P\000D\000E\000.\000m\000d}{}% 2022
\BOOKMARK [1][-]{section.134.1}{\376\377\173\054\0003\0005\0002\172\340\377\032\226\217\147\072\137\256\122\006\145\271\172\013}{chapter.134}% 2023
\BOOKMARK [2][-]{subsection.134.1.1}{\376\377\0001\0003\0006\000.\0002\000\040\000F\000e\000y\000n\000m\000a\000n\000-\000K\000a\000c\000\040\121\154\137\017}{section.134.1}% 2024
\BOOKMARK [2][-]{subsection.134.1.2}{\376\377\0001\0003\0006\000.\0003\000\040\000M\000a\000r\000k\000o\000v\000\040\140\047\116\016\137\072\000\040\000M\000a\000r\000k\000o\000v\000\040\140\047}{section.134.1}% 2025
\BOOKMARK [2][-]{subsection.134.1.3}{\376\377\0001\0003\0006\000.\0004\000\040\142\151\145\143\217\307\172\013\166\204\147\204\220\040\116\016\000\040\000K\000o\000l\000m\000o\000g\000o\000r\000o\000v\000\040\145\271\172\013}{section.134.1}% 2026
\BOOKMARK [1][-]{section.134.2}{\376\377\173\054\0003\0005\0003\172\340\377\032\000M\000a\000l\000l\000i\000a\000v\000i\000n\000\040\122\006\147\220}{chapter.134}% 2027
\BOOKMARK [2][-]{subsection.134.2.1}{\376\377\0001\0003\0007\000.\0001\000\040\000W\000i\000e\000n\000e\000r\000\040\155\367\154\214\122\006\211\343}{section.134.2}% 2028
\BOOKMARK [2][-]{subsection.134.2.2}{\376\377\0001\0003\0007\000.\0002\000\040\000M\000a\000l\000l\000i\000a\000v\000i\000n\000\040\133\374\145\160}{section.134.2}% 2029
\BOOKMARK [2][-]{subsection.134.2.3}{\376\377\0001\0003\0007\000.\0003\000\040\000S\000k\000o\000r\000o\000h\000o\000d\000\040\171\357\122\006}{section.134.2}% 2030
\BOOKMARK [2][-]{subsection.134.2.4}{\376\377\0001\0003\0007\000.\0004\000\040\000M\000a\000l\000l\000i\000a\000v\000i\000n\000\040\116\232\151\055\127\006\140\047\133\232\164\006}{section.134.2}% 2031
\BOOKMARK [1][-]{section.134.3}{\376\377\173\054\0003\0005\0004\172\340\377\032\000M\000a\000l\000l\000i\000a\000v\000i\000n\122\006\147\220\155\361\123\026}{chapter.134}% 2032
\BOOKMARK [2][-]{subsection.134.3.1}{\376\377\000C\000l\000a\000r\000k\000-\000O\000c\000o\000n\000e\121\154\137\017\166\204\133\214\145\164\213\301\146\016}{section.134.3}% 2033
\BOOKMARK [2][-]{subsection.134.3.2}{\376\377\133\306\136\246\121\111\156\321\140\047\166\204\000M\000a\000l\000l\000i\000a\000v\000i\000n\121\306\122\031}{section.134.3}% 2034
\BOOKMARK [2][-]{subsection.134.3.3}{\376\377\000H\000\366\000r\000m\000a\000n\000d\000e\000r\147\141\116\366\124\214\153\041\151\055\127\006\140\047\166\204\151\202\163\207\213\301\146\016}{section.134.3}% 2035
\BOOKMARK [1][-]{section.134.4}{\376\377\173\054\0003\0005\0005\172\340\377\032\000S\000P\000D\000E\166\204\211\343\164\006\213\272\116\016\000F\000e\000y\000n\000m\000a\000n\000-\000K\000a\000c}{chapter.134}% 2036
\BOOKMARK [2][-]{subsection.134.4.1}{\376\377\000W\000i\000e\000n\000e\000r\155\367\154\214\122\006\211\343\116\016\131\032\221\315\000W\000i\000e\000n\000e\000r\000-\000I\000t\000\364\171\357\122\006}{section.134.4}% 2037
\BOOKMARK [2][-]{subsection.134.4.2}{\376\377\142\233\162\151\127\213\000S\000P\000D\000E\166\204\153\143\122\031\140\047\164\006\213\272}{section.134.4}% 2038
\BOOKMARK [2][-]{subsection.134.4.3}{\376\377\226\217\147\072\154\342\122\250\145\271\172\013\116\016\226\217\147\072\160\355\145\271\172\013}{section.134.4}% 2039
\BOOKMARK [2][-]{subsection.134.4.4}{\376\377\0002\0008\0007\000.\000A\000\040\000I\000t\000\364\171\357\122\006\210\145\121\105}{section.134.4}% 2040
\BOOKMARK [1][-]{section.134.5}{\376\377\173\054\0003\0005\0006\172\340\377\032\000I\000t\000\364\000\040\171\357\122\006\116\016\226\217\147\072\171\357\122\006}{chapter.134}% 2041
\BOOKMARK [2][-]{subsection.134.5.1}{\376\377\0001\0003\0005\000.\0001\000\040\000B\000r\000o\000w\000n\000\040\217\320\122\250\116\016\217\336\176\355\227\205}{section.134.5}% 2042
\BOOKMARK [2][-]{subsection.134.5.2}{\376\377\0001\0003\0005\000.\0002\000\040\000I\000t\000\364\000\040\171\357\122\006\166\204\147\204\220\040}{section.134.5}% 2043
\BOOKMARK [2][-]{subsection.134.5.3}{\376\377\0001\0003\0005\000.\0003\000\040\000I\000t\000\364\000\040\121\154\137\017}{section.134.5}% 2044
\BOOKMARK [2][-]{subsection.134.5.4}{\376\377\0001\0003\0005\000.\0004\000\040\000G\000i\000r\000s\000a\000n\000o\000v\000\040\133\232\164\006\116\016\155\113\136\246\123\330\143\142}{section.134.5}% 2045
\BOOKMARK [2][-]{subsection.134.5.5}{\376\377\0001\0003\0005\000.\0005\000\040\226\217\147\072\137\256\122\006\145\271\172\013\377\010\000S\000D\000E\377\011}{section.134.5}% 2046
\BOOKMARK [0][-]{chapter.135}{\376\377\0001\0000\000-\151\202\163\207\116\016\176\337\213\241\000/\0000\0002\000-\226\217\147\072\217\307\172\013\000/\0000\0004\000-\226\217\147\072\137\256\122\006\145\271\172\013\217\333\226\066\000.\000m\000d}{}% 2047
\BOOKMARK [1][-]{section.135.1}{\376\377\173\054\0003\0005\0007\172\340\377\032\131\047\120\117\135\356\164\006\213\272\116\016\226\306\116\055\116\015\173\111\137\017}{chapter.135}% 2048
\BOOKMARK [2][-]{subsection.135.1.1}{\376\377\0001\0004\0000\000.\0001\000\040\000C\000r\000a\000m\000\351\000r\000\040\133\232\164\006}{section.135.1}% 2049
\BOOKMARK [2][-]{subsection.135.1.2}{\376\377\0001\0004\0000\000.\0002\000\040\000S\000c\000h\000i\000l\000d\000e\000r\000\040\133\232\164\006\116\016\000\040\000F\000r\000e\000i\000d\000l\000i\000n\000-\000W\000e\000n\000t\000z\000e\000l\000l\000\040\164\006\213\272}{section.135.1}% 2050
\BOOKMARK [2][-]{subsection.135.1.3}{\376\377\0001\0004\0000\000.\0003\000\040\226\306\116\055\116\015\173\111\137\017}{section.135.1}% 2051
\BOOKMARK [2][-]{subsection.135.1.4}{\376\377\0001\0004\0000\000.\0004\000\040\176\317\232\214\217\307\172\013\116\016\116\000\201\364\131\047\145\160\133\232\137\213}{section.135.1}% 2052
\BOOKMARK [2][-]{subsection.135.1.5}{\376\377\174\227\174\331\215\357\137\204\164\006\213\272\116\016\153\143\122\031\176\323\147\204\133\374\137\025}{section.135.1}% 2053
\BOOKMARK [2][-]{subsection.135.1.6}{\376\377\122\250\147\072\116\016\225\356\230\230\200\314\146\157}{section.135.1}% 2054
\BOOKMARK [2][-]{subsection.135.1.7}{\376\377\137\040\221\317\116\343\145\160\230\204\131\007}{section.135.1}% 2055
\BOOKMARK [2][-]{subsection.135.1.8}{\376\377\143\247\122\066\121\375\145\160\116\016\000\040\000p\000-\123\330\135\356}{section.135.1}% 2056
\BOOKMARK [2][-]{subsection.135.1.9}{\376\377\174\227\174\331\215\357\137\204\166\204\153\143\137\017\133\232\116\111}{section.135.1}% 2057
\BOOKMARK [2][-]{subsection.135.1.10}{\376\377\174\227\174\331\137\256\122\006\145\271\172\013}{section.135.1}% 2058
\BOOKMARK [2][-]{subsection.135.1.11}{\376\377\000B\000r\000o\000w\000n\000\040\174\227\174\331\215\357\137\204}{section.135.1}% 2059
\BOOKMARK [2][-]{subsection.135.1.12}{\376\377\153\143\122\031\176\323\147\204\164\006\213\272\151\202\211\310}{section.135.1}% 2060
\BOOKMARK [2][-]{subsection.135.1.13}{\376\377\174\227\174\331\215\357\137\204\116\016\226\217\147\072\122\006\147\220\166\204\121\163\174\373}{section.135.1}% 2061
\BOOKMARK [1][-]{section.135.2}{\376\377\173\054\0003\0005\0008\172\340\377\032\226\217\147\072\120\117\137\256\122\006\145\271\172\013\377\010\000S\000P\000D\000E\377\011}{chapter.135}% 2062
\BOOKMARK [2][-]{subsection.135.2.1}{\376\377\0001\0003\0006\000.\0001\000\040\145\366\172\172\166\175\126\152\130\360\116\016\226\217\147\072\171\357\122\006}{section.135.2}% 2063
\BOOKMARK [2][-]{subsection.135.2.2}{\376\377\0001\0003\0006\000.\0002\000\040\226\217\147\072\160\355\145\271\172\013\116\016\226\217\147\072\154\342\122\250\145\271\172\013}{section.135.2}% 2064
\BOOKMARK [2][-]{subsection.135.2.3}{\376\377\0001\0003\0006\000.\0003\000\040\000K\000P\000Z\000\040\145\271\172\013\116\016\153\143\122\031\140\047\176\323\147\204}{section.135.2}% 2065
\BOOKMARK [2][-]{subsection.135.2.4}{\376\377\0001\0003\0006\000.\0004\000\040\000S\000c\000h\000r\000a\000m\000m\000-\000L\000o\000e\000w\000n\000e\000r\000\040\157\024\123\026\377\010\000S\000L\000E\377\011}{section.135.2}% 2066
\BOOKMARK [1][-]{section.135.3}{\376\377\173\054\0003\0005\0009\172\340\377\032\000L\000e\000v\000y\000\040\217\307\172\013\060\001\131\047\120\117\135\356\116\016\155\113\136\246\120\074\217\307\172\013}{chapter.135}% 2067
\BOOKMARK [2][-]{subsection.135.3.1}{\376\377\0001\0003\0007\000.\0001\000\040\000L\000e\000v\000y\000\040\217\307\172\013\116\016\000\040\000L\000e\000v\000y\000-\000K\000h\000i\000n\000t\000c\000h\000i\000n\000e\000\040\121\154\137\017}{section.135.3}% 2068
\BOOKMARK [2][-]{subsection.135.3.2}{\376\377\0001\0003\0007\000.\0002\000\040\131\047\120\117\135\356\164\006\213\272}{section.135.3}% 2069
\BOOKMARK [2][-]{subsection.135.3.3}{\376\377\0001\0003\0007\000.\0003\000\040\155\113\136\246\120\074\217\307\172\013}{section.135.3}% 2070
\BOOKMARK [0][-]{chapter.136}{\376\377\0001\0000\000-\151\202\163\207\116\016\176\337\213\241\000/\0000\0003\000-\176\337\213\241\133\146\000/\0000\0001\000-\117\060\213\241\116\016\150\300\232\214\000.\000m\000d}{}% 2071
\BOOKMARK [1][-]{section.136.1}{\376\377\173\054\0003\0006\0000\172\340\377\032\117\060\213\241\164\006\213\272}{chapter.136}% 2072
\BOOKMARK [2][-]{subsection.136.1.1}{\376\377\0001\0000\0009\000.\0001\000\040\176\337\213\241\152\041\127\213\116\016\121\105\122\006\176\337\213\241\221\317}{section.136.1}% 2073
\BOOKMARK [2][-]{subsection.136.1.2}{\376\377\0001\0000\0009\000.\0002\000\040\160\271\117\060\213\241}{section.136.1}% 2074
\BOOKMARK [2][-]{subsection.136.1.3}{\376\377\0001\0000\0009\000.\0003\000\040\000F\000i\000s\000h\000e\000r\000\040\117\341\140\157\116\016\000\040\000C\000r\000a\000m\000\351\000r\000-\000R\000a\000o\000\040\116\013\165\114}{section.136.1}% 2075
\BOOKMARK [2][-]{subsection.136.1.4}{\376\377\0001\0000\0009\000.\0004\000\040\147\201\131\047\117\074\161\066\117\060\213\241}{section.136.1}% 2076
\BOOKMARK [1][-]{section.136.2}{\376\377\173\054\0003\0006\0001\172\340\377\032\120\107\213\276\150\300\232\214}{chapter.136}% 2077
\BOOKMARK [2][-]{subsection.136.2.1}{\376\377\0001\0001\0000\000.\0001\000\040\120\107\213\276\150\300\232\214\166\204\127\372\147\054\151\202\137\365}{section.136.2}% 2078
\BOOKMARK [2][-]{subsection.136.2.2}{\376\377\0001\0001\0000\000.\0002\000\040\000N\000e\000y\000m\000a\000n\000-\000P\000e\000a\000r\000s\000o\000n\000\040\137\025\164\006}{section.136.2}% 2079
\BOOKMARK [2][-]{subsection.136.2.3}{\376\377\0001\0001\0000\000.\0003\000\040\117\074\161\066\153\324\150\300\232\214}{section.136.2}% 2080
\BOOKMARK [1][-]{section.136.3}{\376\377\173\054\0003\0006\0002\172\340\377\032\177\156\117\341\123\072\225\364\116\016\215\035\123\366\145\257\145\271\154\325}{chapter.136}% 2081
\BOOKMARK [2][-]{subsection.136.3.1}{\376\377\0001\0001\0001\000.\0001\000\040\177\156\117\341\123\072\225\364}{section.136.3}% 2082
\BOOKMARK [2][-]{subsection.136.3.2}{\376\377\0001\0001\0001\000.\0002\000\040\215\035\123\366\145\257\145\271\154\325}{section.136.3}% 2083
\BOOKMARK [0][-]{chapter.137}{\376\377\0001\0000\000-\151\202\163\207\116\016\176\337\213\241\000/\0000\0003\000-\176\337\213\241\133\146\000/\0000\0002\000-\176\277\140\047\152\041\127\213\116\016\131\032\121\103\000.\000m\000d}{}% 2084
\BOOKMARK [1][-]{section.137.1}{\376\377\173\054\0003\0006\0003\172\340\377\032\176\277\140\047\152\041\127\213}{chapter.137}% 2085
\BOOKMARK [2][-]{subsection.137.1.1}{\376\377\0001\0001\0002\000.\0001\000\040\176\277\140\047\126\336\137\122\152\041\127\213}{section.137.1}% 2086
\BOOKMARK [2][-]{subsection.137.1.2}{\376\377\0001\0001\0002\000.\0002\000\040\145\271\135\356\122\006\147\220}{section.137.1}% 2087
\BOOKMARK [2][-]{subsection.137.1.3}{\376\377\0001\0001\0002\000.\0003\000\040\152\041\127\213\213\312\145\255\116\016\220\011\142\351}{section.137.1}% 2088
\BOOKMARK [1][-]{section.137.2}{\376\377\173\054\0003\0006\0004\172\340\377\032\131\032\121\103\122\006\147\220}{chapter.137}% 2089
\BOOKMARK [2][-]{subsection.137.2.1}{\376\377\0001\0001\0003\000.\0001\000\040\131\032\121\103\153\143\140\001\122\006\136\003}{section.137.2}% 2090
\BOOKMARK [2][-]{subsection.137.2.2}{\376\377\0001\0001\0003\000.\0002\000\040\116\073\142\020\122\006\122\006\147\220}{section.137.2}% 2091
\BOOKMARK [2][-]{subsection.137.2.3}{\376\377\0001\0001\0003\000.\0003\000\040\122\044\122\053\122\006\147\220}{section.137.2}% 2092
\BOOKMARK [1][-]{section.137.3}{\376\377\173\054\0003\0006\0005\172\340\377\032\117\341\140\157\121\340\117\125}{chapter.137}% 2093
\BOOKMARK [2][-]{subsection.137.3.1}{\376\377\000F\000i\000s\000h\000e\000r\117\341\140\157\136\246\221\317\116\016\000R\000a\000o\215\335\171\273}{section.137.3}% 2094
\BOOKMARK [2][-]{subsection.137.3.2}{\376\377\000C\000h\000e\000n\000t\000s\000o\000v\133\232\164\006}{section.137.3}% 2095
\BOOKMARK [2][-]{subsection.137.3.3}{\376\377\000\134\000a\000l\000p\000h\000a\000-\200\124\176\334\116\016\000A\000m\000a\000r\000i\164\006\213\272}{section.137.3}% 2096
\BOOKMARK [1][-]{section.137.4}{\376\377\173\054\0003\0006\0006\172\340\377\032\213\325\232\214\213\276\213\241}{chapter.137}% 2097
\BOOKMARK [2][-]{subsection.137.4.1}{\376\377\000F\000i\000s\000h\000e\000r\117\341\140\157\167\351\226\065\116\016\147\000\117\030\213\276\213\241\121\306\122\031}{section.137.4}% 2098
\BOOKMARK [2][-]{subsection.137.4.2}{\376\377\000K\000i\000e\000f\000e\000r\000-\000W\000o\000l\000f\000o\000w\000i\000t\000z\173\111\116\367\133\232\164\006}{section.137.4}% 2099
\BOOKMARK [2][-]{subsection.137.4.3}{\376\377\124\315\136\224\227\142\213\276\213\241\166\204\116\045\150\074\143\250\133\374}{section.137.4}% 2100
\BOOKMARK [1][-]{section.137.5}{\376\377\173\054\0003\0006\0007\172\340\377\032\142\275\150\067\145\271\154\325\116\016\214\003\147\345\213\276\213\241\377\010\000S\000a\000m\000p\000l\000i\000n\000g\000\040\000M\000e\000t\000h\000o\000d\000s\377\011}{chapter.137}% 2101
\BOOKMARK [2][-]{subsection.137.5.1}{\376\377\000H\000o\000r\000v\000i\000t\000z\000-\000T\000h\000o\000m\000p\000s\000o\000n\117\060\213\241\221\317\166\204\116\045\150\074\164\006\213\272}{section.137.5}% 2102
\BOOKMARK [2][-]{subsection.137.5.2}{\376\377\153\324\163\207\117\060\213\241\116\016\126\336\137\122\117\060\213\241\166\204\156\020\217\321\164\006\213\272}{section.137.5}% 2103
\BOOKMARK [2][-]{subsection.137.5.3}{\376\377\000N\000e\000y\000m\000a\000n\147\000\117\030\122\006\221\115}{section.137.5}% 2104
\BOOKMARK [1][-]{section.137.6}{\376\377\173\054\0003\0006\0008\172\340\377\032\145\366\225\364\136\217\122\027\122\006\147\220\377\010\000T\000i\000m\000e\000\040\000S\000e\000r\000i\000e\000s\000\040\000A\000n\000a\000l\000y\000s\000i\000s\377\011}{chapter.137}% 2105
\BOOKMARK [2][-]{subsection.137.6.1}{\376\377\0001\0001\0007\000.\0001\000\040\176\277\140\047\145\366\225\364\136\217\122\027\152\041\127\213}{section.137.6}% 2106
\BOOKMARK [2][-]{subsection.137.6.2}{\376\377\0001\0001\0007\000.\0002\000\040\214\061\122\006\147\220\116\016\230\221\127\337\145\271\154\325}{section.137.6}% 2107
\BOOKMARK [0][-]{chapter.138}{\376\377\0001\0000\000-\151\202\163\207\116\016\176\337\213\241\000/\0000\0003\000-\176\337\213\241\133\146\000/\0000\0003\000-\176\337\213\241\133\146\116\140\164\006\213\272\000.\000m\000d}{}% 2108
\BOOKMARK [1][-]{subsection.138.0.1}{\376\377\0003\0000\0003\000.\000A\000\040\176\337\213\241\133\146\116\140\210\145\121\105}{chapter.138}% 2109
\BOOKMARK [1][-]{section.138.1}{\376\377\173\054\0003\0006\0009\172\340\377\032\176\337\213\241\133\146\116\140\164\006\213\272}{chapter.138}% 2110
\BOOKMARK [2][-]{subsection.138.1.1}{\376\377\0001\0008\0007\000.\0001\000\040\000P\000A\000C\133\146\116\140\150\106\147\266}{section.138.1}% 2111
\BOOKMARK [2][-]{subsection.138.1.2}{\376\377\0001\0008\0007\000.\0002\000\040\000V\000C\176\364}{section.138.1}% 2112
\BOOKMARK [2][-]{subsection.138.1.3}{\376\377\0001\0008\0007\000.\0003\000\040\000R\000a\000d\000e\000m\000a\000c\000h\000e\000r\131\015\147\102\136\246}{section.138.1}% 2113
\BOOKMARK [2][-]{subsection.138.1.4}{\376\377\0001\0008\0007\000.\0004\000\040\120\117\135\356\000-\145\271\135\356\122\006\211\343}{section.138.1}% 2114
\BOOKMARK [1][-]{section.138.2}{\376\377\173\054\0003\0007\0000\172\340\377\032\171\136\176\317\177\121\176\334\220\074\217\321\164\006\213\272}{chapter.138}% 2115
\BOOKMARK [2][-]{subsection.138.2.1}{\376\377\0001\0008\0008\000.\0001\000\040\220\032\165\050\220\074\217\321\133\232\164\006}{section.138.2}% 2116
\BOOKMARK [2][-]{subsection.138.2.2}{\376\377\0001\0008\0008\000.\0002\000\040\155\361\136\246\166\204\117\030\122\277}{section.138.2}% 2117
\BOOKMARK [2][-]{subsection.138.2.3}{\376\377\0001\0008\0008\000.\0003\000\040\171\136\176\317\153\143\122\007\150\070}{section.138.2}% 2118
\BOOKMARK [1][-]{section.138.3}{\376\377\173\054\0003\0007\0001\172\340\377\032\155\361\136\246\133\146\116\140\166\204\117\030\123\026\164\006\213\272}{chapter.138}% 2119
\BOOKMARK [2][-]{subsection.138.3.1}{\376\377\0001\0008\0009\000.\0001\000\040\226\217\147\072\150\257\136\246\116\013\226\115\166\204\145\066\145\133\164\006\213\272}{section.138.3}% 2120
\BOOKMARK [2][-]{subsection.138.3.2}{\376\377\0001\0008\0009\000.\0002\000\040\143\137\131\061\146\157\211\302\166\204\121\340\117\125\176\323\147\204}{section.138.3}% 2121
\BOOKMARK [2][-]{subsection.138.3.3}{\376\377\0001\0008\0009\000.\0003\000\040\226\220\137\017\153\143\122\031\123\026\166\204\145\160\133\146\122\006\147\220}{section.138.3}% 2122
\BOOKMARK [2][-]{subsection.138.3.4}{\376\377\0001\0009\0000\000.\0001\000\040\000M\000o\000n\000g\000e\225\356\230\230\116\016\000K\000a\000n\000t\000o\000r\000o\000v\000i\000c\000h\147\176\137\033}{section.138.3}% 2123
\BOOKMARK [2][-]{subsection.138.3.5}{\376\377\0001\0009\0000\000.\0002\000\040\000B\000r\000e\000n\000i\000e\000r\133\232\164\006\116\016\000M\000o\000n\000g\000e\000-\000A\000m\000p\000\350\000r\000e\145\271\172\013}{section.138.3}% 2124
\BOOKMARK [2][-]{subsection.138.3.6}{\376\377\0001\0009\0000\000.\0003\000\040\000W\000a\000s\000s\000e\000r\000s\000t\000e\000i\000n\215\335\171\273\166\204\121\340\117\125}{section.138.3}% 2125
\BOOKMARK [1][-]{section.138.4}{\376\377\173\054\0003\0007\0002\172\340\377\032\136\217\122\027\121\263\173\126\166\204\145\160\133\146\164\006\213\272}{chapter.138}% 2126
\BOOKMARK [2][-]{subsection.138.4.1}{\376\377\0001\0009\0001\000.\0001\000\040\232\154\134\024\123\357\131\053\121\263\173\126\217\307\172\013\116\016\000B\000e\000l\000l\000m\000a\000n\145\271\172\013}{section.138.4}% 2127
\BOOKMARK [2][-]{subsection.138.4.2}{\376\377\0001\0009\0001\000.\0002\000\040\173\126\165\145\150\257\136\246\133\232\164\006}{section.138.4}% 2128
\BOOKMARK [2][-]{subsection.138.4.3}{\376\377\0001\0009\0001\000.\0003\000\040\117\341\140\157\164\366\230\210\123\237\164\006}{section.138.4}% 2129
\BOOKMARK [0][-]{chapter.139}{\376\377\0001\0000\000-\151\202\163\207\116\016\176\337\213\241\000/\0000\0003\000-\176\337\213\241\133\146\000/\0000\0004\000-\163\260\116\343\176\337\213\241\145\271\154\325\000.\000m\000d}{}% 2130
\BOOKMARK [0][-]{chapter.140}{\376\377\163\260\116\343\176\337\213\241\145\271\154\325}{}% 2131
\BOOKMARK [1][-]{section.140.1}{\376\377\173\054\0003\0007\0003\172\340\377\032\227\136\123\302\145\160\176\337\213\241\116\016\221\315\142\275\150\067}{chapter.140}% 2132
\BOOKMARK [2][-]{subsection.140.1.1}{\376\377\0003\0000\0009\000.\0001\000\040\227\136\123\302\145\160\145\271\154\325\166\204\127\372\147\054\140\035\140\363}{section.140.1}% 2133
\BOOKMARK [2][-]{subsection.140.1.2}{\376\377\0003\0000\0009\000.\0002\000\040\000B\000o\000o\000t\000s\000t\000r\000a\000p\145\271\154\325}{section.140.1}% 2134
\BOOKMARK [2][-]{subsection.140.1.3}{\376\377\0003\0000\0009\000.\0003\000\040\000J\000a\000c\000k\000k\000n\000i\000f\000e\116\016\116\244\123\311\232\214\213\301}{section.140.1}% 2135
\BOOKMARK [2][-]{subsection.140.1.4}{\376\377\0003\0000\0009\000.\0004\000\040\150\070\133\306\136\246\117\060\213\241\116\016\147\000\117\030\172\227\133\275}{section.140.1}% 2136
\BOOKMARK [2][-]{subsection.140.1.5}{\376\377\0003\0000\0009\000.\0005\000\040\176\317\232\214\217\307\172\013\116\016\000D\000v\000o\000r\000e\000t\000z\000k\000y\000-\000K\000i\000e\000f\000e\000r\000-\000W\000o\000l\000f\000o\000w\000i\000t\000z\116\015\173\111\137\017}{section.140.1}% 2137
\BOOKMARK [1][-]{section.140.2}{\376\377\173\054\0003\0007\0004\172\340\377\032\165\037\133\130\122\006\147\220\116\016\123\357\227\140\140\047}{chapter.140}% 2138
\BOOKMARK [2][-]{subsection.140.2.1}{\376\377\0003\0001\0000\000.\0001\000\040\165\037\133\130\121\375\145\160\116\016\123\161\226\151\163\207\121\375\145\160}{section.140.2}% 2139
\BOOKMARK [2][-]{subsection.140.2.2}{\376\377\0003\0001\0000\000.\0002\000\040\000K\000a\000p\000l\000a\000n\000-\000M\000e\000i\000e\000r\117\060\213\241\116\016\000N\000e\000l\000s\000o\000n\000-\000A\000a\000l\000e\000n\117\060\213\241}{section.140.2}% 2140
\BOOKMARK [2][-]{subsection.140.2.3}{\376\377\0003\0001\0000\000.\0003\000\040\000C\000o\000x\153\324\117\213\230\316\226\151\152\041\127\213}{section.140.2}% 2141
\BOOKMARK [2][-]{subsection.140.2.4}{\376\377\0003\0001\0000\000.\0004\000\040\175\057\171\357\123\321\165\305\163\207\116\016\172\336\116\211\230\316\226\151\152\041\127\213}{section.140.2}% 2142
\BOOKMARK [1][-]{section.140.3}{\376\377\173\054\0003\0007\0005\172\340\377\032\232\330\176\364\176\337\213\241\116\016\126\340\147\234\143\250\145\255}{chapter.140}% 2143
\BOOKMARK [2][-]{subsection.140.3.1}{\376\377\0003\0001\0001\000.\0001\000\040\232\330\176\364\126\336\137\122\166\204\153\143\122\031\123\026\145\271\154\325}{section.140.3}% 2144
\BOOKMARK [2][-]{subsection.140.3.2}{\376\377\0003\0001\0001\000.\0002\000\040\206\132\120\107\123\321\163\260\163\207\116\016\131\032\221\315\150\300\232\214}{section.140.3}% 2145
\BOOKMARK [2][-]{subsection.140.3.3}{\376\377\0003\0001\0001\000.\0003\000\040\126\340\147\234\143\250\145\255\166\204\145\160\133\146\150\106\147\266}{section.140.3}% 2146
\BOOKMARK [2][-]{subsection.140.3.4}{\376\377\0003\0001\0001\000.\0004\000\040\135\345\121\167\123\330\221\317\116\016\176\323\147\204\145\271\172\013\152\041\127\213}{section.140.3}% 2147
\BOOKMARK [0][-]{chapter.141}{\376\377\0001\0000\000-\151\202\163\207\116\016\176\337\213\241\000/\0000\0003\000-\176\337\213\241\133\146\000/\0000\0005\000-\142\323\142\121\145\160\143\156\122\006\147\220\000.\000m\000d}{}% 2148
\BOOKMARK [0][-]{chapter.142}{\376\377\142\323\142\121\145\160\143\156\122\006\147\220}{}% 2149
\BOOKMARK [1][-]{section.142.1}{\376\377\173\054\0003\0007\0006\172\340\377\032\143\001\176\355\124\014\214\003}{chapter.142}% 2150
\BOOKMARK [2][-]{subsection.142.1.1}{\376\377\123\125\176\257\131\015\137\142\116\016\142\275\214\141\131\015\137\142}{section.142.1}% 2151
\BOOKMARK [2][-]{subsection.142.1.2}{\376\377\156\344\217\307\116\016\143\001\176\355\124\014\214\003\166\204\116\343\145\160\127\372\170\100}{section.142.1}% 2152
\BOOKMARK [2][-]{subsection.142.1.3}{\376\377\143\001\176\355\124\014\214\003\166\204\176\323\147\204\133\232\164\006}{section.142.1}% 2153
\BOOKMARK [2][-]{subsection.142.1.4}{\376\377\143\001\176\355\000L\000a\000n\000d\000s\000c\000a\000p\000e\116\016\143\001\176\355\126\376\120\317}{section.142.1}% 2154
\BOOKMARK [2][-]{subsection.142.1.5}{\376\377\172\063\133\232\140\047\133\232\164\006}{section.142.1}% 2155
\BOOKMARK [1][-]{section.142.2}{\376\377\173\054\0003\0007\0007\172\340\377\032\000T\000D\000A\166\204\173\227\154\325\116\016\176\337\213\241\127\372\170\100}{chapter.142}% 2156
\BOOKMARK [2][-]{subsection.142.2.1}{\376\377\143\001\176\355\124\014\214\003\166\204\213\241\173\227}{section.142.2}% 2157
\BOOKMARK [2][-]{subsection.142.2.2}{\376\377\000M\000a\000p\000p\000e\000r\173\227\154\325\116\016\000R\000e\000e\000b\126\376}{section.142.2}% 2158
\BOOKMARK [2][-]{subsection.142.2.3}{\376\377\143\001\176\355\124\014\214\003\166\204\176\337\213\241\133\146}{section.142.2}% 2159
\BOOKMARK [2][-]{subsection.142.2.4}{\376\377\150\070\145\271\154\325\127\050\000T\000D\000A\116\055\166\204\136\224\165\050}{section.142.2}% 2160
\BOOKMARK [1][-]{section.142.3}{\376\377\173\054\0003\0007\0008\172\340\377\032\000T\000D\000A\166\204\136\224\165\050}{chapter.142}% 2161
\BOOKMARK [2][-]{subsection.142.3.1}{\376\377\232\330\176\364\145\160\143\156\122\006\147\220\116\016\226\115\176\364\123\357\211\306\123\026}{section.142.3}% 2162
\BOOKMARK [2][-]{subsection.142.3.2}{\376\377\147\120\145\231\171\321\133\146\116\055\166\204\000T\000D\000A}{section.142.3}% 2163
\BOOKMARK [2][-]{subsection.142.3.3}{\376\377\171\136\176\317\171\321\133\146\116\055\166\204\000T\000D\000A}{section.142.3}% 2164
\BOOKMARK [1][-]{section.142.4}{\376\377\173\054\0003\0007\0009\172\340\377\032\143\001\176\355\124\014\214\003\166\204\136\224\165\050\116\016\172\063\133\232\140\047}{chapter.142}% 2165
\BOOKMARK [2][-]{subsection.142.4.1}{\376\377\143\001\176\355\124\014\214\003\166\204\000W\000a\000s\000s\000e\000r\000s\000t\000e\000i\000n\215\335\171\273\116\016\164\366\230\210\215\335\171\273}{section.142.4}% 2166
\BOOKMARK [2][-]{subsection.142.4.2}{\376\377\172\063\133\232\140\047\166\204\000L\000i\000p\000s\000c\000h\000i\000t\000z\147\141\116\366\133\214\145\164\213\301\146\016}{section.142.4}% 2167
\BOOKMARK [2][-]{subsection.142.4.3}{\376\377\143\001\176\355\124\014\214\003\166\204\176\337\213\241\164\006\213\272}{section.142.4}% 2168
\BOOKMARK [2][-]{subsection.142.4.4}{\376\377\000M\000o\000r\000s\000e\164\006\213\272\127\050\121\375\145\160\145\160\143\156\122\006\147\220\116\055\166\204\136\224\165\050}{section.142.4}% 2169
\BOOKMARK [0][-]{chapter.143}{\376\377\0001\0000\000-\151\202\163\207\116\016\176\337\213\241\000/\0000\0003\000-\176\337\213\241\133\146\000/\0000\0006\000-\133\236\232\214\213\276\213\241\000.\000m\000d}{}% 2170
\BOOKMARK [0][-]{chapter.144}{\376\377\133\236\232\214\213\276\213\241}{}% 2171
\BOOKMARK [1][-]{section.144.1}{\376\377\173\054\0003\0008\0000\172\340\377\032\133\236\232\214\213\276\213\241\127\372\147\054\123\237\164\006}{chapter.144}% 2172
\BOOKMARK [2][-]{subsection.144.1.1}{\376\377\000x\000.\0001\000\040\116\011\131\047\127\372\147\054\123\237\122\031}{section.144.1}% 2173
\BOOKMARK [2][-]{subsection.144.1.2}{\376\377\000x\000.\0002\000\040\133\214\121\150\226\217\147\072\213\276\213\241\377\010\000C\000R\000D\377\011}{section.144.1}% 2174
\BOOKMARK [1][-]{section.144.2}{\376\377\173\054\0003\0008\0001\172\340\377\032\145\271\135\356\122\006\147\220\116\016\126\340\175\040\213\276\213\241}{chapter.144}% 2175
\BOOKMARK [2][-]{subsection.144.2.1}{\376\377\000x\000+\0001\000.\0001\000\040\123\125\126\340\175\040\000A\000N\000O\000V\000A}{section.144.2}% 2176
\BOOKMARK [2][-]{subsection.144.2.2}{\376\377\000x\000+\0001\000.\0002\000\040\123\314\126\340\175\040\000A\000N\000O\000V\000A\116\016\116\244\116\222\117\134\165\050}{section.144.2}% 2177
\BOOKMARK [2][-]{subsection.144.2.3}{\376\377\000x\000+\0001\000.\0003\000\040\131\032\126\340\175\040\213\276\213\241}{section.144.2}% 2178
\BOOKMARK [1][-]{section.144.3}{\376\377\173\054\0003\0008\0002\172\340\377\032\142\311\116\001\145\271\116\016\116\015\133\214\121\150\123\072\176\304\213\276\213\241}{chapter.144}% 2179
\BOOKMARK [2][-]{subsection.144.3.1}{\376\377\000x\000+\0002\000.\0001\000\040\142\311\116\001\145\271\213\276\213\241}{section.144.3}% 2180
\BOOKMARK [2][-]{subsection.144.3.2}{\376\377\000x\000+\0002\000.\0002\000\040\153\143\116\244\142\311\116\001\145\271\116\016\000B\000o\000s\000e\000-\000S\000h\000r\000i\000k\000h\000a\000n\000d\000e\000-\000P\000a\000r\000k\000e\000r\133\232\164\006}{section.144.3}% 2181
\BOOKMARK [2][-]{subsection.144.3.3}{\376\377\000x\000+\0002\000.\0003\000\040\136\163\210\141\116\015\133\214\121\150\123\072\176\304\213\276\213\241\377\010\000B\000I\000B\000D\377\011}{section.144.3}% 2182
\BOOKMARK [2][-]{subsection.144.3.4}{\376\377\000x\000+\0002\000.\0004\000\040\000Y\000o\000u\000d\000e\000n\145\271\213\276\213\241}{section.144.3}% 2183
\BOOKMARK [1][-]{section.144.4}{\376\377\173\054\0003\0008\0003\172\340\377\032\124\315\136\224\227\142\116\016\147\000\117\030\213\276\213\241}{chapter.144}% 2184
\BOOKMARK [2][-]{subsection.144.4.1}{\376\377\000x\000+\0003\000.\0001\000\040\124\315\136\224\227\142\145\271\154\325\116\016\116\214\153\041\146\362\227\142\142\337\124\010}{section.144.4}% 2185
\BOOKMARK [2][-]{subsection.144.4.2}{\376\377\000x\000+\0003\000.\0002\000\040\000B\000o\000x\000-\000B\000e\000h\000n\000k\000e\000n\213\276\213\241\116\016\116\055\137\303\131\015\124\010\213\276\213\241}{section.144.4}% 2186
\BOOKMARK [2][-]{subsection.144.4.3}{\376\377\000x\000+\0003\000.\0003\000\040\000D\000-\147\000\117\030\140\047\116\016\000K\000i\000e\000f\000e\000r\000-\000W\000o\000l\000f\000o\000w\000i\000t\000z\173\111\116\367\140\047\133\232\164\006}{section.144.4}% 2187
\BOOKMARK [2][-]{subsection.144.4.4}{\376\377\000x\000+\0003\000.\0004\000\040\123\072\176\304\123\026\166\204\147\000\117\030\213\276\213\241\164\006\213\272\116\016\210\145\121\105}{section.144.4}% 2188
\BOOKMARK [0][-]{chapter.145}{\376\377\0001\0001\000-\145\160\120\074\116\016\213\241\173\227\000/\0000\0001\000-\145\160\120\074\122\006\147\220\000/\0000\0001\000-\213\357\135\356\116\016\176\277\140\047\145\160\120\074\000.\000m\000d}{}% 2189
\BOOKMARK [1][-]{section.145.1}{\376\377\173\054\0003\0008\0004\172\340\377\032\155\156\160\271\217\320\173\227\116\016\213\357\135\356\122\006\147\220}{chapter.145}% 2190
\BOOKMARK [2][-]{subsection.145.1.1}{\376\377\0001\0001\0004\000.\0001\000\040\155\156\160\271\145\160\174\373\176\337}{section.145.1}% 2191
\BOOKMARK [2][-]{subsection.145.1.2}{\376\377\0001\0001\0004\000.\0002\000\040\213\357\135\356\122\006\147\220}{section.145.1}% 2192
\BOOKMARK [1][-]{section.145.2}{\376\377\173\054\0003\0008\0005\172\340\377\032\176\277\140\047\145\271\172\013\176\304\145\160\120\074\211\343}{chapter.145}% 2193
\BOOKMARK [2][-]{subsection.145.2.1}{\376\377\0001\0001\0005\000.\0001\000\040\232\330\145\257\155\210\121\103\116\016\000\040\000L\000U\000\040\122\006\211\343}{section.145.2}% 2194
\BOOKMARK [2][-]{subsection.145.2.2}{\376\377\0001\0001\0005\000.\0002\000\040\000Q\000R\000\040\122\006\211\343\116\016\147\000\134\017\116\214\116\130}{section.145.2}% 2195
\BOOKMARK [2][-]{subsection.145.2.3}{\376\377\0001\0001\0005\000.\0003\000\040\217\355\116\343\154\325}{section.145.2}% 2196
\BOOKMARK [1][-]{section.145.3}{\376\377\173\054\0003\0008\0006\172\340\377\032\162\171\137\201\120\074\225\356\230\230}{chapter.145}% 2197
\BOOKMARK [2][-]{subsection.145.3.1}{\376\377\0001\0001\0006\000.\0001\000\040\162\171\137\201\120\074\166\204\127\372\147\054\164\006\213\272}{section.145.3}% 2198
\BOOKMARK [2][-]{subsection.145.3.2}{\376\377\0001\0001\0006\000.\0002\000\040\136\102\217\355\116\343\123\312\121\166\123\330\117\123}{section.145.3}% 2199
\BOOKMARK [2][-]{subsection.145.3.3}{\376\377\0001\0001\0006\000.\0003\000\040\000Q\000R\000\040\173\227\154\325}{section.145.3}% 2200
\BOOKMARK [2][-]{subsection.145.3.4}{\376\377\0001\0001\0006\000.\0004\000\040\000J\000a\000c\000o\000b\000i\000\040\145\271\154\325\377\010\133\371\171\360\167\351\226\065\377\011}{section.145.3}% 2201
\BOOKMARK [1][-]{section.145.4}{\376\377\173\054\0003\0008\0007\172\340\377\032\000K\000r\000y\000l\000o\000v\133\120\172\172\225\364\145\271\154\325\377\010\000G\000M\000R\000E\000S\116\016\000C\000G\377\011}{chapter.145}% 2202
\BOOKMARK [2][-]{subsection.145.4.1}{\376\377\0005\0009\000.\000x\000\040\000A\000r\000n\000o\000l\000d\000i\217\307\172\013\116\016\000K\000r\000y\000l\000o\000v\133\120\172\172\225\364\166\204\153\143\116\244\127\372}{section.145.4}% 2203
\BOOKMARK [2][-]{subsection.145.4.2}{\376\377\0005\0009\000.\000y\000\040\000G\000M\000R\000E\000S\145\271\154\325\166\204\145\066\145\133\140\047\122\006\147\220}{section.145.4}% 2204
\BOOKMARK [2][-]{subsection.145.4.3}{\376\377\0005\0009\000.\000z\000\040\121\161\217\155\150\257\136\246\154\325\166\204\164\006\213\272\116\016\215\205\145\066\145\133}{section.145.4}% 2205
\BOOKMARK [1][-]{section.145.5}{\376\377\173\054\0003\0008\0008\172\340\377\032\131\032\221\315\177\121\150\074\116\016\123\072\127\337\122\006\211\343\145\271\154\325}{chapter.145}% 2206
\BOOKMARK [2][-]{subsection.145.5.1}{\376\377\0006\0000\000.\000x\000\040\131\032\221\315\177\121\150\074\166\204\116\044\177\121\150\074\122\006\147\220}{section.145.5}% 2207
\BOOKMARK [2][-]{subsection.145.5.2}{\376\377\0006\0000\000.\000y\000\040\000S\000c\000h\000w\000a\000r\000z\116\244\146\377\154\325\116\016\123\072\127\337\122\006\211\343}{section.145.5}% 2208
\BOOKMARK [2][-]{subsection.145.5.3}{\376\377\0006\0000\000.\000z\000\040\000F\000E\000T\000I\145\271\154\325\116\016\000N\000e\000u\000m\000a\000n\000n\000-\000N\000e\000u\000m\000a\000n\000n\230\204\147\141\116\366\133\120}{section.145.5}% 2209
\BOOKMARK [2][-]{subsection.145.5.4}{\376\377\0003\0001\0005\000.\000A\000\040\145\160\120\074\122\006\147\220\210\145\121\105}{section.145.5}% 2210
\BOOKMARK [0][-]{chapter.146}{\376\377\0001\0001\000-\145\160\120\074\116\016\213\241\173\227\000/\0000\0001\000-\145\160\120\074\122\006\147\220\000/\0000\0002\000-\147\011\226\120\121\103\116\016\213\241\173\227\155\101\117\123\122\233\133\146\000.\000m\000d}{}% 2211
\BOOKMARK [1][-]{section.146.1}{\376\377\173\054\0003\0008\0009\172\340\377\032\147\011\226\120\121\103\145\271\154\325\164\006\213\272\127\372\170\100}{chapter.146}% 2212
\BOOKMARK [2][-]{subsection.146.1.1}{\376\377\0002\0007\0007\000.\0001\000\040\123\330\122\006\123\237\164\006\116\016\137\061\137\142\137\017}{section.146.1}% 2213
\BOOKMARK [2][-]{subsection.146.1.2}{\376\377\0002\0007\0007\000.\0002\000\040\147\011\226\120\121\103\171\273\145\143\116\016\000\040\000C\000\351\000a\000\040\137\025\164\006}{section.146.1}% 2214
\BOOKMARK [2][-]{subsection.146.1.3}{\376\377\0002\0008\0000\000.\0003\000\040\232\330\122\006\217\250\163\207\150\074\137\017\377\032\000T\000V\000D\060\001\000E\000N\000O\060\001\000W\000E\000N\000O}{section.146.1}% 2215
\BOOKMARK [2][-]{subsection.146.1.4}{\376\377\0002\0008\0000\000.\0004\000\040\116\000\176\364\124\214\116\214\176\364\000\040\000E\000u\000l\000e\000r\000\040\145\271\172\013\166\204\145\160\120\074\154\102\211\343}{section.146.1}% 2216
\BOOKMARK [1][-]{section.146.2}{\376\377\173\054\0003\0009\0000\172\340\377\032\213\241\173\227\155\101\117\123\122\233\133\146\145\160\133\146\127\372\170\100}{chapter.146}% 2217
\BOOKMARK [2][-]{subsection.146.2.1}{\376\377\0002\0008\0001\000.\0001\000\040\000N\000a\000v\000i\000e\000r\000-\000S\000t\000o\000k\000e\000s\000\040\145\271\172\013\166\204\145\160\120\074\143\021\142\030}{section.146.2}% 2218
\BOOKMARK [2][-]{subsection.146.2.2}{\376\377\0002\0008\0001\000.\0002\000\040\142\225\137\161\154\325\116\016\122\006\153\145\154\325}{section.146.2}% 2219
\BOOKMARK [2][-]{subsection.146.2.3}{\376\377\0002\0008\0001\000.\0003\000\040\172\063\133\232\123\026\147\011\226\120\121\103\145\271\154\325}{section.146.2}% 2220
\BOOKMARK [2][-]{subsection.146.2.4}{\376\377\0002\0008\0001\000.\0004\000\040\156\115\155\101\152\041\127\213\116\016\000\040\000L\000E\000S}{section.146.2}% 2221
\BOOKMARK [2][-]{subsection.146.2.5}{\376\377\176\323\213\355}{section.146.2}% 2222
\BOOKMARK [0][-]{chapter.147}{\376\377\0001\0001\000-\145\160\120\074\116\016\213\241\173\227\000/\0000\0001\000-\145\160\120\074\122\006\147\220\000/\0000\0003\000-\162\171\137\201\120\074\116\016\171\357\122\006\000.\000m\000d}{}% 2223
\BOOKMARK [1][-]{section.147.1}{\376\377\173\054\0003\0009\0001\172\340\377\032\145\160\120\074\171\357\122\006\116\016\137\256\122\006}{chapter.147}% 2224
\BOOKMARK [2][-]{subsection.147.1.1}{\376\377\0001\0001\0007\000.\0001\000\040\145\160\120\074\171\357\122\006\127\372\170\100}{section.147.1}% 2225
\BOOKMARK [2][-]{subsection.147.1.2}{\376\377\0001\0001\0007\000.\0002\000\040\000G\000a\000u\000s\000s\000\040\154\102\171\357}{section.147.1}% 2226
\BOOKMARK [2][-]{subsection.147.1.3}{\376\377\0001\0001\0007\000.\0003\000\040\000R\000o\000m\000b\000e\000r\000g\000\040\131\026\143\250\116\016\201\352\220\002\136\224\154\102\171\357}{section.147.1}% 2227
\BOOKMARK [2][-]{subsection.147.1.4}{\376\377\0001\0001\0007\000.\0004\000\040\145\160\120\074\137\256\122\006}{section.147.1}% 2228
\BOOKMARK [1][-]{section.147.2}{\376\377\173\054\0003\0009\0002\172\340\377\032\136\070\137\256\122\006\145\271\172\013\145\160\120\074\211\343}{chapter.147}% 2229
\BOOKMARK [2][-]{subsection.147.2.1}{\376\377\0001\0001\0008\000.\0001\000\040\000E\000u\000l\000e\000r\000\040\145\271\154\325}{section.147.2}% 2230
\BOOKMARK [2][-]{subsection.147.2.2}{\376\377\0001\0001\0008\000.\0002\000\040\000R\000u\000n\000g\000e\000-\000K\000u\000t\000t\000a\000\040\145\271\154\325}{section.147.2}% 2231
\BOOKMARK [2][-]{subsection.147.2.3}{\376\377\0001\0001\0008\000.\0003\000\040\131\032\153\145\154\325}{section.147.2}% 2232
\BOOKMARK [2][-]{subsection.147.2.4}{\376\377\0001\0001\0008\000.\0004\000\040\172\063\133\232\140\047\116\016\122\032\140\047\145\271\172\013}{section.147.2}% 2233
\BOOKMARK [1][-]{section.147.3}{\376\377\173\054\0003\0009\0003\172\340\377\032\145\160\120\074\176\277\140\047\116\343\145\160\174\276\213\262}{chapter.147}% 2234
\BOOKMARK [2][-]{subsection.147.3.1}{\376\377\0001\0001\0009\000.\0001\000\040\167\351\226\065\122\006\211\343}{section.147.3}% 2235
\BOOKMARK [2][-]{subsection.147.3.2}{\376\377\0001\0001\0009\000.\0002\000\040\162\171\137\201\120\074\173\227\154\325}{section.147.3}% 2236
\BOOKMARK [2][-]{subsection.147.3.3}{\376\377\0001\0001\0009\000.\0003\000\040\000K\000r\000y\000l\000o\000v\000\040\133\120\172\172\225\364\217\355\116\343\154\325}{section.147.3}% 2237
\BOOKMARK [0][-]{chapter.148}{\376\377\0001\0001\000-\145\160\120\074\116\016\213\241\173\227\000/\0000\0001\000-\145\160\120\074\122\006\147\220\000/\0000\0004\000-\220\074\217\321\213\272\000.\000m\000d}{}% 2238
\BOOKMARK [1][-]{subsection.148.0.1}{\376\377\0003\0002\0001\000.\000A\000\040\220\074\217\321\213\272\210\145\121\105}{chapter.148}% 2239
\BOOKMARK [1][-]{section.148.1}{\376\377\173\054\0003\0009\0004\172\340\377\032\000W\000e\000i\000e\000r\000s\000t\000r\000a\000s\000s\000\040\220\074\217\321\133\232\164\006\116\016\000\040\000J\000a\000c\000k\000s\000o\000n\000\040\133\232\164\006}{chapter.148}% 2240
\BOOKMARK [2][-]{subsection.148.1.1}{\376\377\0002\0000\0008\000.\0001\000\040\000W\000e\000i\000e\000r\000s\000t\000r\000a\000s\000s\000\040\173\054\116\000\220\074\217\321\133\232\164\006}{section.148.1}% 2241
\BOOKMARK [2][-]{subsection.148.1.2}{\376\377\0002\0000\0008\000.\0002\000\040\000B\000e\000r\000n\000s\000t\000e\000i\000n\000\040\131\032\230\171\137\017\116\016\147\204\220\040\140\047\213\301\146\016}{section.148.1}% 2242
\BOOKMARK [2][-]{subsection.148.1.3}{\376\377\0002\0000\0008\000.\0003\000\040\000J\000a\000c\000k\000s\000o\000n\000\040\133\232\164\006\040\024\040\024\166\364\143\245\133\232\164\006}{section.148.1}% 2243
\BOOKMARK [1][-]{section.148.2}{\376\377\173\054\0003\0009\0005\172\340\377\032\147\011\164\006\220\074\217\321\116\016\000\040\000P\000a\000d\000\351\000\040\220\074\217\321}{chapter.148}% 2244
\BOOKMARK [2][-]{subsection.148.2.1}{\376\377\0002\0000\0009\000.\0001\000\040\147\011\164\006\220\074\217\321\166\204\127\372\147\054\164\006\213\272}{section.148.2}% 2245
\BOOKMARK [2][-]{subsection.148.2.2}{\376\377\0002\0000\0009\000.\0002\000\040\000P\000a\000d\000\351\000\040\220\074\217\321}{section.148.2}% 2246
\BOOKMARK [2][-]{subsection.148.2.3}{\376\377\0002\0000\0009\000.\0003\000\040\000P\000a\000d\000\351\000\040\220\074\217\321\166\204\145\066\145\133\140\047}{section.148.2}% 2247
\BOOKMARK [1][-]{section.148.3}{\376\377\173\054\0003\0009\0006\172\340\377\032\150\067\147\141\116\016\134\017\154\342}{chapter.148}% 2248
\BOOKMARK [2][-]{subsection.148.3.1}{\376\377\0002\0001\0000\000.\0001\000\040\150\067\147\141\121\375\145\160}{section.148.3}% 2249
\BOOKMARK [2][-]{subsection.148.3.2}{\376\377\0002\0001\0000\000.\0002\000\040\000B\000-\150\067\147\141\127\372}{section.148.3}% 2250
\BOOKMARK [2][-]{subsection.148.3.3}{\376\377\0002\0001\0000\000.\0003\000\040\134\017\154\342\122\006\147\220}{section.148.3}% 2251
\BOOKMARK [2][-]{subsection.148.3.4}{\376\377\0002\0001\0000\000.\0004\000\040\134\017\154\342\127\050\117\341\123\367\131\004\164\006\116\055\166\204\136\224\165\050}{section.148.3}% 2252
\BOOKMARK [1][-]{section.148.4}{\376\377\173\054\0003\0009\0007\172\340\377\032\137\204\124\021\127\372\121\375\145\160\116\016\232\330\176\364\220\074\217\321}{chapter.148}% 2253
\BOOKMARK [2][-]{subsection.148.4.1}{\376\377\0002\0001\0001\000.\0001\000\040\137\204\124\021\127\372\121\375\145\160}{section.148.4}% 2254
\BOOKMARK [2][-]{subsection.148.4.2}{\376\377\0002\0001\0001\000.\0002\000\040\153\143\133\232\121\375\145\160\116\016\121\215\165\037\150\070\000\040\000H\000i\000l\000b\000e\000r\000t\000\040\172\172\225\364}{section.148.4}% 2255
\BOOKMARK [2][-]{subsection.148.4.3}{\376\377\0002\0001\0001\000.\0003\000\040\000R\000B\000F\000\040\220\074\217\321\166\204\145\066\145\133\140\047}{section.148.4}% 2256
\BOOKMARK [2][-]{subsection.148.4.4}{\376\377\0002\0001\0001\000.\0004\000\040\000R\000B\000F\000\040\127\050\000\040\000P\000D\000E\000\040\116\055\166\204\136\224\165\050}{section.148.4}% 2257
\BOOKMARK [1][-]{section.148.5}{\376\377\173\054\0003\0009\0008\172\340\377\032\000C\000h\000e\000b\000y\000s\000h\000e\000v\164\006\213\272\116\016\147\000\117\163\116\000\201\364\220\074\217\321}{chapter.148}% 2258
\BOOKMARK [2][-]{subsection.148.5.1}{\376\377\0002\0001\0002\000.\0001\000\040\000C\000h\000e\000b\000y\000s\000h\000e\000v\131\032\230\171\137\017}{section.148.5}% 2259
\BOOKMARK [2][-]{subsection.148.5.2}{\376\377\0002\0001\0002\000.\0002\000\040\000C\000h\000e\000b\000y\000s\000h\000e\000v\116\244\146\377\133\232\164\006}{section.148.5}% 2260
\BOOKMARK [2][-]{subsection.148.5.3}{\376\377\0002\0001\0002\000.\0003\000\040\000C\000h\000e\000b\000y\000s\000h\000e\000v\131\032\230\171\137\017\134\125\137\000\116\016\214\061\145\271\154\325}{section.148.5}% 2261
\BOOKMARK [1][-]{section.148.6}{\376\377\173\054\0003\0009\0009\172\340\377\032\220\006\133\232\164\006\116\016\000M\000\374\000n\000t\000z\000-\000S\000z\000\341\000s\000z\133\232\164\006}{chapter.148}% 2262
\BOOKMARK [2][-]{subsection.148.6.1}{\376\377\0002\0001\0003\000.\0001\000\040\000B\000e\000r\000n\000s\000t\000e\000i\000n\220\006\133\232\164\006}{section.148.6}% 2263
\BOOKMARK [2][-]{subsection.148.6.2}{\376\377\0002\0001\0003\000.\0002\000\040\000M\000\374\000n\000t\000z\000-\000S\000z\000\341\000s\000z\133\232\164\006}{section.148.6}% 2264
\BOOKMARK [0][-]{chapter.149}{\376\377\0001\0001\000-\145\160\120\074\116\016\213\241\173\227\000/\0000\0001\000-\145\160\120\074\122\006\147\220\000/\0000\0005\000-\123\315\225\356\230\230\116\016\116\015\220\002\133\232\225\356\230\230\000.\000m\000d}{}% 2265
\BOOKMARK [0][-]{chapter.150}{\376\377\123\315\225\356\230\230\116\016\116\015\220\002\133\232\225\356\230\230}{}% 2266
\BOOKMARK [1][-]{section.150.1}{\376\377\173\054\0004\0000\0000\172\340\377\032\116\015\220\002\133\232\225\356\230\230\116\016\153\143\122\031\123\026\164\006\213\272}{chapter.150}% 2267
\BOOKMARK [2][-]{subsection.150.1.1}{\376\377\000x\000.\0001\000\040\000H\000a\000d\000a\000m\000a\000r\000d\220\002\133\232\140\047\116\016\116\015\220\002\133\232\140\047}{section.150.1}% 2268
\BOOKMARK [2][-]{subsection.150.1.2}{\376\377\000x\000.\0002\000\040\175\047\173\227\133\120\166\204\131\107\120\074\122\006\211\343\116\016\000P\000i\000c\000a\000r\000d\121\306\122\031}{section.150.1}% 2269
\BOOKMARK [2][-]{subsection.150.1.3}{\376\377\000x\000.\0003\000\040\000T\000i\000k\000h\000o\000n\000o\000v\153\143\122\031\123\026\166\204\145\066\145\133\140\047\164\006\213\272}{section.150.1}% 2270
\BOOKMARK [1][-]{section.150.2}{\376\377\173\054\0004\0000\0001\172\340\377\032\176\277\140\047\123\315\225\356\230\230\116\016\227\136\217\355\116\343\145\271\154\325}{chapter.150}% 2271
\BOOKMARK [2][-]{subsection.150.2.1}{\376\377\000x\000+\0001\000.\0001\000\040\123\315\145\143\134\004\225\356\230\230}{section.150.2}% 2272
\BOOKMARK [2][-]{subsection.150.2.2}{\376\377\000x\000+\0001\000.\0002\000\040\000R\000a\000d\000o\000n\123\330\143\142\116\016\145\255\134\102\142\153\143\317}{section.150.2}% 2273
\BOOKMARK [2][-]{subsection.150.2.3}{\376\377\000x\000+\0001\000.\0003\000\040\165\065\226\073\142\227\142\020\120\317\166\204\000C\000a\000l\000d\000e\000r\000\363\000n\225\356\230\230}{section.150.2}% 2274
\BOOKMARK [1][-]{section.150.3}{\376\377\173\054\0004\0000\0002\172\340\377\032\227\136\176\277\140\047\123\315\225\356\230\230\116\016\217\355\116\343\153\143\122\031\123\026}{chapter.150}% 2275
\BOOKMARK [2][-]{subsection.150.3.1}{\376\377\000x\000+\0002\000.\0001\000\040\000L\000a\000n\000d\000w\000e\000b\000e\000r\217\355\116\343\166\204\153\143\122\031\123\026\140\047\215\050}{section.150.3}% 2276
\BOOKMARK [2][-]{subsection.150.3.2}{\376\377\000x\000+\0002\000.\0002\000\040\227\136\176\277\140\047\123\315\225\356\230\230\116\055\166\204\217\355\116\343\145\271\154\325}{section.150.3}% 2277
\BOOKMARK [2][-]{subsection.150.3.3}{\376\377\000x\000+\0002\000.\0003\000\040\000B\000a\000y\000e\000s\123\315\225\356\230\230\150\106\147\266}{section.150.3}% 2278
\BOOKMARK [2][-]{subsection.150.3.4}{\376\377\000x\000+\0002\000.\0004\000\040\150\257\136\246\127\213\217\355\116\343\154\325\166\204\153\143\122\031\123\026\123\112\145\066\145\133\140\047\215\050}{section.150.3}% 2279
\BOOKMARK [2][-]{subsection.150.3.5}{\376\377\000x\000+\0002\000.\0005\000\040\121\150\123\330\135\356\153\143\122\031\123\026\116\016\123\315\225\356\230\230}{section.150.3}% 2280
\BOOKMARK [2][-]{subsection.150.3.6}{\376\377\000x\000+\0002\000.\0006\000\040\172\000\165\217\176\246\147\137\123\315\225\356\230\230\116\016\000\134\000e\000l\000l\000\137\0001\153\143\122\031\123\026}{section.150.3}% 2281
\BOOKMARK [2][-]{subsection.150.3.7}{\376\377\000x\000+\0002\000.\0007\000\040\122\006\145\160\226\066\123\315\225\356\230\230\116\016\142\151\145\143\121\111\133\146\134\102\147\220}{section.150.3}% 2282
\BOOKMARK [2][-]{subsection.150.3.8}{\376\377\000x\000+\0002\000.\0008\000\040\123\315\225\356\230\230\166\204\125\057\116\000\140\047\124\214\213\306\122\053\140\047}{section.150.3}% 2283
\BOOKMARK [2][-]{subsection.150.3.9}{\376\377\000x\000+\0002\000.\0009\000\040\123\315\156\220\225\356\230\230\116\016\000G\000r\000e\000e\000n\121\375\145\160\166\204\217\250\213\306}{section.150.3}% 2284
\BOOKMARK [0][-]{chapter.151}{\376\377\0001\0001\000-\145\160\120\074\116\016\213\241\173\227\000/\0000\0002\000-\213\241\173\227\164\006\213\272\000/\0000\0001\000-\145\160\164\006\220\073\217\221\000.\000m\000d}{}% 2285
\BOOKMARK [1][-]{subsection.151.0.1}{\376\377\0003\0002\0008\000.\000A\000\040\145\160\164\006\220\073\217\221\210\145\121\105}{chapter.151}% 2286
\BOOKMARK [1][-]{section.151.1}{\376\377\173\054\0004\0000\0003\172\340\377\032\116\000\226\066\220\073\217\221\133\214\131\007\140\047}{chapter.151}% 2287
\BOOKMARK [2][-]{subsection.151.1.1}{\376\377\0009\0009\000.\0001\000\040\116\000\226\066\213\355\212\000}{section.151.1}% 2288
\BOOKMARK [2][-]{subsection.151.1.2}{\376\377\0009\0009\000.\0002\000\040\213\355\116\111}{section.151.1}% 2289
\BOOKMARK [2][-]{subsection.151.1.3}{\376\377\0009\0009\000.\0003\000\040\213\301\146\016\174\373\176\337}{section.151.1}% 2290
\BOOKMARK [2][-]{subsection.151.1.4}{\376\377\0009\0009\000.\0004\000\040\000G\000\366\000d\000e\000l\000\040\133\214\131\007\140\047\133\232\164\006}{section.151.1}% 2291
\BOOKMARK [1][-]{section.151.2}{\376\377\173\054\0004\0000\0004\172\340\377\032\152\041\127\213\213\272\127\372\170\100}{chapter.151}% 2292
\BOOKMARK [2][-]{subsection.151.2.1}{\376\377\0001\0000\0000\000.\0001\000\040\122\035\173\111\173\111\116\367\116\016\122\035\173\111\142\151\137\040}{section.151.2}% 2293
\BOOKMARK [2][-]{subsection.151.2.2}{\376\377\0001\0000\0000\000.\0002\000\040\000L\000\366\000w\000e\000n\000h\000e\000i\000m\000-\000S\000k\000o\000l\000e\000m\000\040\133\232\164\006}{section.151.2}% 2294
\BOOKMARK [2][-]{subsection.151.2.3}{\376\377\0001\0000\0000\000.\0003\000\040\221\317\213\315\155\210\123\273\116\016\152\041\127\213\133\214\131\007\140\047}{section.151.2}% 2295
\BOOKMARK [2][-]{subsection.151.2.4}{\376\377\0001\0000\0001\000.\0004\000\040\173\227\147\057\134\102\153\041}{section.151.2}% 2296
\BOOKMARK [1][-]{section.151.3}{\376\377\173\054\0004\0000\0005\172\340\377\032\116\015\133\214\121\150\140\047\133\232\164\006}{chapter.151}% 2297
\BOOKMARK [2][-]{subsection.151.3.1}{\376\377\0001\0000\0002\000.\0001\000\040\173\227\147\057\166\204\137\142\137\017\123\026}{section.151.3}% 2298
\BOOKMARK [2][-]{subsection.151.3.2}{\376\377\0001\0000\0002\000.\0002\000\040\000G\000\366\000d\000e\000l\000\040\177\026\170\001}{section.151.3}% 2299
\BOOKMARK [2][-]{subsection.151.3.3}{\376\377\0001\0000\0002\000.\0003\000\040\173\054\116\000\116\015\133\214\121\150\140\047\133\232\164\006}{section.151.3}% 2300
\BOOKMARK [2][-]{subsection.151.3.4}{\376\377\0001\0000\0002\000.\0004\000\040\173\054\116\214\116\015\133\214\121\150\140\047\133\232\164\006}{section.151.3}% 2301
\BOOKMARK [1][-]{section.151.4}{\376\377\173\054\0004\0000\0006\172\340\377\032\226\306\124\010\213\272\217\333\226\066}{chapter.151}% 2302
\BOOKMARK [2][-]{subsection.151.4.1}{\376\377\0001\0000\0003\000.\0001\000\040\136\217\145\160\116\016\215\205\226\120\137\122\176\263}{section.151.4}% 2303
\BOOKMARK [2][-]{subsection.151.4.2}{\376\377\0001\0000\0003\000.\0002\000\040\127\372\145\160}{section.151.4}% 2304
\BOOKMARK [2][-]{subsection.151.4.3}{\376\377\0001\0000\0003\000.\0003\000\040\220\011\142\351\121\154\164\006\166\204\173\111\116\367\137\142\137\017}{section.151.4}% 2305
\BOOKMARK [2][-]{subsection.151.4.4}{\376\377\0001\0000\0003\000.\0004\000\040\217\336\176\355\176\337\120\107\213\276}{section.151.4}% 2306
\BOOKMARK [0][-]{chapter.152}{\376\377\0001\0001\000-\145\160\120\074\116\016\213\241\173\227\000/\0000\0002\000-\213\241\173\227\164\006\213\272\000/\0000\0003\000-\213\241\173\227\131\015\147\102\140\047\000.\000m\000d}{}% 2307
\BOOKMARK [1][-]{section.152.1}{\376\377\173\054\0004\0000\0007\172\340\377\032\213\241\173\227\131\015\147\102\140\047\377\032\000P\060\001\000N\000P\000\040\116\016\000\040\000N\000P\000\040\133\214\121\150\140\047}{chapter.152}% 2308
\BOOKMARK [2][-]{subsection.152.1.1}{\376\377\0001\0005\0004\000.\0001\000\040\145\366\225\364\131\015\147\102\136\246\174\173}{section.152.1}% 2309
\BOOKMARK [2][-]{subsection.152.1.2}{\376\377\0001\0005\0004\000.\0002\000\040\000N\000P\000\040\133\214\121\150\140\047}{section.152.1}% 2310
\BOOKMARK [2][-]{subsection.152.1.3}{\376\377\0001\0005\0004\000.\0003\000\040\000P\000\040\000v\000s\000\040\000N\000P\000\040\225\356\230\230}{section.152.1}% 2311
\BOOKMARK [1][-]{section.152.2}{\376\377\173\054\0004\0000\0008\172\340\377\032\131\015\147\102\136\246\174\173\116\016\172\172\225\364\131\015\147\102\140\047}{chapter.152}% 2312
\BOOKMARK [2][-]{subsection.152.2.1}{\376\377\0001\0005\0005\000.\0001\000\040\172\172\225\364\131\015\147\102\140\047}{section.152.2}% 2313
\BOOKMARK [2][-]{subsection.152.2.2}{\376\377\0001\0005\0005\000.\0002\000\040\131\032\230\171\137\017\214\061\174\373}{section.152.2}% 2314
\BOOKMARK [2][-]{subsection.152.2.3}{\376\377\0001\0005\0005\000.\0003\000\040\151\202\163\207\116\016\116\244\116\222\213\301\146\016\174\173}{section.152.2}% 2315
\BOOKMARK [1][-]{section.152.3}{\376\377\173\054\0004\0000\0009\172\340\377\032\165\065\215\357\131\015\147\102\140\047\116\016\221\317\133\120\213\241\173\227}{chapter.152}% 2316
\BOOKMARK [2][-]{subsection.152.3.1}{\376\377\0001\0005\0006\000.\0001\000\040\165\065\215\357\131\015\147\102\140\047}{section.152.3}% 2317
\BOOKMARK [2][-]{subsection.152.3.2}{\376\377\0001\0005\0006\000.\0002\000\040\221\317\133\120\213\241\173\227\137\025\213\272}{section.152.3}% 2318
\BOOKMARK [1][-]{section.152.4}{\376\377\173\054\0004\0001\0000\172\340\377\032\213\241\173\227\121\340\117\125\377\010\000C\000o\000m\000p\000u\000t\000a\000t\000i\000o\000n\000a\000l\000\040\000G\000e\000o\000m\000e\000t\000r\000y\377\011}{chapter.152}% 2319
\BOOKMARK [2][-]{subsection.152.4.1}{\376\377\121\370\123\005\173\227\154\325\377\032\000G\000r\000a\000h\000a\000m\142\153\143\317\116\016\000C\000h\000a\000n\173\227\154\325}{section.152.4}% 2320
\BOOKMARK [2][-]{subsection.152.4.2}{\376\377\000V\000o\000r\000o\000n\000o\000i\126\376\116\016\000D\000e\000l\000a\000u\000n\000a\000y\116\011\211\322\123\026\166\204\133\371\120\166\140\047}{section.152.4}% 2321
\BOOKMARK [2][-]{subsection.152.4.3}{\376\377\147\000\217\321\220\273\144\034\175\042\377\032\000k\000-\000d\150\021\116\016\134\100\220\350\145\117\141\037\124\310\136\014}{section.152.4}% 2322
\BOOKMARK [0][-]{chapter.153}{\376\377\0001\0001\000-\145\160\120\074\116\016\213\241\173\227\000/\0000\0002\000-\213\241\173\227\164\006\213\272\000/\0000\0004\000-\213\241\173\227\121\340\117\125\116\016\147\072\126\150\133\146\116\140\000.\000m\000d}{}% 2323
\BOOKMARK [1][-]{section.153.1}{\376\377\173\054\0004\0001\0001\172\340\377\032\213\241\173\227\121\340\117\125}{chapter.153}% 2324
\BOOKMARK [2][-]{subsection.153.1.1}{\376\377\0003\0003\0009\000.\0001\000\040\213\241\173\227\121\340\117\125\127\372\170\100\116\016\121\370\123\005\173\227\154\325}{section.153.1}% 2325
\BOOKMARK [2][-]{subsection.153.1.2}{\376\377\0003\0003\0009\000.\0002\000\040\000D\000e\000l\000a\000u\000n\000a\000y\116\011\211\322\122\126\122\006\116\016\000V\000o\000r\000o\000n\000o\000i\126\376}{section.153.1}% 2326
\BOOKMARK [2][-]{subsection.153.1.3}{\376\377\0003\0003\0009\000.\0003\000\040\131\032\217\271\137\142\116\011\211\322\122\126\122\006}{section.153.1}% 2327
\BOOKMARK [1][-]{section.153.2}{\376\377\173\054\0004\0001\0002\172\340\377\032\213\241\173\227\147\072\116\343\145\160\377\010\000C\000o\000m\000p\000u\000t\000e\000r\000\040\000A\000l\000g\000e\000b\000r\000a\377\011}{chapter.153}% 2328
\BOOKMARK [2][-]{subsection.153.2.1}{\376\377\0003\0004\0000\000.\0001\000\040\000G\000r\000o\000b\000n\000e\000r\127\372\166\204\153\143\137\017\133\232\116\111}{section.153.2}% 2329
\BOOKMARK [2][-]{subsection.153.2.2}{\376\377\0003\0004\0000\000.\0002\000\040\000B\000u\000c\000h\000b\000e\000r\000g\000e\000r\173\227\154\325}{section.153.2}% 2330
\BOOKMARK [2][-]{subsection.153.2.3}{\376\377\0003\0004\0000\000.\0003\000\040\155\210\123\273\164\006\213\272\116\016\145\271\172\013\176\304\154\102\211\343}{section.153.2}% 2331
\BOOKMARK [1][-]{section.153.3}{\376\377\173\054\0004\0001\0003\172\340\377\032\147\072\126\150\133\146\116\140\164\006\213\272\127\372\170\100}{chapter.153}% 2332
\BOOKMARK [2][-]{subsection.153.3.1}{\376\377\0003\0004\0001\000.\0001\000\040\176\337\213\241\133\146\116\140\164\006\213\272\150\106\147\266}{section.153.3}% 2333
\BOOKMARK [2][-]{subsection.153.3.2}{\376\377\0003\0004\0001\000.\0002\000\040\000P\000A\000C\123\357\133\146\116\140\140\047\116\016\000V\000C\176\364}{section.153.3}% 2334
\BOOKMARK [2][-]{subsection.153.3.3}{\376\377\0003\0004\0001\000.\0003\000\040\150\070\145\271\154\325\116\016\000R\000K\000H\000S}{section.153.3}% 2335
\BOOKMARK [2][-]{subsection.153.3.4}{\376\377\0003\0004\0001\000.\0004\000\040\000M\000e\000r\000c\000e\000r\133\232\164\006\116\016\000S\000V\000M}{section.153.3}% 2336
\BOOKMARK [2][-]{subsection.153.3.5}{\376\377\0003\0004\0001\000.\0005\000\040\171\136\176\317\177\121\176\334\166\204\220\032\165\050\220\074\217\321\133\232\164\006}{section.153.3}% 2337
\BOOKMARK [2][-]{subsection.153.3.6}{\376\377\0003\0004\0002\000.\000A\000\040\213\241\173\227\121\340\117\125\210\145\121\105}{section.153.3}% 2338
\BOOKMARK [2][-]{subsection.153.3.7}{\376\377\215\205\136\102\147\204\220\040\116\016\175\047\201\364\140\047\133\232\164\006}{section.153.3}% 2339
\BOOKMARK [2][-]{subsection.153.3.8}{\376\377\215\205\133\236\145\160\116\016\227\136\150\007\121\306\152\041\127\213}{section.153.3}% 2340
\BOOKMARK [2][-]{subsection.153.3.9}{\376\377\227\136\150\007\121\306\122\006\147\220\116\016\227\136\150\007\121\306\152\041\127\213}{section.153.3}% 2341
\BOOKMARK [2][-]{subsection.153.3.10}{\376\377\227\136\150\007\121\306\122\006\147\220\166\204\136\224\165\050}{section.153.3}% 2342
\BOOKMARK [0][-]{chapter.154}{\376\377\0001\0001\000-\145\160\120\074\116\016\213\241\173\227\000/\0000\0002\000-\213\241\173\227\164\006\213\272\000/\0000\0004\000-\213\241\173\227\164\006\213\272\000.\000m\000d}{}% 2343
\BOOKMARK [1][-]{section.154.1}{\376\377\173\054\0004\0001\0004\172\340\377\032\201\352\122\250\147\072\116\016\137\142\137\017\213\355\212\000}{chapter.154}% 2344
\BOOKMARK [2][-]{subsection.154.1.1}{\376\377\0001\0005\0002\000.\0001\000\040\147\011\226\120\201\352\122\250\147\072}{section.154.1}% 2345
\BOOKMARK [2][-]{subsection.154.1.2}{\376\377\0001\0005\0002\000.\0002\000\040\116\013\143\250\201\352\122\250\147\072\116\016\116\012\116\013\145\207\145\340\121\163\213\355\212\000}{section.154.1}% 2346
\BOOKMARK [2][-]{subsection.154.1.3}{\376\377\0001\0005\0002\000.\0003\000\040\000T\000u\000r\000i\000n\000g\000\040\147\072\116\016\000\040\000C\000h\000o\000m\000s\000k\000y\000\040\214\061\174\373}{section.154.1}% 2347
\BOOKMARK [1][-]{section.154.2}{\376\377\173\054\0004\0001\0005\172\340\377\032\123\357\213\241\173\227\140\047\164\006\213\272\155\361\123\026}{chapter.154}% 2348
\BOOKMARK [2][-]{subsection.154.2.1}{\376\377\0001\0005\0003\000.\0001\000\040\123\357\213\241\173\227\121\375\145\160\166\204\174\276\170\156\133\232\116\111}{section.154.2}% 2349
\BOOKMARK [2][-]{subsection.154.2.2}{\376\377\0001\0005\0003\000.\0002\000\040\116\015\123\357\122\044\133\232\140\047}{section.154.2}% 2350
\BOOKMARK [2][-]{subsection.154.2.3}{\376\377\0001\0005\0003\000.\0003\000\040\166\370\133\371\213\241\173\227\116\016\000\040\000T\000u\000r\000i\000n\000g\000\040\136\246}{section.154.2}% 2351
\BOOKMARK [1][-]{section.154.3}{\376\377\173\054\0004\0001\0006\172\340\377\032\220\022\137\122\213\272\155\361\123\026}{chapter.154}% 2352
\BOOKMARK [2][-]{subsection.154.3.1}{\376\377\000K\000l\000e\000e\000n\000e\220\022\137\122\133\232\164\006}{section.154.3}% 2353
\BOOKMARK [2][-]{subsection.154.3.2}{\376\377\173\227\147\057\226\066\134\102\116\016\000P\000o\000s\000t\133\232\164\006}{section.154.3}% 2354
\BOOKMARK [2][-]{subsection.154.3.3}{\376\377\126\376\160\165\136\246\116\016\000P\000o\000s\000t\225\356\230\230}{section.154.3}% 2355
\BOOKMARK [1][-]{section.154.4}{\376\377\173\054\0004\0001\0007\172\340\377\032\173\227\154\325\117\341\140\157\213\272\116\016\000K\000o\000l\000m\000o\000g\000o\000r\000o\000v\131\015\147\102\136\246}{chapter.154}% 2356
\BOOKMARK [2][-]{subsection.154.4.1}{\376\377\000K\000o\000l\000m\000o\000g\000o\000r\000o\000v\131\015\147\102\136\246\127\372\147\054\116\015\173\111\137\017}{section.154.4}% 2357
\BOOKMARK [2][-]{subsection.154.4.2}{\376\377\000L\000e\000v\000i\000n\220\032\165\050\144\034\175\042}{section.154.4}% 2358
\BOOKMARK [2][-]{subsection.154.4.3}{\376\377\116\015\123\357\123\213\177\051\140\047\116\016\000M\000a\000r\000t\000i\000n\000-\000L\000\366\000f\226\217\147\072\140\047}{section.154.4}% 2359
\BOOKMARK [2][-]{subsection.154.4.4}{\376\377\000C\000h\000a\000i\000t\000i\000n\116\015\123\330\221\317\000O\000m\000e\000g\000a}{section.154.4}% 2360
\BOOKMARK [0][-]{chapter.155}{\376\377\0001\0001\000-\145\160\120\074\116\016\213\241\173\227\000/\0000\0002\000-\213\241\173\227\164\006\213\272\000/\0000\0006\000-\126\376\120\317\131\004\164\006\166\204\145\160\133\146\127\372\170\100\000.\000m\000d}{}% 2361
\BOOKMARK [0][-]{chapter.156}{\376\377\126\376\120\317\131\004\164\006\166\204\145\160\133\146\127\372\170\100}{}% 2362
\BOOKMARK [1][-]{section.156.1}{\376\377\173\054\0004\0001\0008\172\340\377\032\126\376\120\317\131\004\164\006\166\204\145\160\133\146\150\106\147\266}{chapter.156}% 2363
\BOOKMARK [2][-]{subsection.156.1.1}{\376\377\000x\000.\0001\000\040\217\336\176\355\116\016\171\273\145\143\126\376\120\317\152\041\127\213}{section.156.1}% 2364
\BOOKMARK [2][-]{subsection.156.1.2}{\376\377\000x\000.\0002\000\040\120\205\221\314\123\366\122\006\147\220\116\016\221\307\150\067\133\232\164\006}{section.156.1}% 2365
\BOOKMARK [2][-]{subsection.156.1.3}{\376\377\000x\000.\0003\000\040\120\117\137\256\122\006\145\271\172\013\145\271\154\325}{section.156.1}% 2366
\BOOKMARK [1][-]{section.156.2}{\376\377\173\054\0004\0001\0009\172\340\377\032\123\330\122\006\145\271\154\325\116\016\153\143\122\031\123\026}{chapter.156}% 2367
\BOOKMARK [2][-]{subsection.156.2.1}{\376\377\000x\000+\0001\000.\0001\000\040\000T\000i\000k\000h\000o\000n\000o\000v\153\143\122\031\123\026}{section.156.2}% 2368
\BOOKMARK [2][-]{subsection.156.2.2}{\376\377\000x\000+\0001\000.\0002\000\040\000R\000O\000F\121\150\123\330\135\356\123\273\126\152\152\041\127\213}{section.156.2}% 2369
\BOOKMARK [2][-]{subsection.156.2.3}{\376\377\000x\000+\0001\000.\0003\000\040\000C\000h\000a\000m\000b\000o\000l\000l\000e\142\225\137\161\173\227\154\325}{section.156.2}% 2370
\BOOKMARK [2][-]{subsection.156.2.4}{\376\377\000x\000+\0001\000.\0004\000\040\000M\000u\000m\000f\000o\000r\000d\000-\000S\000h\000a\000h\122\006\122\162\154\333\121\375}{section.156.2}% 2371
\BOOKMARK [1][-]{section.156.3}{\376\377\173\054\0004\0002\0000\172\340\377\032\172\000\165\217\210\150\171\072\116\016\123\213\177\051\141\037\167\345}{chapter.156}% 2372
\BOOKMARK [2][-]{subsection.156.3.1}{\376\377\000x\000+\0002\000.\0001\000\040\226\120\122\066\173\111\215\335\140\047\215\050}{section.156.3}% 2373
\BOOKMARK [2][-]{subsection.156.3.2}{\376\377\000x\000+\0002\000.\0002\000\040\000\134\000e\000l\000l\000\137\0001\000\040\147\000\134\017\123\026\116\016\174\276\170\156\140\142\131\015}{section.156.3}% 2374
\BOOKMARK [2][-]{subsection.156.3.3}{\376\377\000x\000+\0002\000.\0003\000\040\126\152\130\360\234\201\150\322\140\047}{section.156.3}% 2375
\BOOKMARK [2][-]{subsection.156.3.4}{\376\377\000x\000+\0002\000.\0004\000\040\133\127\121\170\133\146\116\140\116\016\126\376\120\317\117\356\131\015}{section.156.3}% 2376
\BOOKMARK [2][-]{subsection.156.3.5}{\376\377\000x\000+\0002\000.\0005\000\040\227\136\134\100\220\350\145\271\154\325\116\016\126\376\122\162}{section.156.3}% 2377
\BOOKMARK [2][-]{subsection.156.3.6}{\376\377\000x\000+\0002\000.\0006\000\040\155\361\136\246\133\146\116\140\116\016\126\376\120\317\131\004\164\006\166\204\145\160\133\146\200\124\174\373}{section.156.3}% 2378
\BOOKMARK [2][-]{subsection.156.3.7}{\376\377\000x\000+\0002\000.\0007\000\040\000W\000a\000s\000s\000e\000r\000s\000t\000e\000i\000n\215\335\171\273\127\050\126\376\120\317\122\006\147\220\116\055\166\204\136\224\165\050}{section.156.3}% 2379
\BOOKMARK [2][-]{subsection.156.3.8}{\376\377\000x\000+\0002\000.\0008\000\040\126\376\120\317\131\004\164\006\116\055\166\204\131\032\134\072\136\246\116\016\131\032\122\006\217\250\163\207\122\006\147\220}{section.156.3}% 2380
\BOOKMARK [2][-]{subsection.156.3.9}{\376\377\000x\000+\0002\000.\0009\000\040\227\136\121\111\156\321\126\376\120\317\131\004\164\006\116\055\166\204\000P\000D\000E\040\024\040\024\146\362\163\207\232\161\122\250\116\016\227\142\171\357\147\000\134\017\123\026\155\101}{section.156.3}% 2381
\BOOKMARK [2][-]{subsection.156.3.10}{\376\377\000x\000+\0002\000.\0001\0000\000\040\000S\000h\000e\000a\000r\000l\000e\000t\123\330\143\142\116\016\124\004\124\021\137\002\140\047\162\171\137\201\143\320\123\326}{section.156.3}% 2382
\BOOKMARK [2][-]{subsection.156.3.11}{\376\377\000x\000+\0002\000.\0001\0001\000\040\126\376\120\317\123\273\152\041\174\312\116\016\123\315\123\167\171\357\225\356\230\230\166\204\153\143\122\031\123\026}{section.156.3}% 2383
\BOOKMARK [2][-]{subsection.156.3.12}{\376\377\000x\000+\0002\000.\0001\0002\000\040\126\376\120\317\166\370\117\074\140\047\116\016\176\323\147\204\137\040\221\317}{section.156.3}% 2384
\BOOKMARK [1][-]{section.156.4}{\376\377\173\054\0004\0002\0001\172\340\377\032\123\213\177\051\141\037\167\345\137\025\213\272}{chapter.156}% 2385
\BOOKMARK [2][-]{subsection.156.4.1}{\376\377\0001\0004\0005\000.\0001\000\040\172\000\165\217\140\047\116\016\000\040\000\134\000e\000l\000l\000\137\0001\000\040\147\000\134\017\123\026}{section.156.4}% 2386
\BOOKMARK [2][-]{subsection.156.4.2}{\376\377\0001\0004\0005\000.\0002\000\040\226\120\122\066\173\111\215\335\140\047\215\050\377\010\000R\000I\000P\377\011}{section.156.4}% 2387
\BOOKMARK [2][-]{subsection.156.4.3}{\376\377\0001\0004\0005\000.\0003\000\040\140\142\131\015\173\227\154\325}{section.156.4}% 2388
\BOOKMARK [1][-]{section.156.5}{\376\377\173\054\0004\0002\0002\172\340\377\032\133\306\170\001\133\146\145\160\133\146\127\372\170\100}{chapter.156}% 2389
\BOOKMARK [2][-]{subsection.156.5.1}{\376\377\0001\0004\0006\000.\0001\000\040\133\371\171\360\133\306\170\001\116\016\000\040\000S\000h\000a\000n\000n\000o\000n\000\040\164\006\213\272}{section.156.5}% 2390
\BOOKMARK [2][-]{subsection.156.5.2}{\376\377\0001\0004\0006\000.\0002\000\040\000R\000S\000A\000\040\121\154\224\245\133\306\170\001}{section.156.5}% 2391
\BOOKMARK [2][-]{subsection.156.5.3}{\376\377\0001\0004\0006\000.\0003\000\040\171\273\145\143\133\371\145\160\116\016\000\040\000D\000i\000f\000f\000i\000e\000-\000H\000e\000l\000l\000m\000a\000n}{section.156.5}% 2392
\BOOKMARK [2][-]{subsection.156.5.4}{\376\377\0001\0004\0006\000.\0004\000\040\145\160\133\127\173\176\124\015\116\016\124\310\136\014\121\375\145\160}{section.156.5}% 2393
\BOOKMARK [2][-]{subsection.156.5.5}{\376\377\0001\0004\0006\000.\0005\000\040\221\317\133\120\133\306\170\001\116\016\124\016\221\317\133\120\133\306\170\001}{section.156.5}% 2394
\BOOKMARK [0][-]{chapter.157}{\376\377\0001\0002\000-\147\000\117\030\123\026\116\016\143\247\122\066\000/\0000\0001\000-\147\000\117\030\123\026\000/\0000\0001\000-\176\277\140\047\211\304\122\022\000.\000m\000d}{}% 2395
\BOOKMARK [1][-]{section.157.1}{\376\377\173\054\0004\0002\0003\172\340\377\032\176\277\140\047\211\304\122\022\116\016\123\125\176\257\137\142\154\325}{chapter.157}% 2396
\BOOKMARK [2][-]{subsection.157.1.1}{\376\377\0001\0003\0002\000.\0001\000\040\176\277\140\047\211\304\122\022\166\204\150\007\121\306\137\142\137\017}{section.157.1}% 2397
\BOOKMARK [2][-]{subsection.157.1.2}{\376\377\0001\0003\0002\000.\0002\000\040\123\125\176\257\137\142\154\325}{section.157.1}% 2398
\BOOKMARK [2][-]{subsection.157.1.3}{\376\377\0001\0003\0002\000.\0003\000\040\122\035\131\313\123\357\210\114\211\343\166\204\147\204\220\040}{section.157.1}% 2399
\BOOKMARK [2][-]{subsection.157.1.4}{\376\377\0001\0003\0002\000.\0004\000\040\121\205\160\271\154\325}{section.157.1}% 2400
\BOOKMARK [1][-]{section.157.2}{\376\377\173\054\0004\0002\0004\172\340\377\032\133\371\120\166\164\006\213\272\116\016\160\165\145\117\136\246\122\006\147\220}{chapter.157}% 2401
\BOOKMARK [2][-]{subsection.157.2.1}{\376\377\0001\0003\0003\000.\0001\000\040\133\371\120\166\225\356\230\230\166\204\147\204\220\040}{section.157.2}% 2402
\BOOKMARK [2][-]{subsection.157.2.2}{\376\377\0001\0003\0003\000.\0002\000\040\133\371\120\166\166\204\176\317\155\116\211\343\221\312}{section.157.2}% 2403
\BOOKMARK [2][-]{subsection.157.2.3}{\376\377\0001\0003\0003\000.\0003\000\040\133\371\120\166\127\050\227\136\000\040\000L\000P\000\040\140\305\137\142\166\204\143\250\136\177}{section.157.2}% 2404
\BOOKMARK [2][-]{subsection.157.2.4}{\376\377\0002\0005\0002\000.\0003\000\040\177\121\176\334\211\304\122\022\116\016\123\125\176\257\137\142\154\325\166\204\121\340\117\125\200\124\174\373}{section.157.2}% 2405
\BOOKMARK [2][-]{subsection.157.2.5}{\376\377\0002\0005\0002\000.\0004\000\040\227\136\176\277\140\047\211\304\122\022\166\204\000K\000K\000T\147\141\116\366}{section.157.2}% 2406
\BOOKMARK [1][-]{section.157.3}{\376\377\173\054\0004\0002\0005\172\340\377\032\121\205\160\271\154\325\166\204\131\032\230\171\137\017\131\015\147\102\136\246\122\006\147\220}{chapter.157}% 2407
\BOOKMARK [2][-]{subsection.157.3.1}{\376\377\0001\0003\0004\000.\000x\000\040\000K\000a\000r\000m\000a\000r\000k\000a\000r\122\277\121\375\145\160\116\016\142\225\137\161\150\257\136\246\154\325}{section.157.3}% 2408
\BOOKMARK [2][-]{subsection.157.3.2}{\376\377\0001\0003\0004\000.\000y\000\040\167\355\153\145\215\357\137\204\215\337\216\052\154\325\116\016\000\040\000O\000\050\000\134\000s\000q\000r\000t\000\173\000n\000\175\000\040\000L\000\051\000\040\217\355\116\343}{section.157.3}% 2409
\BOOKMARK [2][-]{subsection.157.3.3}{\376\377\0001\0003\0004\000.\000z\000\040\201\352\124\214\214\020\121\375\145\160\150\106\147\266\116\013\166\204\121\205\160\271\154\325\176\337\116\000\122\006\147\220}{section.157.3}% 2410
\BOOKMARK [1][-]{section.157.4}{\376\377\173\054\0004\0002\0006\172\340\377\032\177\121\176\334\123\125\176\257\137\142\154\325\116\016\145\164\145\160\211\304\122\022\127\372\170\100}{chapter.157}% 2411
\BOOKMARK [2][-]{subsection.157.4.1}{\376\377\0001\0003\0005\000.\000x\000\040\121\150\136\172\152\041\167\351\226\065\116\016\145\164\145\160\147\201\160\271\133\232\164\006}{section.157.4}% 2412
\BOOKMARK [2][-]{subsection.157.4.2}{\376\377\0001\0003\0005\000.\000y\000\040\177\121\176\334\123\125\176\257\137\142\154\325\166\204\126\376\213\272\127\372\170\100}{section.157.4}% 2413
\BOOKMARK [2][-]{subsection.157.4.3}{\376\377\0001\0003\0005\000.\000z\000\040\145\164\145\160\211\304\122\022\127\372\170\100\116\016\000G\000o\000m\000o\000r\000y\122\162}{section.157.4}% 2414
\BOOKMARK [0][-]{chapter.158}{\376\377\0001\0002\000-\147\000\117\030\123\026\116\016\143\247\122\066\000/\0000\0001\000-\147\000\117\030\123\026\000/\0000\0003\000-\227\136\176\277\140\047\211\304\122\022\000.\000m\000d}{}% 2415
\BOOKMARK [1][-]{section.158.1}{\376\377\173\054\0004\0002\0007\172\340\377\032\227\136\176\277\140\047\211\304\122\022}{chapter.158}% 2416
\BOOKMARK [2][-]{subsection.158.1.1}{\376\377\0001\0003\0005\000.\0001\000\040\145\340\176\246\147\137\117\030\123\026}{section.158.1}% 2417
\BOOKMARK [2][-]{subsection.158.1.2}{\376\377\0001\0003\0005\000.\0002\000\040\176\277\144\034\175\042\145\271\154\325\377\032\000A\000r\000m\000i\000j\000o\147\141\116\366\116\016\000W\000o\000l\000f\000e\147\141\116\366}{section.158.1}% 2418
\BOOKMARK [2][-]{subsection.158.1.3}{\376\377\0001\0003\0005\000.\0003\000\040\176\246\147\137\117\030\123\026\116\016\000K\000K\000T\147\141\116\366}{section.158.1}% 2419
\BOOKMARK [2][-]{subsection.158.1.4}{\376\377\0001\0003\0005\000.\0004\000\040\176\246\147\137\211\304\203\003\147\141\116\366}{section.158.1}% 2420
\BOOKMARK [2][-]{subsection.158.1.5}{\376\377\0001\0003\0005\000.\0005\000\040\177\132\121\375\145\160\154\325\116\016\130\236\136\177\000\040\000L\000a\000g\000r\000a\000n\000g\000e\000\040\154\325}{section.158.1}% 2421
\BOOKMARK [2][-]{subsection.158.1.6}{\376\377\0001\0003\0005\000.\0006\000\040\136\217\122\027\116\214\153\041\211\304\122\022\377\010\000S\000Q\000P\377\011}{section.158.1}% 2422
\BOOKMARK [2][-]{subsection.158.1.7}{\376\377\0001\0003\0005\000.\0007\000\040\117\341\215\126\127\337\145\271\154\325\116\016\000C\000a\000u\000c\000h\000y\160\271}{section.158.1}% 2423
\BOOKMARK [1][-]{section.158.2}{\376\377\173\054\0004\0002\0008\172\340\377\032\121\205\160\271\154\325\116\016\201\352\124\214\214\020\121\375\145\160\377\010\000I\000P\000M\166\204\164\006\213\272\122\006\147\220\377\011}{chapter.158}% 2424
\BOOKMARK [2][-]{subsection.158.2.1}{\376\377\0001\0003\0006\000.\000x\000\040\201\352\124\214\214\020\121\375\145\160\166\204\133\232\116\111\116\016\127\372\147\054\140\047\215\050}{section.158.2}% 2425
\BOOKMARK [2][-]{subsection.158.2.2}{\376\377\0001\0003\0006\000.\000y\000\040\201\352\124\214\214\020\147\141\116\366\116\013\166\204\000N\000e\000w\000t\000o\000n\154\325\131\032\230\171\137\017\131\015\147\102\136\246}{section.158.2}% 2426
\BOOKMARK [1][-]{section.158.3}{\376\377\173\054\0004\0002\0009\172\340\377\032\123\112\121\111\156\321\000N\000e\000w\000t\000o\000n\154\325\116\016\130\236\136\177\000L\000a\000g\000r\000a\000n\000g\000i\000a\000n\154\325}{chapter.158}% 2427
\BOOKMARK [2][-]{subsection.158.3.1}{\376\377\0001\0003\0007\000.\000x\000\040\123\112\121\111\156\321\140\047\116\016\136\177\116\111\000N\000e\000w\000t\000o\000n\154\325}{section.158.3}% 2428
\BOOKMARK [2][-]{subsection.158.3.2}{\376\377\0001\0003\0007\000.\000y\000\040\130\236\136\177\000L\000a\000g\000r\000a\000n\000g\000i\000a\000n\145\271\154\325\166\204\145\066\145\133\164\006\213\272}{section.158.3}% 2429
\BOOKMARK [1][-]{section.158.4}{\376\377\173\054\0004\0003\0000\172\340\377\032\121\370\117\030\123\026}{chapter.158}% 2430
\BOOKMARK [2][-]{subsection.158.4.1}{\376\377\0001\0003\0004\000.\0001\000\040\121\370\226\306\116\016\121\370\121\375\145\160}{section.158.4}% 2431
\BOOKMARK [2][-]{subsection.158.4.2}{\376\377\0001\0003\0004\000.\0002\000\040\121\370\117\030\123\026\225\356\230\230\166\204\150\007\121\306\137\142\137\017}{section.158.4}% 2432
\BOOKMARK [2][-]{subsection.158.4.3}{\376\377\0001\0003\0004\000.\0003\000\040\000L\000a\000g\000r\000a\000n\000g\000e\133\371\120\166\164\006\213\272}{section.158.4}% 2433
\BOOKMARK [2][-]{subsection.158.4.4}{\376\377\0001\0003\0004\000.\0004\000\040\137\072\133\371\120\166\116\016\000K\000K\000T\147\141\116\366}{section.158.4}% 2434
\BOOKMARK [2][-]{subsection.158.4.5}{\376\377\0001\0003\0004\000.\0005\000\040\150\257\136\246\116\013\226\115\154\325\166\204\145\066\145\133\140\047\122\006\147\220}{section.158.4}% 2435
\BOOKMARK [2][-]{subsection.158.4.6}{\376\377\0001\0003\0004\000.\0006\000\040\000N\000e\000w\000t\000o\000n\154\325\166\204\116\214\226\066\145\066\145\133\140\047}{section.158.4}% 2436
\BOOKMARK [2][-]{subsection.158.4.7}{\376\377\0001\0003\0004\000.\0007\000\040\121\205\160\271\154\325\166\204\127\372\147\054\140\035\140\363}{section.158.4}% 2437
\BOOKMARK [0][-]{chapter.159}{\376\377\0001\0002\000-\147\000\117\030\123\026\116\016\143\247\122\066\000/\0000\0001\000-\147\000\117\030\123\026\000/\0000\0004\000-\123\330\122\006\154\325\116\016\123\112\133\232\211\304\122\022\000.\000m\000d}{}% 2438
\BOOKMARK [1][-]{section.159.1}{\376\377\173\054\0004\0003\0001\172\340\377\032\123\330\122\006\154\325\116\016\147\000\117\030\143\247\122\066\137\025\213\272}{chapter.159}% 2439
\BOOKMARK [2][-]{subsection.159.1.1}{\376\377\0001\0003\0006\000.\0001\000\040\000E\000u\000l\000e\000r\000-\000L\000a\000g\000r\000a\000n\000g\000e\000\040\145\271\172\013}{section.159.1}% 2440
\BOOKMARK [2][-]{subsection.159.1.2}{\376\377\0001\0003\0006\000.\0002\000\040\131\032\123\330\221\317\116\016\232\330\226\066\123\330\122\006}{section.159.1}% 2441
\BOOKMARK [2][-]{subsection.159.1.3}{\376\377\0001\0003\0006\000.\0003\000\040\176\246\147\137\123\330\122\006\225\356\230\230\116\016\173\111\124\150\225\356\230\230}{section.159.1}% 2442
\BOOKMARK [2][-]{subsection.159.1.4}{\376\377\0001\0003\0006\000.\0004\000\040\147\000\117\030\143\247\122\066\122\035\153\145}{section.159.1}% 2443
\BOOKMARK [1][-]{section.159.2}{\376\377\173\054\0004\0003\0002\172\340\377\032\116\222\210\145\140\047\225\356\230\230\116\016\123\330\122\006\116\015\173\111\137\017}{chapter.159}% 2444
\BOOKMARK [2][-]{subsection.159.2.1}{\376\377\176\277\140\047\116\222\210\145\225\356\230\230\166\204\116\045\150\074\133\232\116\111\116\016\167\351\226\065\174\173}{section.159.2}% 2445
\BOOKMARK [2][-]{subsection.159.2.2}{\376\377\123\330\122\006\116\015\173\111\137\017\116\016\116\222\210\145\225\356\230\230\166\204\173\111\116\367\121\163\174\373}{section.159.2}% 2446
\BOOKMARK [2][-]{subsection.159.2.3}{\376\377\133\130\127\050\140\047\133\232\164\006}{section.159.2}% 2447
\BOOKMARK [2][-]{subsection.159.2.4}{\376\377\130\236\136\177\000L\000a\000g\000r\000a\000n\000g\000i\000a\000n\145\271\154\325\116\016\121\205\160\271\154\325}{section.159.2}% 2448
\BOOKMARK [1][-]{section.159.3}{\376\377\173\054\0004\0003\0003\172\340\377\032\123\112\133\232\211\304\122\022\116\016\171\273\145\143\121\370\122\006\147\220}{chapter.159}% 2449
\BOOKMARK [2][-]{subsection.159.3.1}{\376\377\0001\0003\0007\000.\0001\000\040\123\112\133\232\211\304\122\022}{section.159.3}% 2450
\BOOKMARK [2][-]{subsection.159.3.2}{\376\377\0001\0003\0007\000.\0002\000\040\171\273\145\143\121\370\122\006\147\220}{section.159.3}% 2451
\BOOKMARK [1][-]{section.159.4}{\376\377\173\054\0004\0003\0004\172\340\377\032\122\250\140\001\211\304\122\022\116\016\226\217\147\072\211\304\122\022}{chapter.159}% 2452
\BOOKMARK [2][-]{subsection.159.4.1}{\376\377\0001\0003\0008\000.\0001\000\040\122\250\140\001\211\304\122\022\377\010\000D\000y\000n\000a\000m\000i\000c\000\040\000P\000r\000o\000g\000r\000a\000m\000m\000i\000n\000g\377\011}{section.159.4}% 2453
\BOOKMARK [2][-]{subsection.159.4.2}{\376\377\0001\0003\0008\000.\0002\000\040\226\217\147\072\211\304\122\022\377\010\000S\000t\000o\000c\000h\000a\000s\000t\000i\000c\000\040\000P\000r\000o\000g\000r\000a\000m\000m\000i\000n\000g\377\011}{section.159.4}% 2454
\BOOKMARK [2][-]{subsection.159.4.3}{\376\377\0001\0003\0008\000.\0003\000\040\131\032\166\356\150\007\147\000\117\030\123\026}{section.159.4}% 2455
\BOOKMARK [2][-]{subsection.159.4.4}{\376\377\0003\0005\0001\000.\000A\000\040\147\000\117\030\123\026\210\145\121\105}{section.159.4}% 2456
\BOOKMARK [2][-]{subsection.159.4.5}{\376\377\0003\0005\0007\000.\000A\000\040\123\132\137\010\213\272\210\145\121\105}{section.159.4}% 2457
\BOOKMARK [1][-]{section.159.5}{\376\377\173\054\0004\0003\0005\172\340\377\032\145\164\145\160\211\304\122\022}{chapter.159}% 2458
\BOOKMARK [2][-]{subsection.159.5.1}{\376\377\0002\0005\0003\000.\0001\000\040\145\164\145\160\211\304\122\022\127\372\170\100}{section.159.5}% 2459
\BOOKMARK [2][-]{subsection.159.5.2}{\376\377\0002\0005\0003\000.\0002\000\040\122\006\147\235\133\232\165\114\116\016\122\162\136\163\227\142\154\325}{section.159.5}% 2460
\BOOKMARK [2][-]{subsection.159.5.3}{\376\377\0002\0005\0003\000.\0003\000\040\200\314\123\005\225\356\230\230}{section.159.5}% 2461
\BOOKMARK [1][-]{section.159.6}{\376\377\173\054\0004\0003\0006\172\340\377\032\177\121\176\334\155\101\164\006\213\272}{chapter.159}% 2462
\BOOKMARK [2][-]{subsection.159.6.1}{\376\377\0002\0005\0004\000.\0001\000\040\147\000\131\047\155\101\116\016\147\000\134\017\122\162}{section.159.6}% 2463
\BOOKMARK [2][-]{subsection.159.6.2}{\376\377\0002\0005\0004\000.\0002\000\040\147\000\134\017\215\071\165\050\155\101}{section.159.6}% 2464
\BOOKMARK [2][-]{subsection.159.6.3}{\376\377\0002\0005\0004\000.\0003\000\040\123\071\221\115\225\356\230\230}{section.159.6}% 2465
\BOOKMARK [0][-]{chapter.160}{\376\377\0001\0002\000-\147\000\117\030\123\026\116\016\143\247\122\066\000/\0000\0002\000-\143\247\122\066\116\016\123\132\137\010\000/\0000\0001\000-\143\247\122\066\164\006\213\272\000.\000m\000d}{}% 2466
\BOOKMARK [1][-]{section.160.1}{\376\377\173\054\0004\0003\0007\172\340\377\032\176\277\140\047\143\247\122\066\174\373\176\337}{chapter.160}% 2467
\BOOKMARK [2][-]{subsection.160.1.1}{\376\377\0002\0002\0007\000.\0001\000\040\162\266\140\001\172\172\225\364\152\041\127\213}{section.160.1}% 2468
\BOOKMARK [2][-]{subsection.160.1.2}{\376\377\0002\0002\0007\000.\0002\000\040\123\357\143\247\140\047}{section.160.1}% 2469
\BOOKMARK [2][-]{subsection.160.1.3}{\376\377\0002\0002\0007\000.\0003\000\040\123\357\211\302\155\113\140\047}{section.160.1}% 2470
\BOOKMARK [2][-]{subsection.160.1.4}{\376\377\0002\0002\0007\000.\0004\000\040\147\201\160\271\221\115\177\156\116\016\225\107\133\232}{section.160.1}% 2471
\BOOKMARK [1][-]{section.160.2}{\376\377\173\054\0004\0003\0008\172\340\377\032\147\000\117\030\143\247\122\066}{chapter.160}% 2472
\BOOKMARK [2][-]{subsection.160.2.1}{\376\377\0002\0002\0008\000.\0001\000\040\000P\000o\000n\000t\000r\000y\000a\000g\000i\000n\147\201\134\017\120\074\123\237\164\006}{section.160.2}% 2473
\BOOKMARK [2][-]{subsection.160.2.2}{\376\377\0002\0002\0008\000.\0002\000\040\000H\000a\000m\000i\000l\000t\000o\000n\000-\000J\000a\000c\000o\000b\000i\000-\000B\000e\000l\000l\000m\000a\000n\145\271\172\013}{section.160.2}% 2474
\BOOKMARK [2][-]{subsection.160.2.3}{\376\377\0002\0002\0008\000.\0003\000\040\145\340\226\120\145\366\127\337\147\000\117\030\143\247\122\066}{section.160.2}% 2475
\BOOKMARK [1][-]{section.160.3}{\376\377\173\054\0004\0003\0009\172\340\377\032\226\217\147\072\156\344\154\342\116\016\143\247\122\066}{chapter.160}% 2476
\BOOKMARK [2][-]{subsection.160.3.1}{\376\377\0002\0002\0009\000.\0001\000\040\000K\000a\000l\000m\000a\000n\000-\000B\000u\000c\000y\156\344\154\342}{section.160.3}% 2477
\BOOKMARK [2][-]{subsection.160.3.2}{\376\377\0002\0002\0009\000.\0002\000\040\226\217\147\072\147\000\117\030\143\247\122\066}{section.160.3}% 2478
\BOOKMARK [1][-]{section.160.4}{\376\377\173\054\0004\0004\0000\172\340\377\032\234\201\150\322\143\247\122\066}{chapter.160}% 2479
\BOOKMARK [2][-]{subsection.160.4.1}{\376\377\0002\0003\0000\000.\0001\000\040\134\017\130\236\166\312\133\232\164\006\116\016\116\015\170\156\133\232\140\047\143\317\217\360}{section.160.4}% 2480
\BOOKMARK [2][-]{subsection.160.4.2}{\376\377\0002\0003\0000\000.\0002\000\040\000\134\000m\000a\000t\000h\000c\000a\000l\000\173\000H\000\175\000\137\000\134\000i\000n\000f\000t\000y\147\000\117\030\143\247\122\066}{section.160.4}% 2481
\BOOKMARK [2][-]{subsection.160.4.3}{\376\377\0002\0003\0000\000.\0003\000\040\176\277\140\047\167\351\226\065\116\015\173\111\137\017}{section.160.4}% 2482
\BOOKMARK [1][-]{section.160.5}{\376\377\173\054\0004\0004\0001\172\340\377\032\227\136\176\277\140\047\143\247\122\066}{chapter.160}% 2483
\BOOKMARK [2][-]{subsection.160.5.1}{\376\377\0002\0003\0001\000.\0001\000\040\000L\000y\000a\000p\000u\000n\000o\000v\172\063\133\232\140\047\164\006\213\272}{section.160.5}% 2484
\BOOKMARK [2][-]{subsection.160.5.2}{\376\377\0002\0003\0001\000.\0002\000\040\123\315\231\210\176\277\140\047\123\026}{section.160.5}% 2485
\BOOKMARK [2][-]{subsection.160.5.3}{\376\377\0002\0003\0001\000.\0003\000\040\156\321\152\041\143\247\122\066}{section.160.5}% 2486
\BOOKMARK [2][-]{subsection.160.5.4}{\376\377\0002\0003\0001\000.\0004\000\040\123\315\153\145\154\325}{section.160.5}% 2487
\BOOKMARK [0][-]{chapter.161}{\376\377\0001\0002\000-\147\000\117\030\123\026\116\016\143\247\122\066\000/\0000\0002\000-\143\247\122\066\116\016\123\132\137\010\000/\0000\0002\000-\123\132\137\010\213\272\000.\000m\000d}{}% 2488
\BOOKMARK [1][-]{section.161.1}{\376\377\173\054\0004\0004\0002\172\340\377\032\227\136\124\010\117\134\123\132\137\010}{chapter.161}% 2489
\BOOKMARK [2][-]{subsection.161.1.1}{\376\377\0002\0005\0007\000.\0001\000\040\173\126\165\145\127\213\123\132\137\010\116\016\000N\000a\000s\000h\127\107\210\141}{section.161.1}% 2490
\BOOKMARK [2][-]{subsection.161.1.2}{\376\377\0002\0005\0007\000.\0002\000\040\127\107\210\141\166\204\174\276\160\274}{section.161.1}% 2491
\BOOKMARK [2][-]{subsection.161.1.3}{\376\377\0002\0005\0007\000.\0003\000\040\215\035\123\366\145\257\123\132\137\010\116\016\116\015\133\214\121\150\117\341\140\157}{section.161.1}% 2492
\BOOKMARK [2][-]{subsection.161.1.4}{\376\377\0002\0005\0007\000.\0004\000\040\166\370\121\163\127\107\210\141\116\016\220\032\117\341\127\107\210\141}{section.161.1}% 2493
\BOOKMARK [1][-]{section.161.2}{\376\377\173\054\0004\0004\0003\172\340\377\032\124\010\117\134\123\132\137\010\116\016\150\070}{chapter.161}% 2494
\BOOKMARK [2][-]{subsection.161.2.1}{\376\377\0002\0005\0008\000.\0001\000\040\162\171\137\201\121\375\145\160\127\213\123\132\137\010}{section.161.2}% 2495
\BOOKMARK [2][-]{subsection.161.2.2}{\376\377\0002\0005\0008\000.\0002\000\040\150\070\116\016\172\063\133\232\226\306}{section.161.2}% 2496
\BOOKMARK [2][-]{subsection.161.2.3}{\376\377\0002\0005\0008\000.\0003\000\040\150\070\116\301\116\016\214\010\122\044\226\306}{section.161.2}% 2497
\BOOKMARK [2][-]{subsection.161.2.4}{\376\377\124\010\117\134\123\132\137\010\213\272\166\204\163\260\116\343\123\321\134\125\116\016\147\072\122\066\213\276\213\241}{section.161.2}% 2498
\BOOKMARK [1][-]{section.161.3}{\376\377\173\054\0004\0004\0004\172\340\377\032\147\072\122\066\213\276\213\241\116\016\142\315\123\126}{chapter.161}% 2499
\BOOKMARK [2][-]{subsection.161.3.1}{\376\377\0002\0005\0009\000.\0001\000\040\171\076\117\032\220\011\142\351\116\016\000G\000i\000b\000b\000a\000r\000d\000-\000S\000a\000t\000t\000e\000r\000t\000h\000w\000a\000i\000t\000e\133\232\164\006}{section.161.3}% 2500
\BOOKMARK [2][-]{subsection.161.3.2}{\376\377\0002\0005\0009\000.\0002\000\040\000V\000C\000G\147\072\122\066\116\016\147\011\145\110\122\006\221\115}{section.161.3}% 2501
\BOOKMARK [2][-]{subsection.161.3.3}{\376\377\0002\0005\0009\000.\0003\000\040\147\000\117\030\142\315\123\126\166\204\145\160\133\146\176\323\147\204}{section.161.3}% 2502
\BOOKMARK [1][-]{section.161.4}{\376\377\173\054\0004\0004\0005\172\340\377\032\157\024\123\026\123\132\137\010\213\272}{chapter.161}% 2503
\BOOKMARK [2][-]{subsection.161.4.1}{\376\377\0002\0006\0000\000.\0001\000\040\157\024\123\026\172\063\133\232\173\126\165\145}{section.161.4}% 2504
\BOOKMARK [2][-]{subsection.161.4.2}{\376\377\0002\0006\0000\000.\0002\000\040\131\015\122\066\200\005\122\250\140\001}{section.161.4}% 2505
\BOOKMARK [2][-]{subsection.161.4.3}{\376\377\0002\0006\0000\000.\0003\000\040\133\146\116\140\122\250\122\233\133\146}{section.161.4}% 2506
\BOOKMARK [1][-]{section.161.5}{\376\377\173\054\0004\0004\0006\172\340\377\032\226\217\147\072\123\132\137\010\116\016\221\315\131\015\123\132\137\010}{chapter.161}% 2507
\BOOKMARK [2][-]{subsection.161.5.1}{\376\377\0002\0006\0001\000.\0001\000\040\221\315\131\015\123\132\137\010\116\016\000F\000o\000l\000k\133\232\164\006}{section.161.5}% 2508
\BOOKMARK [2][-]{subsection.161.5.2}{\376\377\0002\0006\0001\000.\0002\000\040\226\217\147\072\123\132\137\010}{section.161.5}% 2509
\BOOKMARK [2][-]{subsection.161.5.3}{\376\377\0002\0006\0001\000.\0003\000\040\221\315\131\015\123\132\137\010\116\055\166\204\130\360\212\211\145\110\136\224}{section.161.5}% 2510
\BOOKMARK [0][-]{chapter.162}{\376\377\0001\0003\000-\145\160\133\146\162\151\164\006\000/\145\160\133\146\162\151\164\006\000/\0000\0001\000-\176\317\121\170\122\233\133\146\000.\000m\000d}{}% 2511
\BOOKMARK [1][-]{section.162.1}{\376\377\173\054\0004\0004\0007\172\340\377\032\123\330\122\006\123\237\164\006\116\016\000\040\000L\000a\000g\000r\000a\000n\000g\000e\000\040\122\233\133\146}{chapter.162}% 2512
\BOOKMARK [2][-]{subsection.162.1.1}{\376\377\0001\0004\0007\000.\0001\000\040\147\000\134\017\117\134\165\050\221\317\123\237\164\006}{section.162.1}% 2513
\BOOKMARK [2][-]{subsection.162.1.2}{\376\377\0001\0004\0007\000.\0002\000\040\000N\000o\000e\000t\000h\000e\000r\000\040\133\232\164\006}{section.162.1}% 2514
\BOOKMARK [2][-]{subsection.162.1.3}{\376\377\0001\0004\0007\000.\0003\000\040\176\246\147\137\116\016\000\040\000L\000a\000g\000r\000a\000n\000g\000e\000\040\116\130\133\120}{section.162.1}% 2515
\BOOKMARK [1][-]{section.162.2}{\376\377\173\054\0004\0004\0008\172\340\377\032\000H\000a\000m\000i\000l\000t\000o\000n\000\040\122\233\133\146\116\016\217\233\121\340\117\125}{chapter.162}% 2516
\BOOKMARK [2][-]{subsection.162.2.1}{\376\377\0001\0004\0008\000.\0001\000\040\000L\000e\000g\000e\000n\000d\000r\000e\000\040\123\330\143\142\116\016\000\040\000H\000a\000m\000i\000l\000t\000o\000n\000\040\145\271\172\013}{section.162.2}% 2517
\BOOKMARK [2][-]{subsection.162.2.2}{\376\377\0001\0004\0008\000.\0002\000\040\000P\000o\000i\000s\000s\000o\000n\000\040\142\354\123\367}{section.162.2}% 2518
\BOOKMARK [2][-]{subsection.162.2.3}{\376\377\0001\0004\0008\000.\0003\000\040\217\233\121\340\117\125}{section.162.2}% 2519
\BOOKMARK [2][-]{subsection.162.2.4}{\376\377\0001\0004\0008\000.\0004\000\040\000H\000a\000m\000i\000l\000t\000o\000n\000-\000J\000a\000c\000o\000b\000i\000\040\164\006\213\272\116\016\123\357\171\357\174\373\176\337}{section.162.2}% 2520
\BOOKMARK [0][-]{chapter.163}{\376\377\0001\0003\000-\145\160\133\146\162\151\164\006\000/\145\160\133\146\162\151\164\006\000/\0000\0002\000-\221\317\133\120\122\233\133\146\000.\000m\000d}{}% 2521
\BOOKMARK [1][-]{section.163.1}{\376\377\173\054\0004\0004\0009\172\340\377\032\221\317\133\120\122\233\133\146\145\160\133\146\127\372\170\100}{chapter.163}% 2522
\BOOKMARK [2][-]{subsection.163.1.1}{\376\377\0001\0004\0009\000.\0001\000\040\221\317\133\120\122\233\133\146\166\204\121\154\164\006\123\026}{section.163.1}% 2523
\BOOKMARK [2][-]{subsection.163.1.2}{\376\377\0001\0004\0009\000.\0002\000\040\214\061\164\006\213\272\127\050\221\317\133\120\122\233\133\146\116\055\166\204\136\224\165\050}{section.163.1}% 2524
\BOOKMARK [2][-]{subsection.163.1.3}{\376\377\0001\0004\0009\000.\0003\000\040\121\340\116\052\174\276\170\156\123\357\211\343\166\204\201\352\117\064\173\227\133\120\214\061\225\356\230\230}{section.163.1}% 2525
\BOOKMARK [2][-]{subsection.163.1.4}{\376\377\0001\0004\0009\000.\0004\000\040\221\317\133\120\122\233\133\146\166\204\000\040\000C\000*\000-\116\343\145\160\210\150\217\360}{section.163.1}% 2526
\BOOKMARK [2][-]{subsection.163.1.5}{\376\377\0001\0004\0009\000.\0005\000\040\000M\000a\000x\000w\000e\000l\000l\000\040\145\271\172\013\176\304\116\016\131\026\137\256\122\006}{section.163.1}% 2527
\BOOKMARK [1][-]{section.163.2}{\376\377\173\054\0004\0005\0000\172\340\377\032\221\317\133\120\122\233\133\146\166\204\145\160\133\146\121\154\164\006\123\026}{chapter.163}% 2528
\BOOKMARK [2][-]{subsection.163.2.1}{\376\377\0001\0005\0000\000.\0001\000\040\000v\000o\000n\000\040\000N\000e\000u\000m\000a\000n\000n\121\154\164\006\117\123\174\373}{section.163.2}% 2529
\BOOKMARK [2][-]{subsection.163.2.2}{\376\377\0001\0005\0000\000.\0002\000\040\000G\000l\000e\000a\000s\000o\000n\133\232\164\006\377\032\000B\000o\000r\000n\154\325\122\031\166\204\143\250\133\374}{section.163.2}% 2530
\BOOKMARK [1][-]{section.163.3}{\376\377\173\054\0004\0005\0001\172\340\377\032\214\061\164\006\213\272\116\016\145\143\134\004\221\317\133\120\122\233\133\146}{chapter.163}% 2531
\BOOKMARK [2][-]{subsection.163.3.1}{\376\377\0001\0005\0001\000.\0001\000\040\000K\000a\000t\000o\000-\000R\000e\000l\000l\000i\000c\000h\133\232\164\006\116\016\201\352\117\064\140\047\137\256\142\160}{section.163.3}% 2532
\BOOKMARK [2][-]{subsection.163.3.2}{\376\377\0001\0005\0001\000.\0002\000\040\000W\000e\000y\000l\121\306\122\031\116\016\147\054\215\050\214\061}{section.163.3}% 2533
\BOOKMARK [2][-]{subsection.163.3.3}{\376\377\0001\0005\0001\000.\0003\000\040\000H\000u\000n\000z\000i\000k\000e\000r\000-\000v\000a\000n\000\040\000W\000i\000n\000t\000e\000r\000-\000Z\000h\000i\000s\000l\000i\000n\133\232\164\006}{section.163.3}% 2534
\BOOKMARK [2][-]{subsection.163.3.4}{\376\377\0001\0005\0001\000.\0004\000\040\000M\000\370\000l\000l\000e\000r\154\342\173\227\133\120\116\016\000S\167\351\226\065}{section.163.3}% 2535
\BOOKMARK [0][-]{chapter.164}{\376\377\0001\0003\000-\145\160\133\146\162\151\164\006\000/\145\160\133\146\162\151\164\006\000/\0000\0004\000-\136\177\116\111\166\370\133\371\213\272\000.\000m\000d}{}% 2536
\BOOKMARK [1][-]{section.164.1}{\376\377\173\054\0004\0005\0002\172\340\377\032\136\177\116\111\166\370\133\371\213\272\145\160\133\146\127\372\170\100}{chapter.164}% 2537
\BOOKMARK [2][-]{subsection.164.1.1}{\376\377\0001\0005\0001\000.\0001\000\040\000L\000o\000r\000e\000n\000t\000z\000\040\155\101\137\142\116\016\145\366\172\172}{section.164.1}% 2538
\BOOKMARK [2][-]{subsection.164.1.2}{\376\377\0001\0005\0001\000.\0002\000\040\000E\000i\000n\000s\000t\000e\000i\000n\000\040\127\072\145\271\172\013}{section.164.1}% 2539
\BOOKMARK [2][-]{subsection.164.1.3}{\376\377\0001\0005\0001\000.\0003\000\040\176\317\121\170\174\276\170\156\211\343}{section.164.1}% 2540
\BOOKMARK [2][-]{subsection.164.1.4}{\376\377\0001\0005\0001\000.\0004\000\040\131\107\160\271\133\232\164\006}{section.164.1}% 2541
\BOOKMARK [2][-]{subsection.164.1.5}{\376\377\0001\0005\0001\000.\0005\000\040\176\277\140\047\123\026\137\025\122\233\116\016\156\020\217\321\136\163\127\146\145\366\172\172}{section.164.1}% 2542
\BOOKMARK [1][-]{section.164.2}{\376\377\173\054\0004\0005\0003\172\340\377\032\000E\000i\000n\000s\000t\000e\000i\000n\145\271\172\013\211\343\166\204\133\130\127\050\140\047\116\016\131\107\160\271\133\232\164\006}{chapter.164}% 2543
\BOOKMARK [2][-]{subsection.164.2.1}{\376\377\0001\0005\0002\000.\0001\000\040\000P\000e\000n\000r\000o\000s\000e\000-\000H\000a\000w\000k\000i\000n\000g\131\107\160\271\133\232\164\006\166\204\133\214\145\164\213\301\146\016}{section.164.2}% 2544
\BOOKMARK [2][-]{subsection.164.2.2}{\376\377\0001\0005\0002\000.\0002\000\040\236\321\155\036\125\057\116\000\140\047\133\232\164\006}{section.164.2}% 2545
\BOOKMARK [2][-]{subsection.164.2.3}{\376\377\0001\0005\0002\000.\0003\000\040\153\143\215\050\221\317\133\232\164\006}{section.164.2}% 2546
\BOOKMARK [1][-]{section.164.3}{\376\377\173\054\0004\0005\0004\172\340\377\032\137\025\122\233\154\342\116\016\156\020\217\321\176\323\147\204}{chapter.164}% 2547
\BOOKMARK [2][-]{subsection.164.3.1}{\376\377\0001\0005\0003\000.\0001\000\040\000B\000o\000n\000d\000i\000-\000S\000a\000c\000h\000s\156\020\217\321\136\163\127\146\145\366\172\172}{section.164.3}% 2548
\BOOKMARK [2][-]{subsection.164.3.2}{\376\377\0001\0005\0003\000.\0002\000\040\000N\000e\000w\000s\121\375\145\160\116\016\137\025\122\233\154\342\200\375\221\317}{section.164.3}% 2549
\BOOKMARK [2][-]{subsection.164.3.3}{\376\377\0001\0005\0003\000.\0003\000\040\000C\000h\000r\000i\000s\000t\000o\000d\000o\000u\000l\000o\000u\000-\000K\000l\000a\000i\000n\000e\000r\000m\000a\000n\227\136\176\277\140\047\172\063\133\232\140\047}{section.164.3}% 2550
\BOOKMARK [2][-]{subsection.164.3.4}{\376\377\0001\0005\0003\000.\0004\000\040\137\025\122\233\154\342\213\260\137\306\145\110\136\224}{section.164.3}% 2551
\BOOKMARK [1][-]{section.164.4}{\376\377\173\054\0004\0005\0005\172\340\377\032\221\317\133\120\127\072\213\272\145\160\133\146\137\025\213\272}{chapter.164}% 2552
\BOOKMARK [2][-]{subsection.164.4.1}{\376\377\0001\0005\0000\000.\0001\000\040\201\352\165\061\221\317\133\120\127\072}{section.164.4}% 2553
\BOOKMARK [2][-]{subsection.164.4.2}{\376\377\0001\0005\0000\000.\0002\000\040\215\357\137\204\171\357\122\006}{section.164.4}% 2554
\BOOKMARK [2][-]{subsection.164.4.3}{\376\377\0001\0005\0000\000.\0003\000\040\211\304\203\003\127\072\213\272}{section.164.4}% 2555
\BOOKMARK [2][-]{subsection.164.4.4}{\376\377\0001\0005\0000\000.\0004\000\040\137\256\142\160\213\272\116\016\000F\000e\000y\000n\000m\000a\000n\126\376}{section.164.4}% 2556
\BOOKMARK [2][-]{subsection.164.4.5}{\376\377\0001\0005\0000\000.\0005\000\040\121\161\137\142\127\072\213\272\116\016\230\166\160\271\173\227\133\120\116\343\145\160}{section.164.4}% 2557
\BOOKMARK [0][-]{chapter.165}{\376\377\0001\0003\000-\145\160\133\146\162\151\164\006\000/\145\160\133\146\162\151\164\006\000/\0000\0005\000-\121\161\137\142\116\016\123\357\171\357\000.\000m\000d}{}% 2558
\BOOKMARK [1][-]{section.165.1}{\376\377\173\054\0004\0005\0006\172\340\377\032\121\161\137\142\127\072\213\272}{chapter.165}% 2559
\BOOKMARK [2][-]{subsection.165.1.1}{\376\377\0003\0007\0000\000.\0001\000\040\121\161\137\142\123\330\143\142\116\016\121\161\137\142\177\244}{section.165.1}% 2560
\BOOKMARK [2][-]{subsection.165.1.2}{\376\377\0003\0007\0000\000.\0002\000\040\000V\000i\000r\000a\000s\000o\000r\000o\116\343\145\160\116\016\230\166\160\271\173\227\133\120\116\343\145\160}{section.165.1}% 2561
\BOOKMARK [2][-]{subsection.165.1.3}{\376\377\0003\0007\0000\000.\0003\000\040\116\055\137\303\203\167\060\001\000V\000e\000r\000m\000a\152\041\116\016\000K\000a\000c\210\114\122\027\137\017}{section.165.1}% 2562
\BOOKMARK [2][-]{subsection.165.1.4}{\376\377\0003\0007\0000\000.\0004\000\040\000W\000Z\000W\152\041\127\213\116\016\000K\000a\000c\000-\000M\000o\000o\000d\000y\116\343\145\160}{section.165.1}% 2563
\BOOKMARK [1][-]{section.165.2}{\376\377\173\054\0004\0005\0007\172\340\377\032\123\357\171\357\174\373\176\337\116\016\123\357\211\343\152\041\127\213}{chapter.165}% 2564
\BOOKMARK [2][-]{subsection.165.2.1}{\376\377\0003\0007\0001\000.\0001\000\040\000L\000a\000x\133\371\137\142\137\017\123\026\116\016\000H\000i\000r\000o\000t\000a\145\271\154\325}{section.165.2}% 2565
\BOOKMARK [2][-]{subsection.165.2.2}{\376\377\0003\0007\0001\000.\0002\000\040\000K\000d\000V\145\271\172\013\116\016\000S\000a\000t\000o\164\006\213\272}{section.165.2}% 2566
\BOOKMARK [2][-]{subsection.165.2.3}{\376\377\0003\0007\0001\000.\0003\000\040\123\315\145\143\134\004\145\271\154\325}{section.165.2}% 2567
\BOOKMARK [2][-]{subsection.165.2.4}{\376\377\0003\0007\0001\000.\0004\000\040\123\357\171\357\174\373\176\337\166\204\116\343\145\160\176\323\147\204}{section.165.2}% 2568
\BOOKMARK [1][-]{section.165.3}{\376\377\173\054\0004\0005\0008\172\340\377\032\000K\000d\000V\145\271\172\013\116\016\000L\000a\000x\133\371\210\150\171\072}{chapter.165}% 2569
\BOOKMARK [2][-]{subsection.165.3.1}{\376\377\0003\0007\0002\000.\000x\000\040\000K\000d\000V\145\271\172\013\166\204\123\315\145\143\134\004\123\330\143\142\377\010\000I\000S\000T\377\011\133\214\145\164\164\006\213\272}{section.165.3}% 2570
\BOOKMARK [2][-]{subsection.165.3.2}{\376\377\0003\0007\0002\000.\000y\000\040\000L\000a\000x\145\271\172\013\116\016\145\340\172\167\131\032\133\210\140\122\221\317}{section.165.3}% 2571
\BOOKMARK [1][-]{section.165.4}{\376\377\173\054\0004\0005\0009\172\340\377\032\000H\000i\000r\000o\000t\000a\123\314\176\277\140\047\145\271\154\325\116\016\131\032\133\144\133\120\211\343}{chapter.165}% 2572
\BOOKMARK [2][-]{subsection.165.4.1}{\376\377\0003\0007\0003\000.\000x\000\040\000H\000i\000r\000o\000t\000a\000\040\000D\000-\173\227\133\120\116\016\123\314\176\277\140\047\140\122\173\111\137\017}{section.165.4}% 2573
\BOOKMARK [2][-]{subsection.165.4.2}{\376\377\0003\0007\0003\000.\000y\000\040\000N\000-\133\144\133\120\211\343\166\204\146\076\137\017\147\204\220\040\116\016\166\370\116\222\117\134\165\050}{section.165.4}% 2574
\BOOKMARK [0][-]{chapter.166}{\376\377\0001\0003\000-\145\160\133\146\162\151\164\006\000/\145\160\133\146\162\151\164\006\000/\0000\0006\000-\221\315\153\143\123\026\116\016\000V\000l\000a\000s\000o\000v\000.\000m\000d}{}% 2575
\BOOKMARK [1][-]{section.166.1}{\376\377\173\054\0004\0006\0000\172\340\377\032\221\315\153\143\123\026\177\244\116\016\221\315\153\143\123\026\164\006\213\272}{chapter.166}% 2576
\BOOKMARK [2][-]{subsection.166.1.1}{\376\377\0003\0007\0002\000.\0001\000\040\221\315\153\143\123\026\166\204\162\151\164\006\122\250\147\072\116\016\153\143\211\304\123\026}{section.166.1}% 2577
\BOOKMARK [2][-]{subsection.166.1.2}{\376\377\0003\0007\0002\000.\0002\000\040\000B\000P\000H\000Z\221\315\153\143\123\026\145\271\150\110}{section.166.1}% 2578
\BOOKMARK [2][-]{subsection.166.1.3}{\376\377\0003\0007\0002\000.\0003\000\040\000C\000a\000l\000l\000a\000n\000-\000S\000y\000m\000a\000n\000z\000i\000k\145\271\172\013\116\016\000\134\000b\000e\000t\000a\000-\121\375\145\160}{section.166.1}% 2579
\BOOKMARK [2][-]{subsection.166.1.4}{\376\377\0003\0007\0002\000.\0004\000\040\000W\000i\000l\000s\000o\000n\221\315\153\143\123\026\177\244\155\101}{section.166.1}% 2580
\BOOKMARK [1][-]{section.166.2}{\376\377\173\054\0004\0006\0001\172\340\377\032\000V\000l\000a\000s\000o\000v\145\271\172\013\166\204\145\160\133\146\164\006\213\272}{chapter.166}% 2581
\BOOKMARK [2][-]{subsection.166.2.1}{\376\377\0003\0007\0003\000.\0001\000\040\000V\000l\000a\000s\000o\000v\145\271\172\013\116\016\000V\000l\000a\000s\000o\000v\000-\000P\000o\000i\000s\000s\000o\000n\174\373\176\337}{section.166.2}% 2582
\BOOKMARK [2][-]{subsection.166.2.2}{\376\377\0003\0007\0003\000.\0002\000\040\137\061\211\343\166\204\133\130\127\050\140\047\377\032\000D\000i\000P\000e\000r\000n\000a\000-\000L\000i\000o\000n\000s\164\006\213\272}{section.166.2}% 2583
\BOOKMARK [2][-]{subsection.166.2.3}{\376\377\0003\0007\0003\000.\0003\000\040\000L\000a\000n\000d\000a\000u\226\073\134\074\166\204\176\277\140\047\164\006\213\272}{section.166.2}% 2584
\BOOKMARK [2][-]{subsection.166.2.4}{\376\377\0003\0007\0003\000.\0004\000\040\137\025\122\233\000V\000l\000a\000s\000o\000v\000-\000P\000o\000i\000s\000s\000o\000n\174\373\176\337\116\016\172\063\133\232\140\047}{section.166.2}% 2585
\BOOKMARK [0][-]{chapter.167}{\376\377\0001\0003\000-\145\160\133\146\162\151\164\006\000/\145\160\133\146\162\151\164\006\000/\0000\0007\000-\221\317\133\120\117\341\140\157\000.\000m\000d}{}% 2586
\BOOKMARK [1][-]{section.167.1}{\376\377\173\054\0004\0006\0002\172\340\377\032\221\317\133\120\122\233\133\146\166\204\117\341\140\157\213\272\121\154\164\006}{chapter.167}% 2587
\BOOKMARK [2][-]{subsection.167.1.1}{\376\377\0002\0006\0002\000.\0001\000\040\221\317\133\120\140\001\116\016\133\306\136\246\167\351\226\065}{section.167.1}% 2588
\BOOKMARK [2][-]{subsection.167.1.2}{\376\377\0002\0006\0002\000.\0002\000\040\221\317\133\120\155\113\221\317}{section.167.1}% 2589
\BOOKMARK [2][-]{subsection.167.1.3}{\376\377\0002\0006\0002\000.\0003\000\040\221\317\133\120\153\324\162\171\116\016\000\040\000B\000l\000o\000c\000h\000\040\164\003}{section.167.1}% 2590
\BOOKMARK [2][-]{subsection.167.1.4}{\376\377\0002\0006\0002\000.\0004\000\040\221\317\133\120\226\220\137\142\117\040\140\001\166\204\116\343\145\160\176\323\147\204}{section.167.1}% 2591
\BOOKMARK [1][-]{section.167.2}{\376\377\173\054\0004\0006\0003\172\340\377\032\221\317\133\120\176\240\177\040}{chapter.167}% 2592
\BOOKMARK [2][-]{subsection.167.2.1}{\376\377\0002\0006\0003\000.\0001\000\040\176\240\177\040\166\204\133\232\116\111\116\016\122\044\133\232}{section.167.2}% 2593
\BOOKMARK [2][-]{subsection.167.2.2}{\376\377\0002\0006\0003\000.\0002\000\040\176\240\177\040\136\246\221\317}{section.167.2}% 2594
\BOOKMARK [2][-]{subsection.167.2.3}{\376\377\0002\0006\0003\000.\0003\000\040\000B\000e\000l\000l\000\040\116\015\173\111\137\017\116\016\227\136\134\100\127\337\140\047}{section.167.2}% 2595
\BOOKMARK [1][-]{section.167.3}{\376\377\173\054\0004\0006\0004\172\340\377\032\221\317\133\120\117\341\220\123\116\016\221\317\133\120\133\271\221\317}{chapter.167}% 2596
\BOOKMARK [2][-]{subsection.167.3.1}{\376\377\0002\0006\0004\000.\0001\000\040\221\317\133\120\117\341\220\123}{section.167.3}% 2597
\BOOKMARK [2][-]{subsection.167.3.2}{\376\377\0002\0006\0004\000.\0002\000\040\121\170\127\213\221\317\133\120\117\341\220\123}{section.167.3}% 2598
\BOOKMARK [2][-]{subsection.167.3.3}{\376\377\0002\0006\0004\000.\0003\000\040\221\317\133\120\117\341\220\123\133\271\221\317}{section.167.3}% 2599
\BOOKMARK [1][-]{section.167.4}{\376\377\173\054\0004\0006\0005\172\340\377\032\221\317\133\120\173\227\154\325}{chapter.167}% 2600
\BOOKMARK [2][-]{subsection.167.4.1}{\376\377\0002\0006\0005\000.\0001\000\040\221\317\133\120\213\241\173\227\152\041\127\213}{section.167.4}% 2601
\BOOKMARK [2][-]{subsection.167.4.2}{\376\377\0002\0006\0005\000.\0002\000\040\000S\000h\000o\000r\000\040\173\227\154\325\116\016\000\040\000G\000r\000o\000v\000e\000r\000\040\173\227\154\325}{section.167.4}% 2602
\BOOKMARK [2][-]{subsection.167.4.3}{\376\377\0002\0006\0005\000.\0003\000\040\221\317\133\120\131\015\147\102\140\047\174\173}{section.167.4}% 2603
\BOOKMARK [2][-]{subsection.167.4.4}{\376\377\221\317\133\120\117\341\140\157\213\272\166\204\122\115\154\277\116\016\134\125\147\033}{section.167.4}% 2604
\BOOKMARK [1][-]{section.167.5}{\376\377\173\054\0004\0006\0006\172\340\377\032\221\317\133\120\176\240\225\031\116\016\133\271\225\031\221\317\133\120\213\241\173\227}{chapter.167}% 2605
\BOOKMARK [2][-]{subsection.167.5.1}{\376\377\0002\0006\0006\000.\0001\000\040\221\317\133\120\176\240\225\031\123\237\164\006}{section.167.5}% 2606
\BOOKMARK [2][-]{subsection.167.5.2}{\376\377\0002\0006\0006\000.\0002\000\040\210\150\227\142\170\001\116\016\133\271\225\031\226\010\120\074}{section.167.5}% 2607
\BOOKMARK [2][-]{subsection.167.5.3}{\376\377\0002\0006\0006\000.\0003\000\040\142\323\142\121\221\317\133\120\213\241\173\227}{section.167.5}% 2608
\BOOKMARK [0][-]{chapter.168}{\376\377\0001\0003\000-\145\160\133\146\162\151\164\006\000/\145\160\133\146\162\151\164\006\000/\0000\0008\000-\137\071\140\047\122\233\133\146\145\160\133\146\164\006\213\272\000.\000m\000d}{}% 2609
\BOOKMARK [0][-]{chapter.169}{\376\377\137\071\140\047\122\233\133\146\166\204\145\160\133\146\164\006\213\272}{}% 2610
\BOOKMARK [1][-]{section.169.1}{\376\377\173\054\0004\0006\0007\172\340\377\032\176\277\140\047\137\071\140\047\164\006\213\272}{chapter.169}% 2611
\BOOKMARK [2][-]{subsection.169.1.1}{\376\377\136\224\123\330\116\016\136\224\122\233\166\204\137\040\221\317\210\150\171\072}{section.169.1}% 2612
\BOOKMARK [2][-]{subsection.169.1.2}{\376\377\136\177\116\111\000H\000o\000o\000k\000e\133\232\137\213\116\016\124\004\124\021\137\002\140\047\137\071\140\047}{section.169.1}% 2613
\BOOKMARK [2][-]{subsection.169.1.3}{\376\377\137\071\140\047\227\131\122\233\133\146\166\204\217\271\120\074\225\356\230\230}{section.169.1}% 2614
\BOOKMARK [2][-]{subsection.169.1.4}{\376\377\137\071\140\047\122\250\122\233\133\146\166\204\154\342\122\250\145\271\172\013}{section.169.1}% 2615
\BOOKMARK [2][-]{subsection.169.1.5}{\376\377\137\071\140\047\122\233\133\146\166\204\123\330\122\006\137\142\137\017}{section.169.1}% 2616
\BOOKMARK [1][-]{section.169.2}{\376\377\173\054\0004\0006\0008\172\340\377\032\227\136\176\277\140\047\137\071\140\047\116\016\137\071\130\121\140\047}{chapter.169}% 2617
\BOOKMARK [2][-]{subsection.169.2.1}{\376\377\147\011\226\120\123\330\137\142\164\006\213\272}{section.169.2}% 2618
\BOOKMARK [2][-]{subsection.169.2.2}{\376\377\215\205\137\071\140\047\147\120\145\231\166\204\147\054\147\204\121\163\174\373}{section.169.2}% 2619
\BOOKMARK [2][-]{subsection.169.2.3}{\376\377\000B\000a\000l\000l\166\204\133\130\127\050\140\047\164\006\213\272}{section.169.2}% 2620
\BOOKMARK [2][-]{subsection.169.2.4}{\376\377\137\071\130\121\140\047\164\006\213\272}{section.169.2}% 2621
\BOOKMARK [0][-]{chapter.170}{\376\377\0001\0003\000-\145\160\133\146\162\151\164\006\000/\145\160\133\146\162\151\164\006\000/\0000\0009\000-\145\160\133\146\165\037\162\151\133\146\133\374\213\272\000.\000m\000d}{}% 2622
\BOOKMARK [0][-]{chapter.171}{\376\377\145\160\133\146\165\037\162\151\133\146\133\374\213\272}{}% 2623
\BOOKMARK [1][-]{section.171.1}{\376\377\173\054\0004\0006\0009\172\340\377\032\171\315\177\244\122\250\122\233\133\146\116\016\165\037\140\001\152\041\127\213}{chapter.171}% 2624
\BOOKMARK [2][-]{subsection.171.1.1}{\376\377\000M\000a\000l\000t\000h\000u\000s\116\016\000L\000o\000g\000i\000s\000t\000i\000c\152\041\127\213\166\204\133\214\145\164\145\160\133\146\122\006\147\220}{section.171.1}% 2625
\BOOKMARK [2][-]{subsection.171.1.2}{\376\377\000L\000o\000t\000k\000a\000-\000V\000o\000l\000t\000e\000r\000r\000a\143\125\230\337\000-\210\253\143\125\230\337\152\041\127\213}{section.171.1}% 2626
\BOOKMARK [2][-]{subsection.171.1.3}{\376\377\172\336\116\211\152\041\127\213\116\016\121\161\133\130\147\141\116\366}{section.171.1}% 2627
\BOOKMARK [2][-]{subsection.171.1.4}{\376\377\117\040\147\323\165\305\152\041\127\213}{section.171.1}% 2628
\BOOKMARK [2][-]{subsection.171.1.5}{\376\377\136\164\237\204\176\323\147\204\116\016\145\366\156\336\152\041\127\213}{section.171.1}% 2629
\BOOKMARK [1][-]{section.171.2}{\376\377\173\054\0004\0007\0000\172\340\377\032\137\142\140\001\123\321\165\037\116\016\123\026\133\146\123\315\136\224}{chapter.171}% 2630
\BOOKMARK [2][-]{subsection.171.2.1}{\376\377\000T\000u\000r\000i\000n\000g\116\015\172\063\133\232\140\047\116\016\145\221\126\376\137\142\142\020\166\204\145\160\133\146\147\072\122\066}{section.171.2}% 2631
\BOOKMARK [2][-]{subsection.171.2.2}{\376\377\123\026\133\146\123\315\136\224\166\204\145\160\133\146\136\372\152\041}{section.171.2}% 2632
\BOOKMARK [2][-]{subsection.171.2.3}{\376\377\171\136\176\317\121\103\122\250\122\233\133\146}{section.171.2}% 2633
\BOOKMARK [2][-]{subsection.171.2.4}{\376\377\137\142\140\001\123\321\165\037\166\204\217\336\176\355\116\313\215\050\152\041\127\213}{section.171.2}% 2634
\BOOKMARK [1][-]{section.171.3}{\376\377\173\054\0004\0007\0001\172\340\377\032\217\333\123\026\122\250\122\233\133\146\116\016\174\373\176\337\165\037\162\151\133\146}{chapter.171}% 2635
\BOOKMARK [2][-]{subsection.171.3.1}{\376\377\177\244\117\123\220\127\117\040\133\146\166\204\145\160\133\146\127\372\170\100}{section.171.3}% 2636
\BOOKMARK [2][-]{subsection.171.3.2}{\376\377\131\015\122\066\200\005\145\271\172\013\116\016\217\333\123\026\172\063\133\232\173\126\165\145}{section.171.3}% 2637
\BOOKMARK [2][-]{subsection.171.3.3}{\376\377\127\372\126\340\214\003\143\247\177\121\176\334\166\204\145\160\133\146\152\041\127\213}{section.171.3}% 2638
\BOOKMARK [2][-]{subsection.171.3.4}{\376\377\174\373\176\337\165\037\162\151\133\146\116\055\166\204\177\121\176\334\122\006\147\220}{section.171.3}% 2639
\BOOKMARK [0][-]{chapter.172}{\376\377\0001\0003\000-\145\160\133\146\162\151\164\006\000/\145\160\133\146\162\151\164\006\000/\0001\0000\000-\155\101\117\123\122\233\133\146\145\160\133\146\164\006\213\272\000.\000m\000d}{}% 2640
\BOOKMARK [0][-]{chapter.173}{\376\377\155\101\117\123\122\233\133\146\145\160\133\146\164\006\213\272}{}% 2641
\BOOKMARK [1][-]{section.173.1}{\376\377\173\054\0004\0007\0002\172\340\377\032\155\101\117\123\122\233\133\146\127\372\147\054\145\271\172\013}{chapter.173}% 2642
\BOOKMARK [2][-]{subsection.173.1.1}{\376\377\000x\000.\0001\000\040\155\101\117\123\217\320\122\250\166\204\217\320\122\250\133\146\143\317\217\360}{section.173.1}% 2643
\BOOKMARK [2][-]{subsection.173.1.2}{\376\377\000x\000.\0002\000\040\127\372\147\054\145\271\172\013\176\304\166\204\143\250\133\374}{section.173.1}% 2644
\BOOKMARK [2][-]{subsection.173.1.3}{\376\377\000x\000.\0003\000\040\155\241\221\317\145\271\172\013\116\016\000B\000e\000r\000n\000o\000u\000l\000l\000i\133\232\164\006}{section.173.1}% 2645
\BOOKMARK [2][-]{subsection.173.1.4}{\376\377\000x\000.\0004\000\040\133\210\140\122\137\213\116\016\137\061\211\343}{section.173.1}% 2646
\BOOKMARK [1][-]{section.173.2}{\376\377\173\054\0004\0007\0003\172\340\377\032\000N\000a\000v\000i\000e\000r\000-\000S\000t\000o\000k\000e\000s\145\271\172\013\211\343\166\204\133\130\127\050\140\047\164\006\213\272}{chapter.173}% 2647
\BOOKMARK [2][-]{subsection.173.2.1}{\376\377\000x\000+\0001\000.\0001\000\040\000L\000e\000r\000a\000y\000-\000H\000o\000p\000f\137\061\211\343\166\204\133\130\127\050\140\047}{section.173.2}% 2648
\BOOKMARK [2][-]{subsection.173.2.2}{\376\377\000x\000+\0001\000.\0002\000\040\200\375\221\317\173\111\137\017\116\016\137\061\000-\137\072\125\057\116\000\140\047}{section.173.2}% 2649
\BOOKMARK [2][-]{subsection.173.2.3}{\376\377\000x\000+\0001\000.\0003\000\040\000S\000e\000r\000r\000i\000n\153\143\122\031\140\047\121\306\122\031\116\016\121\111\156\321\211\343\166\204\137\000\225\356\230\230}{section.173.2}% 2650
\BOOKMARK [1][-]{section.173.3}{\376\377\173\054\0004\0007\0004\172\340\377\032\156\115\155\101\116\016\176\337\213\241\164\006\213\272}{chapter.173}% 2651
\BOOKMARK [2][-]{subsection.173.3.1}{\376\377\000x\000+\0002\000.\0001\000\040\000K\000o\000l\000m\000o\000g\000o\000r\000o\000v\000\040\0001\0009\0004\0001\164\006\213\272}{section.173.3}% 2652
\BOOKMARK [2][-]{subsection.173.3.2}{\376\377\000x\000+\0002\000.\0002\000\040\000K\000o\000l\000m\000o\000g\000o\000r\000o\000v\000\040\0004\000/\0005\137\213\166\204\133\214\145\164\213\301\146\016}{section.173.3}% 2653
\BOOKMARK [2][-]{subsection.173.3.3}{\376\377\000x\000+\0002\000.\0003\000\040\225\364\153\107\140\047\116\016\000O\000n\000s\000a\000g\000e\000r\163\034\140\363}{section.173.3}% 2654
\BOOKMARK [2][-]{subsection.173.3.4}{\376\377\000x\000+\0002\000.\0004\000\040\156\115\155\101\166\204\130\363\152\041\127\213\116\016\176\247\116\062\164\006\213\272}{section.173.3}% 2655
\BOOKMARK [0][-]{chapter.174}{\376\377\0001\0003\000-\145\160\133\146\162\151\164\006\000/\145\160\133\146\162\151\164\006\000/\0001\0001\000-\165\065\170\301\133\146\116\016\176\317\121\170\127\072\213\272\000.\000m\000d}{}% 2656
\BOOKMARK [0][-]{chapter.175}{\376\377\165\065\170\301\133\146\116\016\176\317\121\170\127\072\213\272}{}% 2657
\BOOKMARK [1][-]{section.175.1}{\376\377\173\054\0004\0007\0005\172\340\377\032\000M\000a\000x\000w\000e\000l\000l\145\271\172\013\116\016\211\304\203\003\127\072}{chapter.175}% 2658
\BOOKMARK [2][-]{subsection.175.1.1}{\376\377\000x\000.\0001\000\040\167\037\172\172\000M\000a\000x\000w\000e\000l\000l\145\271\172\013}{section.175.1}% 2659
\BOOKMARK [2][-]{subsection.175.1.2}{\376\377\000x\000.\0002\000\040\165\065\170\301\122\277\116\016\211\304\203\003\123\330\143\142}{section.175.1}% 2660
\BOOKMARK [2][-]{subsection.175.1.3}{\376\377\000x\000.\0003\000\040\211\304\203\003\126\372\133\232\116\016\154\342\122\250\145\271\172\013}{section.175.1}% 2661
\BOOKMARK [2][-]{subsection.175.1.4}{\376\377\000x\000.\0004\000\040\000P\000o\000y\000n\000t\000i\000n\000g\133\232\164\006}{section.175.1}% 2662
\BOOKMARK [1][-]{section.175.2}{\376\377\173\054\0004\0007\0006\172\340\377\032\165\065\170\301\154\342\116\016\145\143\134\004}{chapter.175}% 2663
\BOOKMARK [2][-]{subsection.175.2.1}{\376\377\000x\000+\0001\000.\0001\000\040\000H\000e\000l\000m\000h\000o\000l\000t\000z\145\271\172\013}{section.175.2}% 2664
\BOOKMARK [2][-]{subsection.175.2.2}{\376\377\000x\000+\0001\000.\0002\000\040\136\163\227\142\154\342\116\016\164\003\227\142\154\342\134\125\137\000}{section.175.2}% 2665
\BOOKMARK [2][-]{subsection.175.2.3}{\376\377\000x\000+\0001\000.\0003\000\040\000M\000i\000e\145\143\134\004\164\006\213\272}{section.175.2}% 2666
\BOOKMARK [2][-]{subsection.175.2.4}{\376\377\000x\000+\0001\000.\0004\000\040\000S\000o\000m\000m\000e\000r\000f\000e\000l\000d\217\220\134\004\147\141\116\366\116\016\000K\000i\000r\000c\000h\000h\000o\000f\000f\210\115\134\004\164\006\213\272}{section.175.2}% 2667
\BOOKMARK [1][-]{section.175.3}{\376\377\173\054\0004\0007\0007\172\340\377\032\176\244\176\364\116\033\116\016\211\304\203\003\127\072\213\272}{chapter.175}% 2668
\BOOKMARK [2][-]{subsection.175.3.1}{\376\377\000x\000+\0002\000.\0001\000\040\000Y\000a\000n\000g\000-\000M\000i\000l\000l\000s\164\006\213\272\127\372\147\054\147\204\220\040}{section.175.3}% 2669
\BOOKMARK [2][-]{subsection.175.3.2}{\376\377\000x\000+\0002\000.\0002\000\040\000G\000r\000i\000b\000o\000v\153\147\116\111}{section.175.3}% 2670
\BOOKMARK [2][-]{subsection.175.3.3}{\376\377\000x\000+\0002\000.\0003\000\040\000I\000n\000s\000t\000a\000n\000t\000o\000n\116\016\143\007\150\007\133\232\164\006}{section.175.3}% 2671
\BOOKMARK [2][-]{subsection.175.3.4}{\376\377\000x\000+\0002\000.\0004\000\040\142\323\142\121\221\317\133\120\127\072\213\272\116\016\000C\000h\000e\000r\000n\000-\000S\000i\000m\000o\000n\000s\164\006\213\272}{section.175.3}% 2672
\BOOKMARK [0][-]{chapter.176}{\376\377\0001\0003\000-\145\160\133\146\162\151\164\006\000/\145\160\133\146\162\151\164\006\000/\0001\0002\000-\160\355\122\233\133\146\145\160\133\146\164\006\213\272\000.\000m\000d}{}% 2673
\BOOKMARK [0][-]{chapter.177}{\376\377\160\355\122\233\133\146\145\160\133\146\164\006\213\272}{}% 2674
\BOOKMARK [1][-]{section.177.1}{\376\377\173\054\0004\0007\0008\172\340\377\032\160\355\122\233\133\146\121\154\164\006\123\026}{chapter.177}% 2675
\BOOKMARK [2][-]{subsection.177.1.1}{\376\377\000x\000.\0001\000\040\000P\000f\000a\000f\000f\137\142\137\017\116\016\116\015\123\357\217\276\162\266\140\001}{section.177.1}% 2676
\BOOKMARK [2][-]{subsection.177.1.2}{\376\377\000x\000.\0002\000\040\000G\000i\000b\000b\000s\160\355\122\233\133\146\127\372\147\054\145\271\172\013}{section.177.1}% 2677
\BOOKMARK [2][-]{subsection.177.1.3}{\376\377\000x\000.\0003\000\040\000L\000e\000g\000e\000n\000d\000r\000e\123\330\143\142\116\016\160\355\122\233\133\146\122\277}{section.177.1}% 2678
\BOOKMARK [1][-]{section.177.2}{\376\377\173\054\0004\0007\0009\172\340\377\032\160\355\117\040\133\374\116\016\142\151\145\143\145\271\172\013}{chapter.177}% 2679
\BOOKMARK [2][-]{subsection.177.2.1}{\376\377\000x\000+\0001\000.\0001\000\040\000F\000o\000u\000r\000i\000e\000r\160\355\117\040\133\374\133\232\137\213\116\016\160\355\145\271\172\013}{section.177.2}% 2680
\BOOKMARK [2][-]{subsection.177.2.2}{\376\377\000x\000+\0001\000.\0002\000\040\147\000\131\047\152\041\123\237\164\006}{section.177.2}% 2681
\BOOKMARK [2][-]{subsection.177.2.3}{\376\377\000x\000+\0001\000.\0003\000\040\160\355\150\070\116\016\127\372\147\054\211\343}{section.177.2}% 2682
\BOOKMARK [2][-]{subsection.177.2.4}{\376\377\000x\000+\0001\000.\0004\000\040\000W\000e\000y\000l\156\020\217\321\133\232\164\006}{section.177.2}% 2683
\BOOKMARK [2][-]{subsection.177.2.5}{\376\377\000x\000+\0001\000.\0005\000\040\160\355\145\271\172\013\166\204\153\143\122\031\123\026\145\110\136\224}{section.177.2}% 2684
\BOOKMARK [1][-]{section.177.3}{\376\377\173\054\0004\0008\0000\172\340\377\032\166\370\123\330\116\016\116\064\165\114\163\260\214\141\166\204\145\160\133\146\164\006\213\272}{chapter.177}% 2685
\BOOKMARK [2][-]{subsection.177.3.1}{\376\377\000x\000+\0002\000.\0001\000\040\136\217\123\302\221\317\116\016\000L\000a\000n\000d\000a\000u\164\006\213\272}{section.177.3}% 2686
\BOOKMARK [2][-]{subsection.177.3.2}{\376\377\000x\000+\0002\000.\0002\000\040\000I\000s\000i\000n\000g\152\041\127\213}{section.177.3}% 2687
\BOOKMARK [2][-]{subsection.177.3.3}{\376\377\000x\000+\0002\000.\0003\000\040\136\163\127\107\127\072\164\006\213\272}{section.177.3}% 2688
\BOOKMARK [2][-]{subsection.177.3.4}{\376\377\000x\000+\0002\000.\0004\000\040\221\315\145\164\123\026\177\244\127\372\170\100}{section.177.3}% 2689
\BOOKMARK [2][-]{subsection.177.3.5}{\376\377\000x\000+\0002\000.\0005\000\040\000L\000e\000e\000-\000Y\000a\000n\000g\127\006\133\232\164\006}{section.177.3}% 2690
\BOOKMARK [2][-]{subsection.177.3.6}{\376\377\000x\000+\0002\000.\0006\000\040\116\064\165\114\143\007\145\160\166\204\146\156\220\002\140\047\116\016\150\007\136\246\121\163\174\373}{section.177.3}% 2691
\BOOKMARK [2][-]{subsection.177.3.7}{\376\377\000x\000+\0002\000.\0007\000\040\121\161\137\142\127\072\213\272\116\016\116\064\165\114\163\260\214\141}{section.177.3}% 2692
\BOOKMARK [2][-]{subsection.177.3.8}{\376\377\000x\000+\0002\000.\0008\000\040\227\136\136\163\210\141\140\001\160\355\122\233\133\146\116\055\166\204\161\265\116\247\165\037\123\237\164\006}{section.177.3}% 2693
\BOOKMARK [2][-]{subsection.177.3.9}{\376\377\000x\000+\0002\000.\0009\000\040\000O\000n\000s\000a\000g\000e\000r\120\022\146\023\121\163\174\373\166\204\176\337\213\241\122\233\133\146\127\372\170\100}{section.177.3}% 2694
\BOOKMARK [2][-]{subsection.177.3.10}{\376\377\000x\000+\0002\000.\0001\0000\000\040\160\355\122\233\133\146\173\054\116\011\133\232\137\213\166\204\145\160\133\146\210\150\217\360}{section.177.3}% 2695
\BOOKMARK [0][-]{chapter.178}{\376\377\0001\0003\000-\145\160\133\146\162\151\164\006\000/\145\160\133\146\162\151\164\006\000/\0001\0003\000-\131\051\117\123\122\233\133\146\145\160\133\146\164\006\213\272\000.\000m\000d}{}% 2696
\BOOKMARK [0][-]{chapter.179}{\376\377\131\051\117\123\122\233\133\146\145\160\133\146\164\006\213\272}{}% 2697
\BOOKMARK [1][-]{section.179.1}{\376\377\173\054\0004\0008\0001\172\340\377\032\000N\117\123\225\356\230\230}{chapter.179}% 2698
\BOOKMARK [2][-]{subsection.179.1.1}{\376\377\000x\000.\0001\000\040\000N\117\123\225\356\230\230\166\204\116\015\123\357\171\357\140\047}{section.179.1}% 2699
\BOOKMARK [2][-]{subsection.179.1.2}{\376\377\000x\000.\0002\000\040\000J\000a\000c\000o\000b\000i\127\120\150\007\116\016\215\050\137\303\137\122\176\246}{section.179.1}% 2700
\BOOKMARK [2][-]{subsection.179.1.3}{\376\377\000x\000.\0003\000\040\116\055\137\303\147\204\127\213\116\016\140\073\170\260\144\236}{section.179.1}% 2701
\BOOKMARK [2][-]{subsection.179.1.4}{\376\377\000x\000.\0004\000\040\000S\000u\000n\000d\000m\000a\000n\176\247\145\160\211\343}{section.179.1}% 2702
\BOOKMARK [1][-]{section.179.2}{\376\377\173\054\0004\0008\0002\172\340\377\032\144\104\122\250\164\006\213\272\116\016\000K\000A\000M\172\063\133\232\140\047}{chapter.179}% 2703
\BOOKMARK [2][-]{subsection.179.2.1}{\376\377\000x\000+\0001\000.\0001\000\040\136\163\127\107\123\026\145\271\154\325}{section.179.2}% 2704
\BOOKMARK [2][-]{subsection.179.2.2}{\376\377\000x\000+\0001\000.\0002\000\040\000L\000i\000n\000d\000s\000t\000e\000d\000t\000-\000P\000o\000i\000n\000c\000a\000r\000\351\145\271\154\325}{section.179.2}% 2705
\BOOKMARK [2][-]{subsection.179.2.3}{\376\377\000x\000+\0001\000.\0003\000\040\000K\000A\000M\164\006\213\272\127\050\131\051\117\123\122\233\133\146\116\055\166\204\136\224\165\050}{section.179.2}% 2706
\BOOKMARK [2][-]{subsection.179.2.4}{\376\377\000x\000+\0001\000.\0004\000\040\131\052\226\063\174\373\166\204\225\177\147\037\172\063\133\232\140\047}{section.179.2}% 2707
\BOOKMARK [1][-]{section.179.3}{\376\377\173\054\0004\0008\0003\172\340\377\032\217\150\220\123\122\233\133\146\116\016\166\370\133\371\213\272\131\051\117\123\162\151\164\006}{chapter.179}% 2708
\BOOKMARK [2][-]{subsection.179.3.1}{\376\377\000x\000+\0002\000.\0001\000\040\000L\000a\000g\000r\000a\000n\000g\000e\210\114\146\037\145\271\172\013}{section.179.3}% 2709
\BOOKMARK [2][-]{subsection.179.3.2}{\376\377\000x\000+\0002\000.\0002\000\040\000H\000i\000l\000l\145\271\172\013\166\204\000F\000l\000o\000q\000u\000e\000t\164\006\213\272}{section.179.3}% 2710
\BOOKMARK [2][-]{subsection.179.3.3}{\376\377\000x\000+\0002\000.\0003\000\040\000H\000\351\000n\000o\000n\000-\000H\000e\000i\000l\000e\000s\174\373\176\337\166\204\155\367\154\214}{section.179.3}% 2711
\BOOKMARK [2][-]{subsection.179.3.4}{\376\377\000x\000+\0002\000.\0004\000\040\000S\000c\000h\000w\000a\000r\000z\000s\000c\000h\000i\000l\000d\145\366\172\172\116\055\166\204\217\150\220\123}{section.179.3}% 2712
\BOOKMARK [2][-]{subsection.179.3.5}{\376\377\000x\000+\0002\000.\0005\000\040\124\016\000N\000e\000w\000t\000o\000n\217\321\117\074}{section.179.3}% 2713
\BOOKMARK [2][-]{subsection.179.3.6}{\376\377\000x\000+\0002\000.\0006\000\040\137\025\122\233\154\342\217\150\220\123\166\204\000P\000e\000t\000e\000r\000s\000-\000M\000a\000t\000h\000e\000w\000s\121\154\137\017}{section.179.3}% 2714
\BOOKMARK [0][-]{chapter.180}{\376\377\0001\0003\000-\145\160\133\146\162\151\164\006\000/\145\160\133\146\162\151\164\006\000/\0001\0004\000-\127\060\164\003\162\151\164\006\133\146\145\160\133\146\164\006\213\272\000.\000m\000d}{}% 2715
\BOOKMARK [0][-]{chapter.181}{\376\377\127\060\164\003\162\151\164\006\133\146\145\160\133\146\164\006\213\272}{}% 2716
\BOOKMARK [1][-]{section.181.1}{\376\377\173\054\0004\0008\0004\172\340\377\032\127\060\227\007\154\342\117\040\144\255\116\016\134\102\147\220\142\020\120\317}{chapter.181}% 2717
\BOOKMARK [2][-]{subsection.181.1.1}{\376\377\000x\000.\0001\000\040\137\071\140\047\154\342\145\271\172\013}{section.181.1}% 2718
\BOOKMARK [2][-]{subsection.181.1.2}{\376\377\000x\000.\0002\000\040\134\004\176\277\164\006\213\272\116\016\000W\000K\000B\000J\217\321\117\074}{section.181.1}% 2719
\BOOKMARK [2][-]{subsection.181.1.3}{\376\377\000x\000.\0003\000\040\000B\000o\000r\000n\217\321\117\074\116\016\121\150\154\342\137\142\123\315\157\024}{section.181.1}% 2720
\BOOKMARK [2][-]{subsection.181.1.4}{\376\377\000x\000.\0004\000\040\215\160\145\366\134\102\147\220\142\020\120\317\116\016\000R\000a\000d\000o\000n\123\330\143\142}{section.181.1}% 2721
\BOOKMARK [1][-]{section.181.2}{\376\377\173\054\0004\0008\0005\172\340\377\032\127\060\136\124\133\371\155\101\116\016\127\060\164\003\122\250\122\233\133\146}{chapter.181}% 2722
\BOOKMARK [2][-]{subsection.181.2.1}{\376\377\000x\000+\0001\000.\0001\000\040\000R\000a\000y\000l\000e\000i\000g\000h\000-\000B\000\351\000n\000a\000r\000d\133\371\155\101}{section.181.2}% 2723
\BOOKMARK [2][-]{subsection.181.2.2}{\376\377\000x\000+\0001\000.\0002\000\040\127\060\136\124\133\371\155\101\166\204\000N\000a\000v\000i\000e\000r\000-\000S\000t\000o\000k\000e\000s\000-\000B\000o\000u\000s\000s\000i\000n\000e\000s\000q\217\321\117\074}{section.181.2}% 2724
\BOOKMARK [2][-]{subsection.181.2.3}{\376\377\000x\000+\0001\000.\0003\000\040\147\177\127\127\147\204\220\040\166\204\155\101\117\123\122\250\122\233\133\146\152\041\127\213}{section.181.2}% 2725
\BOOKMARK [2][-]{subsection.181.2.4}{\376\377\000x\000+\0001\000.\0004\000\040\121\260\124\016\126\336\137\071\116\016\127\060\136\124\174\230\136\246\166\204\123\315\157\024}{section.181.2}% 2726
\BOOKMARK [1][-]{section.181.3}{\376\377\173\054\0004\0008\0006\172\340\377\032\221\315\122\233\127\072\116\016\127\060\170\301\127\072\145\160\133\146\164\006\213\272}{chapter.181}% 2727
\BOOKMARK [2][-]{subsection.181.3.1}{\376\377\000x\000+\0002\000.\0001\000\040\137\025\122\233\117\115\166\204\164\003\214\020\134\125\137\000}{section.181.3}% 2728
\BOOKMARK [2][-]{subsection.181.3.2}{\376\377\000x\000+\0002\000.\0002\000\040\131\047\127\060\154\064\121\306\227\142\116\016\000S\000t\000o\000k\000e\000s\121\154\137\017}{section.181.3}% 2729
\BOOKMARK [2][-]{subsection.181.3.3}{\376\377\000x\000+\0002\000.\0003\000\040\127\060\170\301\123\321\165\065\147\072\164\006\213\272}{section.181.3}% 2730
